event_date,event_location,event_name,event_time,available_end_time,available_start_time
3/5/2019,88 Tully Road #112,Dentist appointment,10:00,,
3/13/2019,3111 Mission College Boulevard,Movie show,22:30,,
3/13/2019,,,,22:30,20:00
3/4/2019,1027 Airport Boulevard,Stylist appointment at Philgood Cuts,15:30,,
3/6/2019,235 West 46th Street,Westside Gunn concert,19:30,,
3/6/2019,,,,24:00:00,21:30
3/9/2019,2250 Hayes Street #302,Doctor appointment,11:00,,
3/9/2019,100 Potomac Avenue Southwest,Soccer game at Audi Field,19:00,,
3/9/2019,1374 West Peachtree Street Northwest,The Cinematic Orchestra concert,17:00,,
3/14/2019,1000 Vin Scully Ave,Baseball game,17:00,,
3/14/2019,"795 El Camino Real Clark Building, Level 2",Dermatologist appointment,16:00,,
3/14/2019,,,,16:00,8:00
3/10/2019,474 24th Street,Movie at The New Parkway Theater,22:30,,
3/10/2019,,,,13:30,8:00
3/4/2019,2664 Berryessa Road,Dentist appointment with Bautista Maximilian,16:00,,
3/4/2019,,,,14:30,8:00
3/9/2019,Holmesdale Road,Soccer game,17:00,,
3/9/2019,,,,17:00,14:30
3/6/2019,3117 16th St,Movie show,19:00,,
3/6/2019,14415 Shoreline Highway,Reservation for 6 people at Rocker Oysterfeller's,11:30,,
3/9/2019,881 7th Avenue,Joe Hisaishi concert,19:30,,
3/9/2019,6000 Bollinger Canyon Road Suite 2300,Movie at THE LOT City Center,22:00,,
3/9/2019,,,,19:30,8:00
3/6/2019,401 East Jefferson Street,Baseball Game: Diamondbacks Vs Rockies,19:30,,
3/14/2019,3111 Mission College Boulevard,Movie at AMC Mercado 20,22:30,,
3/14/2019,,,,11:00,8:00
3/6/2019,2317 Central Avenue,Movie booking for Dumbo,16:30,,
3/13/2019,140 Cashmere Street,Viewing at Ridgeview Terrace Townhouses,10:30,,
3/13/2019,,,,13:30,11:00
3/8/2019,456 Blossom Hill Road,Restaurant reservation at Mcdonald's,18:00,,
3/8/2019,,,,18:00,13:00
3/1/2019,315 Main Street C,Restaurant reservation at Pasta Moon,13:00,,
3/9/2019,2891 University Avenue,Psychedelic Furs concert,18:00,,
3/9/2019,,,,24:00:00,20:00
3/3/2019,5150 Graves Avenue # 10A,Dentist appointment with C-Dental X-Ray,13:00,,
3/4/2019,201 D Street,Property viewing,16:30,,
3/4/2019,,,,10:30,8:00
3/14/2019,2299 Post Street STE 312,Dermatologist appointment with Karls Michael S,10:00,,
3/12/2019,16390 4th Street,Restaurant reservation for 4 at Betty Spaghetti,11:30,,
3/12/2019,,,,22:30,13:00
3/2/2019,100 Brannan Street,Table for 2 at Caputo,19:00,,
3/12/2019,1060 West Addison Street,Baseball game,18:00,,
3/12/2019,,,,12:00,8:00
3/5/2019,500 Larkspur Landing Circle,Movie show,23:00,,
3/2/2019,1860 Fillmore Street,Stylist appointment at Lotte Beauty Salon,17:00,,
3/2/2019,,,,17:00,8:00
3/8/2019,2211 Post Street #404,"Dermatologist appointment with Greenbrae Dermatology, Cheryl Tanasovich, M.D., Benjamin Nichols, M.D., John Maddox, M.D.",14:00,,
3/8/2019,868 Grant Avenue,Restaurant reservation at Batika India Bistro,11:30,,
3/8/2019,50 Upper Alabama Street,Taking Back Sunday concert,19:00,,
3/6/2019,"740 Water Street Southwest, Washington, District of Columbia 20024, United States",Juliana Hatfield concert,17:00,,
3/6/2019,2801 Summit Street,Property viewing,11:30,,
3/6/2019,,,,11:30,8:00
3/6/2019,,,,12:30,12:00
3/6/2019,,,,13:30,13:00
3/7/2019,2020 Kathleen Drive,Property viewing,12:00,,
3/10/2019,1600 Stockton Street,Reservation for 2 people at Acquolina,18:00,,
3/10/2019,,,,18:00,12:00
3/9/2019,235 West 46th Street,Buddy Guy concert,17:00,,
3/9/2019,2221,Movie show,19:00,,
3/4/2019,603 South Knickerbocker Drive,"Dermatologist appointment with Bernard Recht, Ph.D., M.D.",10:30,,
3/4/2019,5614 Bay Street Suite 220,Movie booking for Little,23:00,,
3/4/2019,2901 East Hastings Street,Smokey Robinson concert,19:00,,
3/4/2019,,,,11:30,11:00
3/4/2019,,,,12:30,12:00
3/6/2019,20632 Redwood Road # A,Appointment with Darnell Jr Robert,12:30,,
3/6/2019,,,,24:00:00,13:30
3/12/2019,100 Rockaway Beach Avenue,Restaurant reservation for 3 at Nick's Rockaway,11:00,,
3/12/2019,,,,11:00,8:00
3/11/2019,689 East Remington Drive,Appointment with Val Mark Dental Studio,17:00,,
3/9/2019,460 Cambridge Avenue,Stylist appointment at Opus Arcade,12:30,,
3/9/2019,,,,17:30,17:00
3/12/2019,355 Santana Row #1010,Restaurant reservation at Blowfish Sushi,13:30,,
3/5/2019,1 East 161 Street,Baseball game,17:30,,
3/5/2019,,,,15:00,14:30
3/12/2019,"261 Driggs Avenue, Brooklyn",Thee Oh Sees concert,19:30,,
3/12/2019,,,,11:30,11:00
3/7/2019,5614 Bay Street Suite 220,Movie show,23:00,,
3/7/2019,,,,17:00,8:00
3/4/2019,200 C Street,Movie show,20:30,,
3/9/2019,945 El Camino Real,Stylist appointment,10:00,,
3/9/2019,,,,19:30,10:30
3/2/2019,2490 First Street,Movie booking for Shazam!,16:00,,
3/2/2019,,,,16:00,15:00
3/1/2019,3111 Mission College Boulevard,Movie booking for Hotel Mumbai,21:00,,
3/14/2019,2000 East Gene Autry Way,Baseball game,19:00,,
3/14/2019,,,,19:00,16:00
3/9/2019,555 Center Avenue,Movie at Contra Costa Stadium Cinemas,22:00,,
3/9/2019,766 1st Street,Viewing at Mission Park,10:30,,
3/9/2019,,,,10:30,8:00
3/9/2019,,,,22:00,11:00
3/3/2019,911 1st Street,Restaurant reservation at Venticellos Ristorante Italiano,12:30,,
3/10/2019,2664 Berryessa Road #104,Appointment with Dr Ashmita Shetty,10:00,,
3/10/2019,,,,10:00,8:00
3/14/2019,1057 El Monte Avenue,Dentist appointment,10:00,,
3/14/2019,2401 Keith Street,General Practitioner appointment with Rybold Daniel MD,12:00,,
3/14/2019,2367 Shattuck Avenue,Phutureprimitive concert,17:00,,
3/2/2019,7000 Coliseum Way,Football Game: Raiders Vs Titans,19:30,,
3/2/2019,15555 East 14th Street,Movie show,22:30,,
3/2/2019,,,,19:30,8:00
3/9/2019,1144 Sonoma Ave # 118,Dentist appointment,10:00,,
3/9/2019,2500 Milvia Street,Doctor appointment,11:30,,
3/9/2019,601 Van Ness Avenue,Movie at Landmark's Opera Plaza Cinema,19:30,,
3/9/2019,,,,10:00,8:00
3/11/2019,825 East Evelyn Avenue,Apartment viewing at Windsor Ridge,12:30,,
3/11/2019,21267 Stevens Creek Boulevard #200,Reservation at A Plus Cafe,17:00,,
3/11/2019,,,,12:30,8:00
3/11/2019,,,,17:00,13:00
3/11/2019,,,,24:00:00,18:30
3/8/2019,360 Rohnert Park Expressway W,Appointment at Great Clips,15:00,,
3/8/2019,1200 Central Boulevard suite d,"Dermatologist appointment with Andrew Ness, MD",13:30,,
3/8/2019,715 El Camino Real,Table for 6 at Estampas Peruanas Restaurant,11:00,,
3/9/2019,3342 Lakeshore Avenue,Hairdresser appointment,15:00,,
3/9/2019,5500 Campanile Drive,Lizzo concert,19:30,,
3/9/2019,,,,15:00,8:00
3/14/2019,800 Occidental Avenue South,Soccer Game: Sounders Vs United,19:00,,
3/14/2019,,,,18:00,8:00
3/12/2019,6800 Palm Avenue e,Dentist appointment with Gerald E. Dixon Scott E. Dixon,12:00,,
3/12/2019,719 Colorado Avenue,Stylist appointment at Urban Style Barber Shop,18:30,,
3/12/2019,1050 Benton Street,Viewing at Park Central Apartments,17:30,,
3/12/2019,,,,17:30,13:00
3/12/2019,,,,18:30,18:00
3/12/2019,,,,19:30,19:00
3/6/2019,1702 East Cotati Avenue,Table for 5 at Mcdonald's,11:30,,
3/6/2019,,,,22:30,13:00
3/8/2019,6449 Thornton Avenue A,Stylist appointment,10:00,,
3/8/2019,,,,10:00,8:00
3/10/2019,860 East Remington Drive,Dentist appointment with Dr. Prakash Advani,13:30,,
3/13/2019,1569 Sloat Boulevard,General Practitioner appointment,16:30,,
3/13/2019,3119 Clement Street,Reservation for 2 people at El Mansour,12:30,,
3/13/2019,,,,12:30,8:00
3/3/2019,109 Plaza Dr. Gateway Plaza Center,Movie at Century Vallejo 14,22:30,,
3/3/2019,,,,19:30,8:00
3/10/2019,"141 Prospect Park West, Brooklyn",Jason Isbell concert,17:30,,
3/9/2019,3883 Airway Drive #202,Doctor appointment,14:30,,
3/9/2019,,,,22:00,17:30
3/4/2019,1422 Southwest 11th Avenue,Damien Jurado concert,18:00,,
3/4/2019,200 C Street,Movie booking for Captain Marvel,20:00,,
3/4/2019,,,,18:00,8:00
3/4/2019,,,,19:00,18:30
3/2/2019,4085 Century Boulevard,Movie show,22:00,,
3/2/2019,,,,12:00,8:00
3/1/2019,5500 Campanile Drive,Vampire Weekend concert,17:00,,
3/13/2019,10101 North Wolfe Road,Dentist appointment,13:30,,
3/13/2019,,,,13:30,8:00
3/12/2019,2525 Sand Creek Road,Movie at AMC Brentwood 14,22:00,,
3/12/2019,,,,13:30,8:00
3/11/2019,3 East Blithedale Avenue,Hairdresser appointment,14:00,,
3/10/2019,"f4, 450 Broadway",Dermatologist appointment,14:00,,
3/10/2019,,,,14:00,11:00
3/8/2019,2891 University Avenue,Through The Roots concert,18:00,,
3/6/2019,1000 Vin Scully Ave,Baseball game,19:30,,
3/6/2019,2440 Bancroft Way,Appointment at World Cuts,15:00,,
3/6/2019,1500 South Capitol Street Southeast,Baseball game at Nationals Park,18:00,,
3/6/2019,1332 Park Street,Reservation at Yellowtail,11:00,,
3/3/2019,1144 Sonoma Ave # 102,Dentist appointment,13:00,,
3/3/2019,800 Occidental Avenue South,Soccer game,19:30,,
3/3/2019,,,,13:00,8:00
3/3/2019,,,,19:30,14:00
3/13/2019,15100 Hesperian Boulevard Suite 212,Stylist appointment at Supercuts,12:00,,
3/1/2019,800 Occidental Avenue South,Soccer Game: Sounders Vs Timbers,18:30,,
3/1/2019,,,,17:00,8:00
3/1/2019,100 Oconnor Drive # 23,"Dentist appointment with Kini Ramanand , Kini Lata",13:00,,
3/1/2019,801 Brewster Avenue #240,General Practitioner appointment,15:00,,
3/1/2019,2101 West College Avenue,Stylist appointment at Redline Barbers,18:30,,
3/1/2019,,,,13:00,8:00
3/9/2019,1063 Morse Avenue,Apartment viewing,10:00,,
3/9/2019,724 Oak Grove Avenue Ste. 120,Dentist appointment with Menlo Park Dental Excellence,13:30,,
3/9/2019,1 Embarcadero Center,Movie booking for Ash Is Purest White,21:00,,
3/13/2019,1070 Reed Avenue,Apartment viewing at Reed Square,14:00,,
3/13/2019,877 W Fremont Ave # K3,Dentist appointment,11:30,,
3/13/2019,125 Windsor River Road,Lunch at Mcdonald's,17:00,,
3/13/2019,,,,11:30,8:00
3/13/2019,,,,14:00,12:30
3/13/2019,,,,17:00,14:30
3/7/2019,1069 B Street,Movie booking for Breakthrough,22:30,,
3/7/2019,4348 California Street,Reservation for 2 people at Mandalay Restaurant,13:00,,
3/7/2019,1520 Branham Lane,Viewing at Park Branham Apartments,11:30,,
3/7/2019,,,,11:30,8:00
3/9/2019,500 Loveridge Circle,Apartment viewing,11:00,,
3/9/2019,1615 Hill Road,Dentist appointment,12:30,,
3/9/2019,909 Hyde Street #530,Ophthalmologist appointment,16:00,,
3/9/2019,,,,11:00,8:00
3/9/2019,,,,12:00,11:30
3/9/2019,,,,13:00,12:30
3/9/2019,,,,14:00,13:30
3/10/2019,22 Peace Plaza,Appointment at Glam-Up,14:00,,
3/10/2019,1615 Hill Rd #19,Dentist appointment,12:30,,
3/10/2019,2605 Haste Street,Property viewing,14:30,,
3/9/2019,5541 Lone Tree Way Suite 120,Appointment at Sport Clips Haircuts Of Brentwood,15:00,,
3/9/2019,1 Embarcadero Center,Movie show,21:30,,
3/3/2019,20700 Lake Chabot Road,"General Practitioner appointment with Kelly A. Welsh, M.D.",12:30,,
3/3/2019,235 West 46th Street,Geto Boys concert,19:00,,
3/3/2019,,,,12:30,8:00
3/7/2019,1615 Hill Road,Dentist appointment with Dr. Susana M. Chou,10:00,,
3/7/2019,615 Jackson Street,Restaurant reservation at Begoni Bistro,13:00,,
3/7/2019,,,,10:00,8:00
3/7/2019,,,,11:00,10:30
3/7/2019,,,,12:00,11:30
3/6/2019,1501 Decoto Road,Apartment viewing,11:00,,
3/6/2019,39055 Cedar Boulevard,Table for 3 at Happy Kitchen,13:00,,
3/9/2019,1063 Morse Avenue,Apartment viewing at Mission Pointe By Windsor,12:00,,
3/9/2019,2500 Hospital Drive,Dentist appointment,14:00,,
3/9/2019,,,,12:00,8:00
3/9/2019,,,,14:00,12:30
3/12/2019,1335 Montecito Avenue # 1,Apartment viewing,17:30,,
3/12/2019,2664 Berryessa Road # 210,Dentist appointment with Quach Catherine,16:00,,
3/12/2019,,,,16:00,8:00
3/12/2019,,,,17:00,16:30
3/12/2019,,,,18:00,17:30
3/7/2019,950 Redwood Shores Parkway,Apartment viewing,12:30,,
3/7/2019,2485 Hospital Drive,Gynecologist appointment,17:30,,
3/7/2019,400 Newpark Mall,Movie booking for Captain Marvel,22:30,,
3/6/2019,747 Altos Oaks Drive,"General Practitioner appointment with Dr. Leland M. Luna, MD",14:30,,
3/6/2019,29 East Allen Street,Nav With Killy concert,17:00,,
3/6/2019,,,,14:30,8:00
3/6/2019,,,,17:00,15:30
3/6/2019,,,,18:00,17:30
3/6/2019,1312 Prentice Drive,General Practitioner appointment,17:30,,
3/6/2019,27285 Manon Avenue,Viewing at Orange Tree Apartments,10:30,,
3/9/2019,22842 Vermont Street,Apartment viewing at Siena Pointe Apartments,18:00,,
3/9/2019,2160 South Bascom Avenue,Appointment at Bella Capelli Salon,13:00,,
3/9/2019,990 West Fremont Avenue #A,Dentist appointment,10:30,,
3/11/2019,1698 Bonanza Street,Appointment at Stem Salon,15:00,,
3/11/2019,3005 Silver Creek Road,Dentist appointment with Dr. Minh B. Nguyen,16:30,,
3/11/2019,700 Irving Street,Reservation at Pasquale's Pizzeria,12:30,,
3/1/2019,24607 Amador Street,Apartment viewing,12:00,,
3/1/2019,7880 Wren Ave # A111,Appointment with Dentistry For Children,10:00,,
3/1/2019,1220 Market Street,Table for 2 at Sams American Eatery,17:30,,
3/1/2019,,,,10:00,8:00
3/7/2019,118 Warwick Drive,Apartment viewing at Crestview Apartments,13:00,,
3/7/2019,2901 East Hastings Street,Colin James concert,17:00,,
3/3/2019,1 Blue Jays Way,Baseball game,18:00,,
3/3/2019,3485 East Hills Drive,Dentist appointment with Santana Herasm Maria T,14:30,,
3/3/2019,2525 Sand Creek Road,Movie booking for Hellboy,23:30,,
3/3/2019,,,,14:30,8:00
3/3/2019,,,,18:00,15:30
3/3/2019,,,,19:00,18:30
3/8/2019,21001 San Ramon Valley Boulevard Ste E-3,Appointment with Renew Dental Implant Specialists,16:00,,
3/8/2019,200 C Street,Movie show,11:30,,
3/8/2019,4261 Stevenson Boulevard,Property viewing,17:00,,
3/1/2019,1530 Ellis Street,Apartment viewing at Lakeshore Apartments,12:00,,
3/1/2019,6000 Bollinger Canyon Road Suite 2300,Movie show,21:00,,
3/1/2019,,,,12:00,8:00
3/1/2019,,,,13:00,12:30
3/1/2019,,,,14:00,13:30
3/6/2019,7880 Wren Avenue suite f-165,Appointment with Wafelbakker Anderson Orthodontics,13:30,,
3/6/2019,One Ferry Building,Lunch at Marketbar,17:00,,
3/6/2019,2490 First Street,Movie at Livermore 13 Cinema,11:30,,
3/12/2019,7880 Wren Avenue Ste B121,Dentist appointment,16:30,,
3/12/2019,910 Lincoln Rd E,Reservation at India Garden,12:30,,
3/12/2019,,,,12:30,8:00
3/12/2019,,,,16:30,14:00
3/12/2019,,,,17:30,17:00
3/4/2019,2299 Post Street STE 312,Dermatologist appointment,12:00,,
3/4/2019,1535 Landess Avenue #143,Reservation at Korea Garden,13:00,,
3/4/2019,6046 Dougherty Road,Stylist appointment at Anu'S Beautique,16:30,,
3/3/2019,1425 Oregon Street,Apartment viewing,10:00,,
3/3/2019,1646 Broadway Street,General Practitioner appointment,10:30,,
3/3/2019,,,,10:00,8:00
3/3/2019,,,,24:00:00,11:30
3/5/2019,1234 West 7th Street,Girl In Red concert,17:00,,
3/5/2019,135 4th Street Suite 3000,Movie at AMC Metreon 16,21:00,,
3/5/2019,485 Castro Street,Restaurant reservation for 6 at Kirin,11:00,,
3/5/2019,,,,11:00,8:00
3/8/2019,3665 Benton Street,Apartment viewing,17:00,,
3/8/2019,5150 Graves Avenue,Appointment with Dr. James Meagher,16:00,,
3/8/2019,1 Lincoln Financial Field Way,Football game at Lincoln Financial Field,19:00,,
3/8/2019,,,,16:00,8:00
3/1/2019,1071 Blossom Hill Road,General Practitioner appointment,14:30,,
3/1/2019,110 Ranch Drive,Restaurant reservation for 2 at Romano's Macaroni Grill,19:00,,
3/1/2019,,,,14:30,8:00
3/6/2019,409 Aviation Boulevard,Movie booking for Pet Sematary,21:30,,
3/6/2019,3770 Flora Vista Avenue,Property viewing,10:30,,
3/6/2019,2891 University Avenue,Tuxedo concert,17:00,,
3/6/2019,,,,10:30,8:00
3/6/2019,,,,17:00,11:00
3/6/2019,,,,21:30,19:00
3/6/2019,,,,22:30,22:00
3/7/2019,2000 East Gene Autry Way,Baseball game,19:30,,
3/7/2019,2190 Eastridge Loop,Movie show,23:00,,
3/10/2019,1500 Sycamore Avenue,Dentist appointment,10:00,,
3/10/2019,2734 East El Camino Real,General Practitioner appointment,17:00,,
3/10/2019,2298 Union Street,Restaurant reservation for 3 at Rose's Cafe,11:30,,
3/10/2019,,,,11:30,11:00
3/10/2019,,,,12:30,12:00
3/10/2019,,,,13:30,13:00
3/1/2019,33 South Park Victoria Drive,Dentist appointment with Park Victoria Dental,10:00,,
3/1/2019,3597 Homestead Road,Restaurant reservation for 2 at Chimek,18:00,,
3/1/2019,"141 Prospect Park West, Brooklyn",The National concert,19:30,,
3/1/2019,,,,18:00,11:00
3/1/2019,,,,19:00,18:30
3/6/2019,100 Oconnor Drive # 5,Dentist appointment,15:30,,
3/6/2019,544 Central Avenue,Viewing at Del Coronado,14:00,,
3/6/2019,,,,14:00,8:00
3/6/2019,,,,15:00,14:30
3/6/2019,,,,16:00,15:30
3/5/2019,3485 East Hills Drive,Dentist appointment,10:30,,
3/5/2019,29 East Allen Street 2nd Floor,Lights concert,18:00,,
3/5/2019,732 East Evelyn Avenue,Viewing at Bristol Commons,13:00,,
3/14/2019,877 West Fremont Avenue,Appointment with Dr. Julie M. Savant,17:00,,
3/14/2019,1386 Fitzgerald Drive,Hairdresser appointment,11:00,,
3/14/2019,,,,12:00,11:30
3/14/2019,,,,13:00,12:30
3/4/2019,33300 Mission Boulevard,Apartment viewing,15:00,,
3/4/2019,1615 Hill Road,Appointment with Leahn J Huffman,10:00,,
3/5/2019,40645 Fremont Boulevard,Appointment at Fremont Barber Shop,18:30,,
3/5/2019,5150 Graves Avenue # 11E,Appointment with Arts Of Dentistry,13:30,,
3/5/2019,Shattuck Avenue,Movie show,19:00,,
3/5/2019,,,,13:30,8:00
3/5/2019,,,,14:30,14:00
3/5/2019,,,,15:30,15:00
3/11/2019,1785 San Carlos Avenue,Appointment with Marenda Ronald E,11:00,,
3/11/2019,2525 Sand Creek Road,Movie show,22:00,,
3/11/2019,2700 Del Medio Court,Viewing at Vrent - Del Medio Park Apartments,15:00,,
3/12/2019,4501 Rosewood Drive,Reservation at Mcdonald's,11:30,,
3/12/2019,22 Peace Plaza,Stylist appointment,10:00,,
3/12/2019,,,,10:00,8:00
3/12/2019,,,,11:00,10:30
3/12/2019,,,,12:00,11:30
3/11/2019,235 West 46th Street,Lyfe Jennings concert,19:00,,
3/11/2019,100 Sycamore Valley Road,Table for 4 at Piatti,17:00,,
3/4/2019,1163 Hopper Avenue,Apartment viewing at Hopper Lane Apartments,10:00,,
3/4/2019,6868 McKinley Street,Movie at Rialto Cinemas,21:30,,
3/4/2019,2901 East Hastings Street,Styx concert,17:00,,
3/4/2019,,,,10:00,8:00
3/4/2019,,,,17:00,10:30
3/4/2019,,,,21:30,19:00
3/6/2019,2143 Springs Road # 51,Dentist appointment,17:00,,
3/6/2019,2111 Whitehall Place,Gynecologist appointment with Kochenburger Richard J MD,14:00,,
3/8/2019,10011 North Foothill Boulevard # 112,Appointment with Donna M Cotner,14:30,,
3/8/2019,60 North El Camino Real,Doctor appointment,12:00,,
3/8/2019,,,,12:00,8:00
3/8/2019,,,,14:30,13:00
3/8/2019,,,,15:30,15:00
3/2/2019,500 Terry A Francois Boulevard Suite 73,Celine Dion concert,19:00,,
3/2/2019,1585 Clayton Road,Stylist appointment,16:00,,
3/3/2019,5255 Clayton Road,Apartment viewing,12:00,,
3/3/2019,452 East Calaveras Boulevard,Dentist appointment with Dr. Sethi And Dr. Virdi,10:00,,
3/3/2019,,,,12:00,11:00
3/13/2019,1234 West 7th Street,Lights concert,18:30,,
3/13/2019,,,,18:30,8:00
3/13/2019,,,,22:30,20:30
3/12/2019,1234 West 7th Street,Lights concert,17:30,,
3/12/2019,349 East Hedding Street,Stylist appointment at Kingsley'S Barber Shop,16:30,,
3/13/2019,375 Industrial Parkway # 314,Property viewing,11:00,,
3/13/2019,,,,11:00,8:00
3/13/2019,,,,12:00,11:30
3/14/2019,5500 Campanile Drive,Bastille concert,19:30,,
3/14/2019,45 Castro Street,Doctor appointment,17:30,,
3/14/2019,,,,17:30,8:00
3/14/2019,,,,19:30,18:30
3/1/2019,1732 Jefferson Street # 5,Appointment with Ocean Dental Lab,15:00,,
3/1/2019,29 East Allen Street 2nd Floor,Northlane concert,17:30,,
3/1/2019,1 AMB Drive Northwest,Soccer game,19:30,,
3/1/2019,,,,15:00,8:00
3/7/2019,99 Professional Center Parkway,Apartment viewing at Deer Park Apartments,16:00,,
3/7/2019,152 Castro Street,Reservation for 4 people at Ramen Izakaya Yu-gen,18:30,,
3/9/2019,2149 Otis Drive,Apartment viewing,13:30,,
3/9/2019,7880 Wren Avenue # C131,Appointment with Raymaker Ann,14:30,,
3/9/2019,,,,13:30,8:00
3/9/2019,,,,14:30,14:00
3/9/2019,,,,15:30,15:00
3/9/2019,,,,16:30,16:00
3/4/2019,968 Ralston Avenue,Restaurant reservation at Divino Ristorante,17:00,,
3/14/2019,178 Junction Road,Beyond The Black concert,17:30,,
3/9/2019,810 Hillsdale Avenue,Apartment viewing,15:00,,
3/9/2019,1030 Main Street,Roy Ayers concert,17:00,,
3/8/2019,2898 Villa Monterey,Apartment viewing at Villa Monterey,11:30,,
3/8/2019,25 West Main Avenue,Reservation for 5 people at Sicilia In Bocca,19:00,,
3/8/2019,,,,11:30,8:00
3/8/2019,,,,19:00,12:00
3/13/2019,777 Pacific Boulevard,Soccer game at BC Place,18:30,,
3/12/2019,1221 Donnelly Avenue,Hairdresser appointment,12:30,,
3/12/2019,2898 Villa Monterey,Property viewing,17:00,,
3/12/2019,448 South Main Street,The Acid concert,18:00,,
3/12/2019,,,,17:00,13:00
3/12/2019,,,,19:00,18:30
3/8/2019,3800 Montlake Boulevard Northeast,Basketball game,18:00,,
3/8/2019,1 Market Street,Hairdresser appointment,10:00,,
3/3/2019,2270 Homestead Court,Apartment viewing,15:00,,
3/3/2019,990 West Fremont Avenue,Appointment with Dr. Maria J. Moore,10:00,,
3/3/2019,1 Embarcadero Center,Movie at Landmark's Embarcadero Center Cinema,21:30,,
3/3/2019,,,,15:00,11:00
3/3/2019,,,,16:00,15:30
3/3/2019,,,,17:00,16:30
3/13/2019,2367 Shattuck Avenue,Chris Webby concert,12:30,,
3/4/2019,,,,11:00,8:00
3/9/2019,,,,18:00,8:00
3/9/2019,17705 Hale Avenue,Dentist appointment,9:30,,
3/7/2019,,,,24:00:00,10:30
3/7/2019,1 East 161 Street,Baseball game,12:00,,
3/13/2019,,,,22:30,19:00
3/8/2019,,,,24:00:00,20:30
3/8/2019,SFO International Airport,Leave for airport,21:45,,
3/10/2019,,,,16:00,8:00
3/9/2019,,,,15:30,14:00
3/9/2019,2826 Telegraph Avenue,Restaurant reservation for 6 at Royal Rangoon Restaurant,14:15,,
3/10/2019,,,,17:00,8:00
3/10/2019,,,,19:30,18:30
3/10/2019,,,,24:00:00,22:30
3/10/2019,877 West Fremont Avenue Ste J2,Appointment with Orthoworks Invisalign And Orthodontic Group,11:00,,
3/4/2019,,,,17:00,8:00
3/8/2019,,,,14:30,13:30
3/8/2019,401 East Jefferson Street,Baseball game,14:00,,
3/13/2019,777 Pacific Boulevard,Soccer Game: Whitecaps Vs Kansas City,9:00,,
3/11/2019,,,,16:30,8:00
3/14/2019,,,,19:30,13:00
3/14/2019,1657 Willow Pass Road,Reservation at Lulu's Kitchen,13:00,,
3/6/2019,,,,18:00,17:00
3/10/2019,,,,18:00,8:00
3/10/2019,5 Bon Air Rd # 114,Appointment with Koppe Michael J,9:00,,
3/5/2019,,,,23:00,21:30
3/10/2019,,,,22:30,13:30
3/10/2019,2075 Lincoln Avenue # A,Dentist appointment with Wirebenders,14:15,,
3/6/2019,,,,19:30,16:30
3/14/2019,,,,17:30,17:00
3/14/2019,23989 Watkins Street,Table for 2 at Mcdonald's,17:15,,
3/1/2019,,,,10:30,8:00
3/10/2019,,,,24:00:00,21:30
3/10/2019,Community gym,Gym,21:45,,
3/7/2019,,,,17:00,15:30
3/7/2019,2905 Grove Way,Table for 2 at Mcdonald's,15:45,,
3/4/2019,2891 University Avenue,The Hives concert,8:15,,
3/6/2019,,,,14:00,13:00
3/6/2019,1053 Cochrane Road Suite 140,Hairdresser appointment,13:30,,
3/6/2019,,,,24:00:00,12:30
3/2/2019,,,,17:00,16:30
3/2/2019,1712 Meridian Avenue,Restaurant reservation for 4 at Ristorante Fratello,16:45,,
3/11/2019,,,,18:00,8:00
3/11/2019,4875 Clayton Road,Apartment viewing,9:30,,
3/6/2019,,,,22:30,14:00
3/6/2019,301 Sycamore Valley Road,Appointment with Dr. Azadeh Jafarnia,14:30,,
3/9/2019,,,,24:00:00,23:00
3/2/2019,,,,16:00,8:00
3/2/2019,1375 Montecito Avenue,Property viewing,8:30,,
3/9/2019,,,,13:00,11:30
3/9/2019,235 West 46th Street,Buddy Guy concert,12:00,,
3/5/2019,,,,24:00:00,14:30
3/8/2019,,,,24:00:00,18:30
3/8/2019,"261 Driggs Avenue, Brooklyn",Amber Run Brooklyn concert,19:00,,
3/4/2019,,,,24:00:00,19:30
3/2/2019,,,,13:30,8:00
3/2/2019,600 Wilbur Avenue,Property viewing,9:00,,
3/5/2019,,,,21:30,21:00
3/13/2019,24307 Southland Drive,Dentist appointment,8:30,,
3/7/2019,,,,18:30,12:30
3/7/2019,555 Center Avenue,Movie at Contra Costa Stadium Cinemas,13:15,,
3/12/2019,,,,22:30,17:00
3/12/2019,401 Gregory Ln # 248,"General Practitioner appointment with John Toth, D.O.",14:30,,
3/11/2019,,,,22:30,20:30
3/11/2019,Community gym,Gym,21:30,,
3/12/2019,,,,24:00:00,19:30
3/12/2019,1500 South Capitol Street Southeast,Baseball Game: Nationals Vs Reds,20:00,,
3/9/2019,,,,24:00:00,21:30
3/10/2019,,,,19:30,12:30
3/10/2019,858 North Broad Street,Toto concert,12:45,,
3/6/2019,,,,24:00:00,16:30
3/9/2019,,,,13:00,8:00
3/9/2019,2508,Movie booking for Long Shot,9:45,,
3/12/2019,,,,22:30,20:00
3/2/2019,5 Bon Air Rd # 114,Appointment with Koppe Michael J,15:15,,
3/7/2019,,,,21:30,13:00
3/7/2019,2901 East Hastings Street,Billy Idol concert,14:15,,
3/5/2019,,,,15:30,8:00
3/8/2019,,,,17:00,14:30
3/8/2019,50 South San Mateo Drive,General Practitioner appointment,15:00,,
3/8/2019,,,,12:00,10:30
3/8/2019,,,,19:00,13:30
3/8/2019,,,,24:00:00,22:00
3/11/2019,,,,16:00,8:00
3/11/2019,,,,17:30,16:30
3/11/2019,"4175, 42151 Blacow Road",Hairdresser appointment,15:00,,
3/5/2019,,,,10:00,8:00
3/5/2019,,,,16:00,11:00
3/5/2019,,,,24:00:00,16:30
3/3/2019,,,,18:00,14:00
3/3/2019,1880 Solano Avenue,Hairdresser appointment,14:00,,
3/14/2019,,,,17:00,11:00
3/14/2019,1015 Fitzuren Road #7,Apartment viewing,12:00,,
3/9/2019,881 7th Avenue,Joe Hisaishi concert,9:45,,
3/1/2019,,,,17:30,15:00
3/7/2019,,,,16:30,13:00
3/7/2019,2664 Berryessa Road # 210,Appointment with Quach Catherine,14:30,,
3/9/2019,,,,18:00,10:30
3/13/2019,,,,19:30,19:00
3/13/2019,1447 Cedarwood Lane # A,Doctor appointment,19:00,,
3/4/2019,,,,12:30,8:00
3/8/2019,,,,11:00,8:00
3/8/2019,1722 First Street,Movie booking for High Life,8:15,,
3/11/2019,,,,14:30,8:00
3/11/2019,,,,17:00,15:00
3/11/2019,,,,24:00:00,20:00
3/8/2019,,,,13:30,8:00
3/8/2019,,,,16:30,15:00
3/8/2019,1500 South Capitol Street Southeast,Baseball game,19:30,,
3/13/2019,,,,22:30,16:00
3/2/2019,,,,12:30,8:00
3/2/2019,2505 Samaritan Dr,Dentist appointment with Mark A Watson,9:30,,
3/1/2019,,,,11:30,8:00
3/1/2019,300 Hilary Way,Viewing at Fountain Plaza Apartments,9:00,,
3/7/2019,540 North Santa Cruz Avenue Suite B1,Appointment with Dr. Jaswinder Ghuman,8:15,,
3/5/2019,,,,22:30,18:00
3/5/2019,1347 Main Street,Reservation for 3 people at Market,18:15,,
3/5/2019,,,,24:00:00,12:30
3/5/2019,3911 Figueroa Street,Football Game: Usc Vs Utah,13:30,,
3/8/2019,,,,24:00:00,18:00
3/10/2019,,,,22:30,8:00
3/10/2019,1234 West 7th Street,Murder City Devils concert,8:45,,
3/2/2019,,,,11:00,8:00
3/2/2019,,,,16:00,12:30
3/2/2019,,,,24:00:00,17:30
3/2/2019,19920 Olivewood Street,Apartment viewing at Pointe At Cupertino,13:00,,
3/5/2019,,,,17:00,13:30
3/7/2019,,,,18:30,14:00
3/7/2019,65 West Main Street,Hairdresser appointment,15:00,,
3/4/2019,,,,24:00:00,23:30
3/12/2019,,,,22:30,12:30
3/12/2019,41277 Roberts Ave # 32,Viewing at Felson Management Corporation,12:30,,
3/3/2019,,,,19:30,16:00
3/7/2019,,,,24:00:00,16:30
3/7/2019,50 East Market Street,Viewing at Villa Fontana Apartments,18:15,,
3/4/2019,,,,20:30,11:00
3/4/2019,960 Blossom Hill Road,Stylist appointment at Kinder Cuts Kids Hair Salon,11:30,,
3/7/2019,,,,15:00,11:30
3/10/2019,,,,13:00,12:30
3/10/2019,2500 Milvia Street,"General Practitioner appointment with Roxanne C. Fiscella, M.D.",12:30,,
3/9/2019,,,,11:30,8:00
3/9/2019,,,,17:00,12:00
3/9/2019,,,,24:00:00,19:00
3/12/2019,,,,18:30,14:00
3/12/2019,10095 Saich Way #2,Hairdresser appointment,14:00,,
3/7/2019,,,,24:00:00,20:00
3/7/2019,Community gym,Gym,21:15,,
3/4/2019,3455 Homestead Road,Apartment viewing,18:45,,
3/13/2019,,,,22:30,21:00
3/13/2019,Home,Bedtime,21:30,,
3/10/2019,,,,22:30,19:00
3/4/2019,,,,18:30,11:00
3/4/2019,128 El Cerrito Plz,Dentist appointment,11:15,,
3/13/2019,,,,13:00,8:00
3/3/2019,,,,11:30,8:00
3/3/2019,341 7th Street,Appointment at The Dreadlocks Salon,8:45,,
3/10/2019,,,,13:00,8:00
3/10/2019,,,,24:00:00,14:30
3/4/2019,,,,15:30,8:00
3/4/2019,,,,24:00:00,16:00
3/4/2019,2227 Piedmont Avenue,Football Game: Golden Bears Vs Trojans,17:30,,
3/3/2019,,,,19:00,15:30
3/4/2019,,,,24:00:00,20:30
3/4/2019,Laundry room,Laundry,21:45,,
3/5/2019,,,,12:00,8:00
3/5/2019,,,,16:00,12:30
3/5/2019,,,,19:00,17:00
3/5/2019,,,,24:00:00,21:00
3/14/2019,,,,13:30,8:00
3/14/2019,,,,14:30,14:00
3/14/2019,,,,17:00,15:30
3/14/2019,49 Gold Mine Drive,Property viewing,11:30,,
3/12/2019,,,,14:30,8:00
3/12/2019,31 Panoramic Way #201,General Practitioner appointment,9:30,,
3/9/2019,,,,16:00,13:30
3/9/2019,,,,24:00:00,18:00
3/7/2019,,,,12:00,8:00
3/7/2019,,,,15:00,13:00
3/7/2019,,,,18:30,16:00
3/7/2019,,,,24:00:00,20:30
3/7/2019,33306 Alvarado-Niles Road,Reservation for 3 people at Mexico Lindo,13:00,,
3/13/2019,,,,14:30,8:00
3/13/2019,,,,19:00,15:00
3/13/2019,,,,24:00:00,21:00
3/14/2019,,,,12:00,8:00
3/14/2019,,,,13:30,13:00
3/14/2019,1374 9th Avenue,Hairdresser appointment,18:30,,
3/2/2019,,,,17:30,8:00
3/2/2019,,,,19:30,19:00
3/2/2019,,,,24:00:00,21:30
3/14/2019,,,,15:30,8:00
3/14/2019,,,,17:00,16:30
3/14/2019,,,,24:00:00,18:00
3/14/2019,5500 Campanile Drive,Alejandro Sanz concert,18:30,,
3/13/2019,,,,17:00,8:00
3/13/2019,,,,22:30,21:30
3/4/2019,,,,12:00,8:00
3/4/2019,,,,20:00,13:30
3/4/2019,,,,24:00:00,22:00
3/4/2019,801 Welch Road,ENT Specialist appointment,14:30,,
3/14/2019,,,,19:30,8:00
3/14/2019,,,,24:00:00,21:00
3/14/2019,100 Summerfield Drive,Property viewing,15:30,,
3/6/2019,,,,13:30,8:00
3/6/2019,,,,18:30,14:30
3/6/2019,,,,24:00:00,21:00
3/7/2019,,,,17:00,13:00
3/7/2019,6000 Bollinger Canyon Road Suite 2300,Movie at THE LOT City Center,19:00,,
3/4/2019,,,,16:30,8:00
3/4/2019,,,,19:30,17:30
3/4/2019,,,,24:00:00,22:30
3/4/2019,4045 East Castro Valley Boulevard,Appointment at Great Clips,18:30,,
3/9/2019,,,,19:00,13:30
3/9/2019,,,,24:00:00,22:00
3/9/2019,89 South Street,The Struts concert,17:00,,
3/8/2019,,,,17:00,12:00
3/8/2019,,,,24:00:00,21:00
3/3/2019,,,,18:30,8:00
3/3/2019,400 East Remington Drive,Viewing at Apricot Pit Apartments,15:30,,
3/1/2019,,,,13:30,8:00
3/1/2019,,,,21:30,14:30
3/1/2019,,,,24:00:00,23:30
3/1/2019,90 Old Courthouse Square,Restaurant reservation for 3 at Perch + Plow,18:00,,
3/12/2019,,,,17:00,11:30
3/12/2019,,,,24:00:00,22:00
3/14/2019,,,,15:00,8:00
3/14/2019,,,,22:30,16:00
3/14/2019,34348 Alvarado-Niles Road,Reservation for 5 people at Mayflower Seafood Restaurant,11:00,,
3/2/2019,,,,20:00,14:30
3/2/2019,,,,24:00:00,22:00
3/2/2019,994 The Alameda,Hairdresser appointment,17:00,,
3/14/2019,,,,24:00:00,21:30
3/9/2019,,,,14:00,8:00
3/9/2019,,,,21:00,15:30
3/9/2019,344 East Hamilton Avenue,Ophthalmologist appointment with Dr. Edward J. Saub,11:00,,
3/12/2019,,,,17:00,14:00
3/12/2019,,,,24:00:00,18:00
3/12/2019,200 South 3rd Street,Young The Giant concert,19:00,,
3/2/2019,,,,19:30,17:30
3/2/2019,,,,24:00:00,21:00
3/2/2019,4343 Renaissance Drive,Apartment viewing at The Enclave,15:00,,
3/14/2019,,,,11:30,8:00
3/14/2019,,,,19:30,12:30
3/14/2019,,,,22:30,21:30
3/1/2019,,,,17:30,8:00
3/1/2019,,,,22:30,18:30
3/1/2019,1460 North Camino Alto,"Ophthalmologist appointment with Rona Silkiss, MD, FACS",13:30,,
3/10/2019,,,,16:30,8:00
3/10/2019,,,,22:30,17:30
3/10/2019,2290 California Street,Apartment viewing at Arbors At Mountain View,14:00,,
3/1/2019,,,,17:00,13:30
3/1/2019,,,,19:30,18:30
3/1/2019,,,,24:00:00,21:30
3/13/2019,,,,15:00,8:00
3/13/2019,,,,17:00,16:00
3/13/2019,50 Upper Alabama Street,Taking Back Sunday concert,19:00,,
3/9/2019,,,,24:00:00,12:00
3/9/2019,1111 Southwest Broadway,Erica Fernandez concert,18:30,,
3/4/2019,,,,19:00,17:30
3/4/2019,,,,21:30,20:30
3/9/2019,,,,12:30,8:00
3/9/2019,,,,17:30,14:00
3/9/2019,1919 Mount Diablo Boulevard,Hairdresser appointment,11:30,,
3/6/2019,9260 Alcosta Boulevard B-12,out of office,12:45,,
3/10/2019,689 East Remington Drive Ste A,dental appointment,12:30,,
3/13/2019,2664 Berryessa Road # 206,dentist,16:30,,
3/14/2019,3550 San Pablo Dam Road # A6,Appointment,14:45,,
3/9/2019,1783 Second Street,dentist,14:00,,
3/8/2019,2664 Berryessa Road # 206,Appointment,11:30,,
3/13/2019,3544 Balboa Street,dentist,11:30,,
3/1/2019,4655 Hoen Avenue # 6,dental appointment,16:30,,
3/5/2019,4646 El Camino Real,dentist appointment,11:00,,
3/11/2019,"4812, 1144 Sonoma Avenue",dentist,16:00,,
3/6/2019,14475 South Bascom Avenue,dentist,15:30,,
3/13/2019,9260 Alcosta Boulevard,out of office,10:30,,
3/10/2019,689 East Remington Drive Ste A,dentist,14:45,,
3/7/2019,1150 Scott Boulevard # A2,dentist appointment,12:00,,
3/10/2019,24901 Santa Clara Street #2,dental,10:30,,
3/13/2019,2664 Berryessa Road # 206,dentist,11:45,,
3/7/2019,37149 Fremont Boulevard,dental appointment,17:30,,
3/8/2019,535 Pierce Street,dentist appointment,12:30,,
3/13/2019,1040 Grant Road #103,Appointment,17:00,,
3/6/2019,1785 San Carlos Ave # 3,dentist,12:00,,
3/8/2019,"4812, 1144 Sonoma Avenue",errand,12:00,,
3/2/2019,990 West Fremont Avenue,errand,10:15,,
3/1/2019,6800 Palm Avenue e,dental,12:00,,
3/10/2019,2401 Waterman Boulevard,dentist appointment,15:45,,
3/4/2019,2664 Berryessa Road # 206,dentist,13:00,,
3/10/2019,14475 South Bascom Avenue,not at work,11:30,,
3/1/2019,17705 Hale Avenue A-5,not at work,10:45,,
3/5/2019,2664 Berryessa Road # 206,Appointment,9:30,,
3/12/2019,540 North Santa Cruz Avenue Suite B1,errand,14:30,,
3/6/2019,2664 Berryessa Road # 206,Appointment,10:30,,
3/8/2019,4655 Hoen Avenue # 6,dental,12:30,,
3/4/2019,535 Pierce Street,dentist appointment,15:15,,
3/4/2019,7880 Wren Ave,Appointment,17:00,,
3/6/2019,2664 Berryessa Road # 206,dentist,13:30,,
3/3/2019,1894 Contra Costa Boulevard,errand,9:45,,
3/7/2019,6800 Palm Avenue e,dentist appointment,16:00,,
3/6/2019,2664 Berryessa Road # 206,dentist,17:15,,
3/13/2019,2664 Berryessa Road # 206,dentist,16:15,,
3/14/2019,10101 North Wolfe Road,dentist appointment,17:15,,
3/2/2019,3434 Villa Lane D-160,dental appointment,13:30,,
3/7/2019,990 West Fremont Avenue j,dental,13:30,,
3/10/2019,9260 Alcosta Boulevard,not at work,17:30,,
3/3/2019,430 East Calaveras Boulevard,dentist appointment,16:00,,
3/13/2019,2664 Berryessa Road # 212,out of office,12:00,,
3/10/2019,4215 Geary Boulevard,dental appointment,14:00,,
3/10/2019,5710 Cahalan Avenue # 8J,dentist appointment,10:30,,
3/8/2019,90 Woodacre Drive # 108,not at work,16:15,,
3/14/2019,2664 Berryessa Road # 205,dentist appointment,14:15,,
3/7/2019,2664 Berryessa Road # 205,dentist appointment,14:00,,
3/7/2019,990 West Fremont Avenue j,dental,15:15,,
3/7/2019,1532 20th Street,Stylist visit,11:30,,
3/10/2019,2485 De La Cruz Boulevard,errand,9:45,,
3/8/2019,1532 20th Street,Stylist visit,16:30,,
3/3/2019,1880 Solano Avenue,Appointment,15:00,,
3/10/2019,1 Camino Sobrante Ste 5,Hair salon,16:00,,
3/10/2019,1532 20th Street,Stylist visit,11:15,,
3/5/2019,1047 Lincoln Highway suite 101,Hairdresser appointment,14:30,,
3/7/2019,1047 Lincoln Highway suite 101,Hairdresser appointment,11:30,,
3/12/2019,1532 20th Street,Stylist visit,12:00,,
3/8/2019,1532 20th Street,Stylist visit,10:00,,
3/14/2019,1047 Lincoln Highway suite 101,Hairdresser appointment,13:30,,
3/8/2019,6790 McKinley Street #180,Hair care,18:30,,
3/1/2019,1532 20th Street,Stylist visit,16:00,,
3/14/2019,820 East El Camino Real,Hairdresser appointment,10:00,,
3/10/2019,1047 Lincoln Highway suite 101,Hairdresser appointment,13:30,,
3/6/2019,1012 Oak Grove Avenue,Stylist visit,17:00,,
3/4/2019,930 Admiral Callaghan Lane,Hairdresser appointment,17:00,,
3/10/2019,450 East El Camino Real,Hairdresser appointment,10:30,,
3/11/2019,1274 Benton Street,not at work,11:30,,
3/3/2019,450 East El Camino Real,Hairdresser appointment,16:30,,
3/13/2019,3136 Contra Loma Boulevard,Stylist appointment,10:30,,
3/7/2019,1532 20th Street,Stylist visit,15:30,,
3/10/2019,1880 Solano Avenue,Hair salon,17:30,,
3/13/2019,2485 De La Cruz Boulevard,errand,14:45,,
3/2/2019,21314 San Ramon Valley Boulevard,Hairdresser appointment,18:00,,
3/6/2019,"Nut Tree Village, 1631 East Monte Vista Avenue K101",Salon,15:00,,
3/10/2019,40645 Fremont Boulevard,Busy,18:00,,
3/1/2019,1532 20th Street,Stylist visit,16:15,,
3/2/2019,1639 North California Boulevard,Stylist,16:00,,
3/10/2019,1532 20th Street,Stylist visit,14:00,,
3/11/2019,1532 20th Street,Stylist visit,13:30,,
3/4/2019,1532 20th Street,Stylist visit,17:30,,
3/5/2019,14531 Big Basin Way,Hair salon,12:00,,
3/13/2019,1386 Fitzgerald Drive,Stylist visit,15:00,,
3/7/2019,1775 Park Avenue,Salon,10:45,,
3/1/2019,4801 Telegraph Avenue,Hairdresser appointment,16:30,,
3/14/2019,301 Hartz Avenue #105,out of office,17:30,,
3/7/2019,2040 Ralston Avenue Ste B,Salon,16:00,,
3/6/2019,1532 20th Street,Stylist visit,10:30,,
3/5/2019,2100 Avy Avenue,Hairdresser appointment,15:00,,
3/10/2019,1532 20th Street,Stylist visit,12:30,,
3/10/2019,1532 20th Street,Stylist visit,13:00,,
3/11/2019,1532 20th Street,Stylist visit,12:30,,
3/2/2019,205 5th Street D,out of office,11:00,,
3/9/2019,4801 Telegraph Avenue,Hairdresser appointment,15:00,,
3/2/2019,1047 Lincoln Highway suite 101,Hairdresser appointment,12:30,,
3/14/2019,1734 El Camino Real,Salon,16:30,,
3/13/2019,1047 Lincoln Highway suite 101,Hairdresser appointment,13:30,,
3/2/2019,3136 Contra Loma Boulevard,Stylist,18:00,,
3/5/2019,301 Hartz Avenue #105,out of office,12:00,,
3/1/2019,1047 Lincoln Highway suite 101,Hairdresser appointment,17:00,,
3/2/2019,4801 Telegraph Avenue,Hairdresser appointment,10:30,,
3/1/2019,2380 Sutter Street,ENT visit,15:15,,
3/1/2019,100 North Wiget Lane Suite 270,Appointment,13:00,,
3/8/2019,301 Old San Francisco Road Level 2,GP appointment,12:00,,
3/6/2019,3440 Hillcrest Avenue Suite 150,Doctor appointment,11:15,,
3/1/2019,3300 Webster Street #1200,Doctor visit,15:00,,
3/14/2019,"795 El Camino Real Jamplis Building, Level 1",doctor appointment,11:00,,
3/9/2019,2400 Samaritan Drive #105,Doctor appointment,17:15,,
3/4/2019,2400 Samaritan Drive #105,Doctor appointment,14:00,,
3/3/2019,1085 West El Camino Real Level 2,Doctor appointment,16:00,,
3/5/2019,2301 Camino Ramon,general practitioner,11:30,,
3/13/2019,5050 West El Camino Real # 110,doctor appointment,17:00,,
3/3/2019,935 Trancas Street,GP appointment,11:00,,
3/9/2019,1501 Trousdale Drive #2,Doctor appointment,17:15,,
3/10/2019,"1, 4050 Dublin Boulevard",Doctor visit,11:30,,
3/7/2019,500 Doyle Park Drive #200,Visit to doctor,10:00,,
3/8/2019,3536 Mendocino Avenue #380,Doc appointment,15:30,,
3/12/2019,"2929, 2290 Sacramento Street",Doctor visit,16:15,,
3/11/2019,2700 Grant Street Suite 200,Doctor appointment,12:00,,
3/8/2019,4906 West El Camino Real # A,ENT Specialist,14:30,,
3/12/2019,655 Redwood Highway Suite 100,Doctor appointment,11:15,,
3/6/2019,200 Jose Figueres Avenue #490,Visit to doctor,15:00,,
3/3/2019,"Sonoma Ave, # 44, 1820 Doctors Park Drive",Doctor appointment,15:30,,
3/8/2019,1550 Gateway Boulevard,general practitioner,16:00,,
3/3/2019,301 Old San Francisco Road Level 2,general practitioner,17:00,,
3/7/2019,1100 Trancas Street #209,Doctor appointment,17:00,,
3/13/2019,730 Welch Road 1st Floor,Doctor appointment,16:30,,
3/11/2019,5161 Clayton Road Suite F,GP appointment,14:00,,
3/2/2019,935 Trancas Street,GP appointment,15:00,,
3/13/2019,17251 Hesperian Boulevard,Doctor appointment,10:00,,
3/6/2019,3850 Grand Avenue,Doctor appointment,17:15,,
3/11/2019,3300 Webster Street #1200,Visit to doctor,11:45,,
3/2/2019,1580 Valencia Street #508,Doctor appointment,12:00,,
3/5/2019,2100 Webster Street suite 214,Doc appointment,10:45,,
3/4/2019,655 Redwood Highway Suite 100,Doctor appointment,14:30,,
3/6/2019,280 Baldwin Avenue,Doc appointment,12:00,,
3/9/2019,"Sonoma Ave, # 44, 1820 Doctors Park Drive",doctor,11:30,,
3/9/2019,5050 West El Camino Real # 110,doctor appointment,14:15,,
3/14/2019,991 County Highway G4 STE 104,Doctor appointment,14:45,,
3/14/2019,"2929, 2290 Sacramento Street",Doctor visit,15:30,,
3/12/2019,5050 West El Camino Real # 110,doctor appointment,16:00,,
3/9/2019,1008 Laurel Street,doctor appointment,11:30,,
3/12/2019,329 Tennessee Street,Doctor appointment,11:00,,
3/11/2019,9460 No Name Uno # 210,Visit to doctor,14:15,,
3/5/2019,701 E El Camino Real 2nd Floor,Doctor appointment,14:30,,
3/3/2019,460 34th Street,doctor appointment,11:30,,
3/10/2019,433 Estudillo Avenue #303,Doc appointment,16:00,,
3/2/2019,301 Old San Francisco Road Level 2,GP appointment,15:30,,
3/14/2019,2700 International Boulevard # 35,GP visit,16:00,,
3/8/2019,2301 Camino Ramon,Doctor appointment,16:00,,
3/7/2019,4680 Tassajara Road,Doctor visit,16:00,,
3/3/2019,80 Nicholl Avenue,Doctor appointment,12:00,,
3/5/2019,3440 Hillcrest Avenue Suite 150,Doctor appointment,16:00,,
3/1/2019,2211 Bush Street,Doctor visit,15:30,,
3/13/2019,3807 Lone Tree Way,Visit to doctor,16:00,,
3/4/2019,888 Oak Grove Avenue #8,Doc appointment,14:45,,
3/7/2019,211 Quarry Road,Doctor appointment,11:30,,
3/5/2019,655 Redwood Highway Suite 100,Doctor appointment,10:30,,
3/2/2019,5050 West El Camino Real # 110,doctor appointment,14:00,,
3/11/2019,1546 Maurice Lane,Apartment visit,18:30,,
3/8/2019,400 East Remington Drive,Visit appointment,17:30,,
3/5/2019,900 Pepper Tree Lane,House,15:00,,
3/4/2019,1811 Novato Blvd,Apartment visit,12:30,,
3/5/2019,400 East Remington Drive,property visit appointment,11:30,,
3/14/2019,5255 Clayton Road,Apartment visit,9:30,,
3/3/2019,4757 Snyder Lane,Property appointment,11:30,,
3/14/2019,947 Branham Lane # C,House,18:30,,
3/3/2019,1500 Vista Club Circle,property visit appointment,14:30,,
3/7/2019,133 North Temple Drive,Property visit,14:30,,
3/11/2019,24660 Amador Street,Visit appointment,9:00,,
3/14/2019,20353 Park Way,Visit appointment,9:30,,
3/13/2019,25100 Cypress Avenue,Property appointment,16:00,,
3/2/2019,2290 California Street,Property appointment,15:00,,
3/10/2019,350 Sharon Park Drive,House,10:00,,
3/1/2019,300 Timberhead Lane,property visit appointment,10:00,,
3/14/2019,135 Freeway Drive,property visit appointment,14:30,,
3/11/2019,150 Sierra Drive,Apartment visit,15:00,,
3/2/2019,1270 Linford Lane,property visit appointment,18:00,,
3/11/2019,2605 Haste Street,property visit appointment,12:00,,
3/14/2019,2000 Shoreline Loop,Property,16:30,,
3/10/2019,1688 Clayton Road,Visit appointment,9:00,,
3/12/2019,135 Acalanes Drive,Apartment visit,16:30,,
3/2/2019,275 Hawthorne Avenue,Property appointment,12:30,,
3/14/2019,24660 Amador Street,Visit appointment,16:00,,
3/4/2019,1400 A Street,Property,9:30,,
3/14/2019,2290 California Street,Property appointment,9:00,,
3/11/2019,215 Bayview Street,House,8:30,,
3/13/2019,1107 Porter Street,House,11:30,,
3/8/2019,1195 Saranap Avenue # 14,Apartment visit,12:00,,
3/11/2019,947 Branham Lane # C,House,10:00,,
3/5/2019,544 Central Avenue,Property,15:00,,
3/5/2019,1711 Detroit Avenue,Property,16:00,,
3/9/2019,4656 Quigg Drive,Property appointment,13:00,,
3/6/2019,275 Hawthorne Avenue,Property appointment,9:30,,
3/8/2019,1546 Maurice Lane,Visit appointment,9:00,,
3/8/2019,790 Lincoln Avenue,property visit appointment,8:30,,
3/3/2019,199 Aegean Way,Apartment visit,8:30,,
3/5/2019,400 East Remington Drive,property visit appointment,13:30,,
3/12/2019,2000 Shoreline Loop,Property,11:30,,
3/5/2019,19 Panorama Drive,Property appointment,11:30,,
3/8/2019,2290 California Street,Property appointment,12:30,,
3/6/2019,1475 167th Avenue,property visit appointment,15:30,,
3/1/2019,31755 Alvarado Boulevard,Property appointment,18:30,,
3/11/2019,4350 San Pablo Dam Road #8,Visit appointment,13:00,,
3/13/2019,4757 Snyder Lane,Property appointment,11:30,,
3/3/2019,1270 Linford Lane,property visit appointment,17:00,,
3/12/2019,2400 Shady Willow Lane,Apartment visit,15:00,,
3/13/2019,2211 Hastings Drive,House,14:30,,
3/12/2019,1282 Mattox Road,New house,9:30,,
3/14/2019,135 Freeway Drive,property visit appointment,15:30,,
3/9/2019,160 Wilford Lane,Apartment visit,17:00,,
3/14/2019,500 Ioof Avenue,Property visit,11:00,,
3/6/2019,1290 San Tomas Aquino Road,Apartment visit,15:00,,
3/10/2019,5 Hutchins Way,Visit appointment,16:30,,
3/6/2019,275 Hawthorne Avenue,Property appointment,14:00,,
3/2/2019,4757 Snyder Lane,Property appointment,14:00,,
3/3/2019,150 Sierra Drive,Apartment visit,13:00,,
3/6/2019,19 Panorama Drive,Property appointment,12:30,,
3/5/2019,1155 San Pablo Avenue,New house,15:30,,
3/7/2019,24955 Cypress Avenue,Property visit,17:00,,
3/7/2019,699 Gravenstein Highway North,Property visit,15:30,,
3/13/2019,1400 A Street,Apartment visit,18:30,,
3/7/2019,400 East Remington Drive,property visit appointment,9:00,,
3/14/2019,400 East Remington Drive,Visit appointment,17:30,,
3/5/2019,24660 Amador Street,Visit appointment,16:30,,
3/13/2019,1100 Market Street,Food,11:30,,
3/4/2019,1546 Maurice Lane,Visit appointment,18:00,,
3/11/2019,34050 Westchester Terrace,Property visit,14:00,,
3/6/2019,293 Shasta Drive,House,17:00,,
3/5/2019,210 Douglas Street # 100,Apartment visit,11:30,,
3/2/2019,947 Branham Lane # C,Property visit,16:00,,
3/3/2019,400 East Remington Drive,property visit appointment,11:00,,
3/14/2019,200 Greenbriar Circle,New house,10:00,,
3/7/2019,1100 Market Street,property visit appointment,12:00,,
3/11/2019,20 East Main Street,Property,15:30,,
3/9/2019,825 Russell Avenue,property visit appointment,14:00,,
3/7/2019,2355 Fairfield Avenue,Property visit,17:30,,
3/13/2019,707 Continental Circle,Property,17:00,,
3/1/2019,1000 Kiely Boulevard,Apartment visit,12:00,,
3/4/2019,1059 Reed Avenue,Visit appointment,9:30,,
3/14/2019,160 Wilford Lane,Apartment visit,14:30,,
3/7/2019,1290 San Tomas Aquino Road,Apartment visit,16:30,,
3/11/2019,947 Branham Lane # C,Property visit,10:30,,
3/8/2019,1000 Canyon Village Circle,New house,16:00,,
3/6/2019,1290 San Tomas Aquino Road,Apartment visit,8:00,,
3/5/2019,1711 Detroit Avenue,Property,12:00,,
3/3/2019,1700 Promontory Lane,Apartment visit,11:30,,
3/4/2019,3770 Flora Vista Avenue,Property visit,9:00,,
3/11/2019,2355 Fairfield Avenue,Property,10:30,,
3/9/2019,5643 Charlotte Way,property visit appointment,13:00,,
3/4/2019,1275 Central Boulevard,Property visit,12:30,,
3/7/2019,19972 Stanton Avenue,New house,17:30,,
3/4/2019,1107 Porter Street,House,10:00,,
3/7/2019,947 Branham Lane # C,Property visit,9:30,,
3/9/2019,4261 Stevenson Boulevard,New house,12:00,,
3/5/2019,707 Continental Circle,Property,9:30,,
3/13/2019,4950 Empire Avenue # D2,Property appointment,12:00,,
3/13/2019,4757 Snyder Lane,Property appointment,12:00,,
3/5/2019,400 East Remington Drive,Visit appointment,13:00,,
3/10/2019,1711 Detroit Avenue,Property,16:00,,
3/5/2019,36163 Fremont Boulevard,property visit appointment,12:30,,
3/13/2019,1000 Kiely Boulevard,Apartment visit,12:30,,
3/12/2019,5643 Charlotte Way,property visit appointment,15:00,,
3/11/2019,350 Gunter Lane,House,15:00,,
3/8/2019,400 East Remington Drive,Visit appointment,15:00,,
3/4/2019,1890 Dover Avenue,Property appointment,17:00,,
3/12/2019,1546 Maurice Lane,Visit appointment,8:00,,
3/11/2019,5317 Creely Avenue,Property,13:00,,
3/11/2019,1055 East Evelyn Avenue,Visit appointment,8:30,,
3/13/2019,2211 Hastings Drive,House,12:00,,
3/6/2019,1290 San Tomas Aquino Road,Apartment visit,8:30,,
3/13/2019,4170 Springlake Drive,New house,10:30,,
3/6/2019,2000 Shoreline Loop,Property,13:30,,
3/8/2019,22185 Center Street # 59,Property visit,17:00,,
3/4/2019,1546 Maurice Lane,Apartment visit,10:00,,
3/5/2019,2400 Shady Willow Lane,Apartment visit,17:30,,
3/3/2019,1510 Marina Vista,Property visit,15:30,,
3/9/2019,22800 Meridian Drive,Property appointment,13:00,,
3/11/2019,1546 Maurice Lane,Apartment visit,10:30,,
3/11/2019,150 Sierra Drive,Apartment visit,12:00,,
3/2/2019,2190 Eastridge Loop,Movie at AMC Eastridge 15,12:00,,
3/1/2019,641 1st Street,Movie show,18:30,,
3/1/2019,2274 Shattuck Avenue,Movie at United Artists Berkeley 7,21:45,,
3/8/2019,2317 Central Avenue,Movie show,19:00,,
3/2/2019,2306 Almaden Road,Movie show,14:00,,
3/1/2019,2490 First Street,Movie at Livermore 13 Cinema,22:00,,
3/3/2019,125 Crescent Drive,Movie at Century 16 Downtown,22:30,,
3/1/2019,1875 South Bascom Avenue,Movie show,21:15,,
3/3/2019,400 Newpark Mall,Movie show,21:00,,
3/8/2019,2317 Central Avenue,Movie show,18:45,,
3/2/2019,1875 South Bascom Avenue,Movie show,15:30,,
3/3/2019,2306 Almaden Road,Movie at CineLux Almaden Cinema,21:30,,
3/2/2019,6000 Bollinger Canyon Road Suite 2300,Movie show,15:30,,
3/2/2019,3111 Mission College Boulevard,Movie at AMC Mercado 20,17:00,,
3/2/2019,2274 Shattuck Avenue,Movie at United Artists Berkeley 7,15:30,,
3/8/2019,2317 Central Avenue,Movie show,16:30,,
3/2/2019,3200 Klose Way,Movie show,15:00,,
3/2/2019,4451,Movie at Sonoma Cinema,15:30,,
3/1/2019,1 Embarcadero Center,Movie show,20:45,,
3/6/2019,409 Aviation Boulevard,Movie show,21:30,,
3/7/2019,549 Magnolia Avenue,Movie show,16:30,,
3/8/2019,549 Magnolia Avenue,Movie show,15:45,,
3/1/2019,6868 McKinley Street,Movie at Rialto Cinemas,21:30,,
3/8/2019,125 Crescent Drive,Movie show,22:30,,
3/3/2019,601 Van Ness Avenue,Movie show,21:30,,
3/4/2019,6000 Bollinger Canyon Road Suite 2300,Movie at THE LOT City Center,11:00,,
3/2/2019,1069 B Street,Movie show,15:30,,
3/1/2019,7000 Northgate Drive,Movie at Century,21:00,,
3/1/2019,6000 Bollinger Canyon Road Suite 2300,Movie show,20:30,,
3/9/2019,2508,Movie show,19:00,,
3/1/2019,409 Aviation Boulevard,Movie at Airport Stadium 12,22:00,,
3/1/2019,109 Plaza Dr. Gateway Plaza Center,Movie show,21:30,,
3/2/2019,2525 Sand Creek Road,Movie show,13:30,,
3/2/2019,125 Crescent Drive,Movie at Century 16 Downtown,16:30,,
3/6/2019,2317 Central Avenue,Movie show,16:15,,
3/7/2019,2317 Central Avenue,Movie show,20:00,,
3/2/2019,1118 4th Street,Movie at Smith Rafael Film Center,20:30,,
3/1/2019,7000 Northgate Drive,Movie at Century,22:00,,
3/1/2019,2149 Chestnut Street,Movie show,20:00,,
3/1/2019,6000 Bollinger Canyon Road Suite 2300,Movie show,14:15,,
3/5/2019,1 Embarcadero Center,Movie show,21:00,,
3/7/2019,2306 Almaden Road,Movie show,21:30,,
3/7/2019,1722 First Street,Movie show,18:30,,
3/2/2019,2490 First Street,Movie show,18:45,,
3/2/2019,4085 Century Boulevard,Movie at Maya Pittsburg Cinemas,21:00,,
3/3/2019,3111 Mission College Boulevard,Movie show,11:00,,
3/1/2019,85 Santa Rosa Avenue,Movie show,22:00,,
3/2/2019,2490 First Street,Movie show,15:30,,
3/3/2019,5614 Bay Street Suite 220,Movie show,19:00,,
3/7/2019,221 University Avenue,Movie at Stanford Theatre,19:15,,
3/2/2019,3117 16th St,Movie at Roxie Theater,21:15,,
3/1/2019,2855 Stevens Creek Boulevard Suite 2160,Movie at ShowPlace ICON Valley Fair,22:00,,
3/5/2019,1 Embarcadero Center,Movie show,21:30,,
3/14/2019,3630 Balboa Street,Movie show,19:30,,
3/3/2019,135 4th Street Suite 3000,Movie show,10:00,,
3/10/2019,474 24th Street,Movie show,22:30,,
3/2/2019,43 North Santa Cruz Avenue,Movie at Los Gatos Theatre,20:30,,
3/2/2019,200 C Street,Movie show,15:30,,
3/7/2019,620 3rd Street,Movie show,20:15,,
3/1/2019,2575 California Street #90,Movie show,22:00,,
3/1/2019,1875 South Bascom Avenue,Movie at Pruneyard Dine-In Cinemas,21:30,,
3/8/2019,5614 Bay Street Suite 220,Movie show,16:00,,
3/1/2019,121 East 1st Street,Movie at The Clover Theater,20:00,,
3/2/2019,2490 First Street,Movie show,18:30,,
3/1/2019,620 3rd Street,Movie show,20:30,,
3/6/2019,100 Washington Street,Reservation at The Shuckery,21:30,,
3/2/2019,2306 Almaden Road,Movie show,16:30,,
3/8/2019,400 Newpark Mall,Movie at AMC NewPark 12,16:30,,
3/9/2019,Shattuck Avenue,Movie show,19:00,,
3/3/2019,200 C Street,Movie at Boulevard 14 Cinema,20:00,,
3/8/2019,1115 Solano Avenue,Movie show,19:00,,
3/2/2019,3630 Balboa Street,Movie show,16:00,,
3/9/2019,474 24th Street,Movie show,15:30,,
3/2/2019,2525 Sand Creek Road,Movie show,16:45,,
3/3/2019,350 Park Street,Movie at Rheem Theatre,19:30,,
3/6/2019,4451,Movie at Sonoma Cinema,19:00,,
3/1/2019,474 24th Street,Movie at The New Parkway Theater,20:30,,
3/5/2019,6000 Bollinger Canyon Road Suite 2300,Movie show,11:00,,
3/2/2019,3290 Sacramento Street,Movie show,19:15,,
3/1/2019,280 Smith Ranch Road,Movie show,19:30,,
3/3/2019,2306 Almaden Road,Movie show,21:15,,
3/2/2019,15555 East 14th Street,Movie show,15:45,,
3/7/2019,1 Embarcadero Center,Movie at Landmark's Embarcadero Center Cinema,21:00,,
3/2/2019,6000 Bollinger Canyon Road Suite 2300,Movie at THE LOT City Center,16:45,,
3/2/2019,4451,Movie at Sonoma Cinema,19:00,,
3/8/2019,200 C Street,Movie show,19:45,,
3/3/2019,2317 Central Avenue,Movie show,20:00,,
3/8/2019,949 El Camino Real,Movie show,18:45,,
3/8/2019,15555 East 14th Street,Movie at Century 16,22:30,,
3/8/2019,2490 First Street,Movie show,21:00,,
3/2/2019,2306 Almaden Road,Movie show,23:00,,
3/2/2019,1069 B Street,Movie show,16:00,,
3/1/2019,4204 Lone Tree Way,Movie show,19:00,,
3/4/2019,549 Magnolia Avenue,Movie show,10:30,,
3/2/2019,1722 First Street,Movie at Vine Cinema & Alehouse,19:00,,
3/1/2019,1875 South Bascom Avenue,Movie show,20:30,,
3/6/2019,620 3rd Street,Movie show,20:15,,
3/1/2019,2317 Central Avenue,Movie show,22:00,,
3/3/2019,400 Newpark Mall,Movie show,22:30,,
3/5/2019,400 Newpark Mall,Movie at AMC NewPark 12,11:00,,
3/5/2019,620 3rd Street,Movie show,20:45,,
3/1/2019,1599 Sanchez Street,Food,16:45,,
3/1/2019,1760 Polk Street,Lunch at 1760,17:00,,
3/8/2019,601 Van Ness Avenue,Movie show,11:45,,
3/1/2019,9725 East 14th Street,Restaurant reservation,17:00,,
3/1/2019,1599 Sanchez Street,Food,12:00,,
3/10/2019,458 B Street,Restaurant reservation for 4 at Mariscos El Patron,19:30,,
3/1/2019,815 Main Street,Restaurant reservation for 5 at La Taberna,17:00,,
3/1/2019,3119 Clement Street,Reservation at El Mansour,12:15,,
3/14/2019,27 Union Square,Reservation at Mcdonald's,18:00,,
3/1/2019,2018 Lombard Street,Restaurant reservation for 5 at Alegrias,11:30,,
3/1/2019,2033 Camden Avenue # F3,Reservation at Chef Li,19:00,,
3/5/2019,601 Van Ness Avenue,Reservation at 2g Japanese Brasserie,17:45,,
3/1/2019,542 A Mason Street,Restaurant reservation at Akiko's Sushi Bar,11:30,,
3/1/2019,23 Ross Common Box 793,Restaurant reservation for 5 at Marche Aux Fleurs,11:15,,
3/3/2019,2220 First Street,Food,18:45,,
3/1/2019,6576 Oakmont Drive,Restaurant reservation for 6 at Mei-don Chinese Cuisine,19:00,,
3/11/2019,145 Peabody Road,Restaurant,13:30,,
3/1/2019,1760 Polk Street,Lunch at 1760,18:30,,
3/1/2019,850 Broadway,Restaurant reservation,12:30,,
3/14/2019,20390 Lake Chabot Road,Restaurant reservation,17:30,,
3/13/2019,121 East Spain Street,Reservation at La Casa,19:30,,
3/1/2019,542 A Mason Street,Restaurant reservation at Akiko's Sushi Bar,11:00,,
3/11/2019,245 South Airport Boulevard,Eat,19:30,,
3/1/2019,1754 Polk Street,Reservation at Amelie San Francisco,17:00,,
3/12/2019,1760 Polk Street,Lunch at 1760,19:30,,
3/1/2019,4590 Dublin Boulevard,Lunch at Tomatina,18:30,,
3/1/2019,601 Van Ness Avenue,Restaurant reservation for 6 at 2g Japanese Brasserie,17:30,,
3/1/2019,1900 Telegraph Avenue,Eat,19:30,,
3/7/2019,4776 Sonoma Highway,Eat,13:30,,
3/1/2019,6 Petaluma Boulevard North,Reservation at Wild Goat Bistro,17:00,,
3/1/2019,1760 Polk Street,Reservation at 1760,16:30,,
3/1/2019,601 Van Ness Avenue,Movie show,11:00,,
3/1/2019,121 East Spain Street,Restaurant reservation,19:00,,
3/1/2019,57 North Milpitas Boulevard,Reservation at Honey Thai Restaurant,11:30,,
3/3/2019,4485 Stevens Creek Boulevard,Restaurant reservation for 3 at El Amigo Burrito,13:30,,
3/13/2019,20688 Stevens Creek Boulevard,Restaurant reservation at Rubio's Coastal Grill,19:00,,
3/14/2019,1153 Valencia Street,Restaurant reservation at El Valenciano,11:00,,
3/1/2019,127 North McDowell Boulevard,Eat,12:45,,
3/1/2019,601 Van Ness Avenue,Reservation at 2g Japanese Brasserie,18:30,,
3/10/2019,601 Van Ness Avenue,Movie show,12:30,,
3/10/2019,2293 Mission Street,Lunch at Alba Ray's,11:00,,
3/8/2019,542 A Mason Street,Restaurant reservation at Akiko's Sushi Bar,19:00,,
3/5/2019,121 East Spain Street,Restaurant reservation,12:15,,
3/1/2019,4293 Piedmont Avenue,Restaurant reservation for 5 at Dopo,16:30,,
3/1/2019,940 Webster Street,Dinner at Fortune Restaurant,13:15,,
3/2/2019,21275 Stevens Creek Boulevard #510,Restaurant reservation for 2 at Enzo's Italian Restaurant,19:30,,
3/10/2019,1432 North Main Street,Restaurant reservation for 2 at Sasa,12:00,,
3/4/2019,5251 Martinelli Way,Restaurant reservation at Pacific Catch,11:15,,
3/1/2019,3775 El Camino Real,Reservation at The Fish Market,11:00,,
3/6/2019,542 A Mason Street,Restaurant reservation at Akiko's Sushi Bar,17:30,,
3/1/2019,578 Magnolia Avenue,Restaurant reservation for 2 at Fukusuke Restaurant,19:00,,
3/1/2019,1700 Coyote Point Drive,Dinner at Poplar Creek Grill,11:00,,
3/10/2019,1501 Solano Avenue,Reservation at Fonda,12:00,,
3/12/2019,1932 Oak Park Boulevard,Restaurant reservation for 3 at Dallimonti's Italian Restaurant,19:30,,
3/1/2019,50 Moraga Avenue,Reservation at Arguello,12:30,,
3/13/2019,1449 Lombard Street,Reservation at Aato,18:45,,
3/13/2019,542 A Mason Street,Restaurant reservation at Akiko's Sushi Bar,10:45,,
3/1/2019,542 A Mason Street,Restaurant reservation at Akiko's Sushi Bar,13:15,,
3/1/2019,135 North Santa Cruz Avenue,Restaurant reservation for 6 at Kamakura Japanese Restaurant,19:30,,
3/1/2019,112 South B Street,Reservation at Old Town Sushi,19:15,,
3/12/2019,1585 University Avenue,Restaurant reservation for 5 at Himalayan Flavors,18:30,,
3/1/2019,2300 First Street #110,Restaurant reservation for 5 at Simply Fondue,18:30,,
3/4/2019,127 Throckmorton Avenue,Restaurant reservation at La Ginestra,18:30,,
3/3/2019,1535 Landess Avenue #143,Reservation at Korea Garden,11:30,,
3/3/2019,542 A Mason Street,Restaurant reservation at Akiko's Sushi Bar,11:30,,
3/1/2019,176 South Murphy Avenue,Reservation at Gumba's,12:00,,
3/1/2019,23240 California 1,Food,11:30,,
3/1/2019,601 Van Ness Avenue,Movie at Landmark's Opera Plaza Cinema,18:45,,
3/11/2019,601 Van Ness Avenue,Reservation at 2g Japanese Brasserie,12:00,,
3/1/2019,4590 Dublin Boulevard,Lunch at Tomatina,18:00,,
3/4/2019,1599 Sanchez Street,Reservation at Alice's,18:00,,
3/1/2019,1801 Alemany Boulevard,Reservation at Beijing Restaurant,12:00,,
3/1/2019,3060 Kerner Boulevard,Restaurant reservation for 3 at Los Palillos Restaurant,18:15,,
3/1/2019,1599 Sanchez Street,Reservation at Alice's,17:00,,
3/12/2019,127 Clement Street,Dinner at B Star,12:30,,
3/1/2019,1760 Polk Street,Lunch at 1760,18:00,,
3/1/2019,2635 Ashby Avenue,Eat,12:45,,
3/1/2019,711 Geary Street,Reservation at Barnzu,18:15,,
3/1/2019,4776 Sonoma Highway,Eat,13:15,,
3/7/2019,Milpitas Square,Reservation at Anjappar Chettinad Restaurant,18:00,,
3/1/2019,1760 Polk Street,Lunch at 1760,16:45,,
3/6/2019,205 Franklin Street,Lunch at B-side,18:00,,
3/1/2019,615 Jackson Street,Restaurant reservation at Begoni Bistro,19:00,,
3/5/2019,115 Hartz Avenue,Dinner at Lotus Thai Restaurant,18:45,,
3/7/2019,71 North San Pedro Street,Reservation at 71 Saint Peter,18:00,,
3/1/2019,641 Santa Cruz Avenue,Restaurant reservation,11:00,,
3/1/2019,1599 Sanchez Street,Reservation at Alice's,17:30,,
3/1/2019,1599 Sanchez Street,Reservation at Alice's,19:00,,
3/7/2019,2053 Broadway,Reservation at Rocknwraps And Kabobs,18:30,,
3/8/2019,542 A Mason Street,Restaurant reservation at Akiko's Sushi Bar,11:30,,
3/7/2019,601 Van Ness Avenue,Reservation at 2g Japanese Brasserie,17:30,,
3/11/2019,542 A Mason Street,Restaurant reservation at Akiko's Sushi Bar,18:30,,
3/10/2019,176 South Murphy Avenue,Reservation at Gumba's,12:30,,
3/1/2019,1429 Main Street,Eat,10:30,,
3/11/2019,868 Grant Avenue,Restaurant reservation at Batika India Bistro,18:15,,
3/1/2019,807 1st Street,Lunch at Mai Thai Cuisine,18:30,,
3/10/2019,21267 Stevens Creek Boulevard #200,Reservation at A Plus Cafe,19:30,,
3/3/2019,301 East 4th Avenue,Restaurant reservation at Izakaya Ginji,17:00,,
3/1/2019,1754 Polk Street,Reservation at Amelie San Francisco,12:00,,
3/1/2019,2053 Broadway,Reservation at Rocknwraps And Kabobs,17:00,,
3/1/2019,35144 Newark Boulevard,Reservation at Mumbai Chowk,13:00,,
3/13/2019,,,,21:30,13:30
3/8/2019,,,,15:00,8:00
3/2/2019,,,,18:00,9:00
3/14/2019,,,,21:30,8:00
3/8/2019,,,,18:30,15:30
3/2/2019,,,,13:00,8:00
3/13/2019,,,,15:00,11:00
3/9/2019,,,,22:00,15:30
3/2/2019,,,,23:00,6:00
3/6/2019,,,,15:30,6:00
3/5/2019,,,,21:30,14:30
3/12/2019,,,,21:00,8:00
3/13/2019,,,,22:00,14:00
3/8/2019,,,,21:00,8:00
3/12/2019,,,,15:00,7:00
3/8/2019,,,,23:00,9:00
3/13/2019,,,,19:00,16:15
3/14/2019,,,,23:00,17:15
3/9/2019,,,,13:30,7:00
3/9/2019,,,,18:30,8:00
3/4/2019,,,,22:00,14:30
3/5/2019,,,,21:00,15:45
3/8/2019,,,,23:00,11:30
3/10/2019,,,,13:30,6:00
3/10/2019,,,,14:30,6:00
3/8/2019,,,,22:00,7:00
3/10/2019,,,,21:00,7:00
3/14/2019,,,,22:00,8:00
3/4/2019,,,,11:00,9:00
3/9/2019,,,,13:30,11:00
3/10/2019,,,,17:30,9:00
3/6/2019,,,,23:00,8:00
3/10/2019,,,,22:00,8:00
3/12/2019,,,,21:00,7:00
3/2/2019,,,,14:00,8:00
3/6/2019,,,,16:30,10:45
3/3/2019,,,,19:00,9:30
3/14/2019,,,,21:00,6:00
3/7/2019,,,,21:30,7:00
3/7/2019,,,,23:00,6:00
3/10/2019,,,,13:30,7:00
3/12/2019,,,,23:00,12:00
3/4/2019,,,,19:00,14:30
3/13/2019,,,,20:30,12:45
3/4/2019,,,,16:00,8:00
3/1/2019,,,,22:00,12:45
3/12/2019,,,,19:00,7:00
3/8/2019,,,,23:00,8:45
3/4/2019,,,,21:00,16:45
3/7/2019,,,,22:00,9:00
3/14/2019,,,,16:30,8:00
3/13/2019,,,,21:00,12:30
3/3/2019,,,,13:30,6:00
3/2/2019,,,,23:00,7:00
3/7/2019,,,,19:30,7:00
3/11/2019,,,,12:00,9:00
3/6/2019,,,,14:30,10:45
3/13/2019,,,,16:00,14:00
3/2/2019,,,,22:00,7:00
3/7/2019,,,,23:00,12:30
3/11/2019,,,,13:00,6:00
3/2/2019,,,,17:00,12:00
3/3/2019,,,,22:00,15:30
3/14/2019,,,,16:00,13:00
3/11/2019,,,,21:00,9:00
3/11/2019,,,,21:00,15:45
3/3/2019,,,,19:30,13:15
3/8/2019,,,,23:00,15:30
3/12/2019,,,,17:30,8:00
3/2/2019,,,,21:00,6:00
3/4/2019,,,,22:00,7:00
3/8/2019,,,,20:00,6:00
3/6/2019,,,,20:30,11:15
3/1/2019,,,,23:00,17:00
3/5/2019,,,,11:30,8:00
3/1/2019,,,,23:00,7:00
3/9/2019,,,,15:30,6:00
3/12/2019,,,,14:00,10:15
3/7/2019,,,,20:00,14:30
3/3/2019,,,,19:30,10:30
3/10/2019,,,,19:00,7:00
3/8/2019,,,,21:00,7:00
3/1/2019,,,,17:00,9:00
3/1/2019,,,,19:30,8:00
3/1/2019,,,,20:30,12:30
3/4/2019,,,,12:30,9:45
3/7/2019,,,,21:00,12:15
3/12/2019,,,,23:00,14:00
3/5/2019,,,,14:30,8:00
3/4/2019,,,,13:30,9:00
3/6/2019,,,,23:00,9:00
3/6/2019,,,,21:00,6:00
3/13/2019,,,,21:00,6:00
3/5/2019,,,,14:30,12:30
3/1/2019,,,,21:00,16:30
3/4/2019,,,,23:00,6:00
3/7/2019,,,,23:00,9:00
3/4/2019,,,,23:00,7:00
3/14/2019,,,,14:30,7:00
3/4/2019,,,,20:30,14:45
3/14/2019,,,,12:30,8:00
3/10/2019,,,,18:30,9:00
3/13/2019,,,,22:00,14:45
3/3/2019,,,,21:00,9:00
3/9/2019,,,,21:00,7:00
3/3/2019,,,,18:00,13:30
3/2/2019,,,,22:00,6:00
3/13/2019,,,,20:30,9:00
3/9/2019,,,,23:00,14:30
3/9/2019,,,,23:00,13:30
3/5/2019,,,,22:00,9:00
3/6/2019,,,,22:00,14:00
3/4/2019,,,,17:00,6:00
3/6/2019,,,,13:30,6:00
3/2/2019,,,,14:00,11:15
3/13/2019,,,,23:00,9:00
3/1/2019,,,,19:00,14:15
3/3/2019,,,,23:00,6:00
3/5/2019,,,,23:00,7:00
3/9/2019,,,,15:30,11:15
3/4/2019,,,,22:00,11:30
3/6/2019,,,,20:30,7:00
3/3/2019,,,,15:00,9:00
3/6/2019,,,,22:00,8:00
3/1/2019,,,,19:30,13:30
3/4/2019,,,,21:00,12:30
3/12/2019,,,,23:00,9:45
3/12/2019,,,,17:30,15:00
3/3/2019,,,,13:30,12:00
3/11/2019,,,,10:00,8:00
3/12/2019,,,,17:00,12:00
3/10/2019,,,,24:00:00,18:30
3/6/2019,,,,24:00:00,23:00
3/4/2019,,,,12:00,11:00
3/7/2019,,,,17:30,15:30
3/3/2019,,,,15:00,8:00
3/13/2019,,,,22:30,13:00
3/2/2019,,,,10:30,8:00
3/2/2019,,,,24:00:00,20:30
3/7/2019,,,,17:00,14:00
3/1/2019,,,,22:00,21:30
3/8/2019,,,,10:30,8:00
3/8/2019,,,,16:30,8:00
3/3/2019,,,,24:00:00,22:30
3/6/2019,,,,18:00,15:30
3/9/2019,,,,22:00,21:00
3/12/2019,,,,24:00:00,16:30
3/14/2019,,,,22:30,19:00
3/2/2019,,,,21:00,19:30
3/2/2019,,,,21:30,20:00
3/12/2019,,,,24:00:00,16:00
3/12/2019,,,,17:30,12:30
3/11/2019,,,,11:00,8:00
3/7/2019,,,,24:00:00,22:00
3/6/2019,,,,21:30,21:00
3/10/2019,,,,22:00,20:00
3/1/2019,,,,22:00,18:00
3/7/2019,,,,24:00:00,17:30
3/11/2019,,,,24:00:00,21:30
3/9/2019,,,,13:30,11:30
3/8/2019,,,,24:00:00,20:00
3/5/2019,,,,12:30,8:00
3/1/2019,,,,24:00:00,22:30
3/9/2019,,,,21:30,21:00
3/8/2019,,,,13:00,8:00
3/12/2019,,,,24:00:00,20:00
3/10/2019,,,,24:00:00,20:30
3/5/2019,,,,24:00:00,14:00
3/9/2019,,,,24:00:00,21:00
3/3/2019,,,,14:00,12:00
3/4/2019,,,,24:00:00,21:00
3/8/2019,,,,24:00:00,16:30
3/9/2019,,,,12:30,10:30
3/3/2019,,,,24:00:00,23:30
3/11/2019,,,,24:00:00,11:00
3/5/2019,,,,24:00:00,19:30
3/2/2019,,,,15:30,10:30
3/4/2019,,,,18:00,14:00
3/11/2019,,,,22:00,12:00
3/9/2019,,,,15:30,8:00
3/11/2019,,,,17:30,13:00
3/4/2019,,,,17:30,13:00
3/12/2019,,,,24:00:00,19:00
3/4/2019,,,,23:30,13:00
3/13/2019,,,,15:30,8:00
3/6/2019,,,,20:00,19:30
3/2/2019,,,,24:00:00,18:30
3/14/2019,,,,10:00,8:00
3/6/2019,,,,16:00,8:00
3/5/2019,,,,17:30,13:00
3/13/2019,,,,24:00:00,18:30
3/13/2019,,,,15:00,12:00
3/10/2019,,,,11:30,8:00
3/3/2019,,,,17:30,12:30
3/5/2019,,,,24:00:00,22:00
3/10/2019,,,,12:00,8:00
3/4/2019,,,,14:30,14:00
3/8/2019,,,,15:00,14:30
3/2/2019,,,,23:00,18:30
3/3/2019,,,,21:00,16:30
3/6/2019,,,,22:00,6:00
3/4/2019,,,,22:00,19:45
3/2/2019,,,,23:00,12:00
3/8/2019,,,,22:00,13:45
3/8/2019,,,,17:30,16:30
3/4/2019,,,,22:00,15:30
3/7/2019,,,,23:00,19:00
3/8/2019,,,,23:00,14:45
3/12/2019,,,,23:00,18:15
3/4/2019,,,,23:00,9:00
3/11/2019,,,,21:00,14:15
3/13/2019,,,,23:00,15:45
3/5/2019,,,,23:00,9:00
3/6/2019,,,,21:00,14:00
3/7/2019,,,,22:00,16:45
3/3/2019,,,,21:00,6:00
3/2/2019,,,,23:00,13:00
3/4/2019,,,,22:00,13:00
3/7/2019,,,,21:30,12:45
3/10/2019,,,,21:00,9:00
3/12/2019,,,,21:00,15:15
3/5/2019,,,,23:00,6:00
3/8/2019,,,,23:00,13:00
3/6/2019,,,,23:00,12:15
3/3/2019,,,,22:00,9:00
3/5/2019,,,,23:00,18:45
3/11/2019,,,,23:00,9:30
3/2/2019,,,,19:30,13:30
3/13/2019,,,,23:00,21:45
3/9/2019,,,,23:00,7:00
3/4/2019,,,,23:00,13:00
3/2/2019,,,,12:30,9:00
3/12/2019,,,,20:30,17:30
3/7/2019,,,,22:00,14:30
3/8/2019,,,,22:00,16:15
3/7/2019,,,,23:00,7:00
3/4/2019,,,,22:00,16:00
3/9/2019,,,,23:00,9:00
3/11/2019,,,,23:00,8:00
3/12/2019,,,,23:00,9:00
3/4/2019,,,,20:30,10:00
3/10/2019,,,,21:30,9:00
3/13/2019,,,,21:30,6:00
3/7/2019,,,,21:00,6:00
3/13/2019,,,,21:00,9:00
3/1/2019,,,,21:00,14:00
3/1/2019,,,,23:00,8:00
3/5/2019,,,,20:30,16:00
3/3/2019,,,,23:00,14:30
3/9/2019,,,,20:00,9:00
3/12/2019,,,,22:00,12:15
3/10/2019,,,,22:00,18:30
3/9/2019,,,,22:00,9:00
3/9/2019,,,,23:00,8:00
3/4/2019,,,,21:00,15:45
3/8/2019,,,,23:00,6:00
3/14/2019,,,,22:00,13:30
3/11/2019,,,,22:00,6:00
3/11/2019,,,,21:00,7:00
3/9/2019,,,,23:00,13:45
3/7/2019,,,,23:00,13:00
3/5/2019,,,,21:00,6:00
3/1/2019,,,,22:00,17:45
3/5/2019,,,,20:00,15:00
3/9/2019,,,,21:30,16:30
3/7/2019,,,,21:00,8:00
3/3/2019,,,,19:00,14:30
3/4/2019,,,,22:00,16:30
3/12/2019,,,,21:00,9:00
3/6/2019,,,,21:00,18:15
3/3/2019,,,,21:00,15:30
3/14/2019,,,,21:00,17:00
3/12/2019,,,,22:00,6:00
3/1/2019,,,,22:00,13:30
3/10/2019,,,,23:00,7:00
3/1/2019,,,,20:30,14:15
3/7/2019,,,,22:00,9:45
3/14/2019,,,,22:00,21:00
3/3/2019,,,,11:00,6:00
3/12/2019,,,,12:00,6:00
3/9/2019,,,,11:00,7:00
3/10/2019,,,,20:00,14:15
3/3/2019,,,,18:00,9:00
3/9/2019,,,,22:00,18:00
3/7/2019,,,,17:30,16:30
3/14/2019,,,,14:30,9:00
3/6/2019,,,,23:00,7:00
3/14/2019,,,,15:00,6:00
3/1/2019,,,,13:30,9:00
3/2/2019,,,,23:00,13:45
3/7/2019,,,,19:00,15:00
3/1/2019,,,,22:00,19:00
3/3/2019,,,,21:30,7:00
3/4/2019,,,,18:30,9:00
3/14/2019,,,,17:00,13:30
3/11/2019,,,,21:00,20:15
3/12/2019,,,,21:00,12:00
3/1/2019,,,,14:00,6:00
3/7/2019,,,,21:00,14:45
3/9/2019,,,,23:00,21:15
3/12/2019,,,,11:30,9:00
3/5/2019,,,,18:30,6:00
3/14/2019,,,,21:30,10:00
3/11/2019,,,,10:00,9:00
3/9/2019,,,,20:00,7:00
3/1/2019,,,,20:30,16:45
3/7/2019,,,,11:00,8:00
3/14/2019,,,,20:30,8:00
3/12/2019,,,,16:30,14:15
3/10/2019,,,,11:30,9:00
3/13/2019,,,,22:00,9:00
3/5/2019,,,,12:00,6:00
3/13/2019,,,,23:00,20:45
3/8/2019,,,,9:30,6:00
3/12/2019,,,,15:30,8:00
3/5/2019,,,,17:30,6:00
3/2/2019,,,,22:00,21:30
3/12/2019,,,,9:00,8:00
3/9/2019,,,,22:00,20:15
3/2/2019,,,,19:30,18:45
3/13/2019,,,,20:30,16:45
3/12/2019,,,,17:00,7:00
3/8/2019,,,,12:00,7:00
3/8/2019,,,,20:00,12:15
3/6/2019,,,,21:00,11:30
3/2/2019,,,,23:00,8:00
3/14/2019,,,,21:00,16:45
3/11/2019,,,,17:30,7:00
3/5/2019,,,,19:30,9:00
3/6/2019,,,,22:00,19:45
3/10/2019,,,,23:00,11:45
3/8/2019,,,,19:30,11:00
3/13/2019,,,,17:00,16:45
3/2/2019,,,,10:00,8:00
3/14/2019,,,,11:30,9:00
3/14/2019,,,,23:00,13:30
3/9/2019,,,,14:30,8:00
3/1/2019,,,,23:00,9:00
3/1/2019,,,,12:30,8:00
3/9/2019,,,,20:30,19:15
3/2/2019,,,,22:00,18:00
3/5/2019,,,,17:00,9:00
3/13/2019,,,,17:00,15:45
3/14/2019,,,,13:30,12:00
3/11/2019,,,,13:00,9:00
3/7/2019,,,,20:00,16:45
3/7/2019,,,,12:00,6:00
3/6/2019,,,,21:00,18:45
3/11/2019,,,,22:00,17:30
3/3/2019,,,,18:00,8:00
3/12/2019,,,,22:00,21:00
3/4/2019,,,,14:00,7:00
3/6/2019,,,,21:30,15:30
3/13/2019,,,,22:00,7:00
3/2/2019,,,,20:00,19:30
3/3/2019,,,,19:30,15:15
3/13/2019,,,,21:00,18:45
3/10/2019,,,,23:00,20:00
3/1/2019,,,,10:00,9:00
3/10/2019,,,,22:00,20:15
3/7/2019,,,,13:00,9:00
3/5/2019,,,,21:00,17:00
3/5/2019,,,,22:00,21:45
3/1/2019,,,,23:00,13:15
3/13/2019,,,,22:00,9:45
3/13/2019,,,,21:00,8:00
3/2/2019,,,,12:30,6:00
3/6/2019,,,,23:00,21:15
3/3/2019,,,,12:00,6:00
3/1/2019,,,,13:30,10:30
3/5/2019,,,,23:00,14:30
3/14/2019,,,,23:00,18:30
3/6/2019,,,,21:00,10:15
3/11/2019,,,,19:30,15:15
3/1/2019,,,,18:00,6:00
3/4/2019,,,,22:00,12:30
3/3/2019,,,,19:00,17:15
3/5/2019,,,,14:00,7:00
3/5/2019,,,,9:30,6:00
3/10/2019,,,,23:00,19:00
3/13/2019,,,,22:00,21:45
3/8/2019,,,,23:00,19:30
3/5/2019,,,,14:00,12:15
3/6/2019,,,,23:00,19:30
3/10/2019,,,,21:30,6:00
3/7/2019,,,,16:00,6:00
3/4/2019,,,,13:00,12:45
3/2/2019,,,,21:00,8:00
3/6/2019,,,,23:00,12:30
3/14/2019,,,,18:30,15:45
3/6/2019,,,,17:00,16:45
3/9/2019,,,,13:00,7:00
3/5/2019,,,,23:00,8:00
3/12/2019,,,,19:00,18:15
3/14/2019,,,,14:00,6:00
3/4/2019,,,,21:30,13:00
3/6/2019,,,,21:00,11:00
3/12/2019,,,,11:30,6:00
3/12/2019,,,,20:00,11:30
3/13/2019,,,,19:30,15:45
3/12/2019,,,,18:00,12:30
3/12/2019,,,,23:00,21:45
3/4/2019,,,,20:00,13:45
3/5/2019,,,,19:00,18:30
3/1/2019,,,,22:00,13:45
3/2/2019,,,,23:00,20:15
3/11/2019,,,,11:00,7:00
3/12/2019,,,,14:00,6:00
3/10/2019,,,,18:00,15:15
3/13/2019,,,,10:30,6:00
3/12/2019,,,,20:30,8:00
3/1/2019,,,,22:00,7:00
3/3/2019,,,,21:00,12:15
3/3/2019,,,,15:00,13:45
3/13/2019,,,,21:00,17:30
3/14/2019,,,,15:30,9:00
3/7/2019,,,,20:30,12:30
3/13/2019,,,,23:00,21:30
3/6/2019,,,,23:00,15:30
3/5/2019,,,,16:30,14:45
3/4/2019,,,,14:30,9:00
3/3/2019,,,,12:30,10:15
3/6/2019,,,,17:30,6:00
3/8/2019,,,,17:00,7:00
3/11/2019,,,,23:00,18:00
3/14/2019,,,,22:00,19:45
3/6/2019,,,,21:00,12:45
3/3/2019,,,,14:00,9:00
3/1/2019,,,,23:00,15:00
3/1/2019,,,,23:00,17:30
3/11/2019,,,,23:00,19:15
3/11/2019,,,,12:30,6:00
3/11/2019,,,,21:30,16:00
3/5/2019,,,,13:00,8:00
3/4/2019,,,,21:00,15:30
3/8/2019,,,,19:00,14:30
3/14/2019,,,,18:30,14:30
3/8/2019,,,,18:00,10:30
3/8/2019,,,,15:30,8:00
3/1/2019,,,,16:00,8:00
3/8/2019,,,,16:00,14:00
3/9/2019,,,,17:00,8:00
3/13/2019,,,,18:00,15:00
3/4/2019,,,,21:30,15:30
3/4/2019,,,,13:00,8:00
3/3/2019,,,,17:00,14:30
3/4/2019,,,,20:30,14:30
3/10/2019,,,,12:30,8:00
3/4/2019,,,,21:30,16:00
3/12/2019,,,,16:30,8:00
3/4/2019,,,,19:30,13:00
3/11/2019,,,,18:30,11:30
3/8/2019,,,,12:30,8:00
3/2/2019,,,,15:30,12:00
3/11/2019,,,,13:00,8:00
3/12/2019,,,,17:30,11:30
3/3/2019,,,,17:30,8:00
3/5/2019,,,,13:00,11:30
3/7/2019,,,,14:00,8:00
3/9/2019,,,,19:30,13:30
3/3/2019,,,,16:00,8:00
3/5/2019,,,,15:30,12:00
3/12/2019,,,,15:00,8:00
3/11/2019,,,,15:30,8:00
3/10/2019,,,,15:30,8:00
3/5/2019,,,,18:30,16:00
3/8/2019,,,,18:00,11:00
3/3/2019,,,,21:30,13:00
3/4/2019,,,,14:00,8:00
3/8/2019,,,,18:30,13:00
3/13/2019,,,,22:30,14:30
3/5/2019,,,,19:00,16:00
3/6/2019,,,,11:00,8:00
3/11/2019,,,,18:30,16:00
3/6/2019,,,,21:30,12:00
3/11/2019,,,,22:30,17:00
3/2/2019,,,,17:00,11:00
3/11/2019,,,,19:30,13:30
3/4/2019,,,,11:30,8:00
3/3/2019,,,,22:00,11:30
3/10/2019,,,,18:30,8:00
3/3/2019,,,,17:00,11:00
3/14/2019,,,,19:30,17:00
3/8/2019,,,,22:30,14:00
3/6/2019,,,,16:30,14:00
3/10/2019,,,,19:00,16:30
3/11/2019,,,,22:30,16:30
3/6/2019,,,,18:30,17:00
3/9/2019,,,,19:00,8:00
3/3/2019,,,,18:30,13:00
3/4/2019,,,,22:30,12:30
3/7/2019,,,,14:00,11:00
3/8/2019,,,,21:30,15:00
3/2/2019,,,,15:30,14:00
3/1/2019,,,,15:30,8:00
3/12/2019,,,,22:00,15:00
3/4/2019,,,,18:30,8:00
3/7/2019,,,,16:00,13:30
3/3/2019,,,,15:30,12:00
3/11/2019,,,,17:30,8:00
3/12/2019,,,,19:00,16:30
3/7/2019,,,,15:30,13:30
3/9/2019,,,,17:30,16:00
3/13/2019,,,,19:00,11:30
3/13/2019,,,,19:00,13:30
3/2/2019,,,,16:30,11:00
3/14/2019,,,,17:30,15:30
3/11/2019,,,,15:30,11:00
3/2/2019,,,,16:00,12:00
3/8/2019,,,,21:30,8:00
3/7/2019,,,,13:00,8:00
3/8/2019,,,,17:00,8:00
3/14/2019,,,,19:30,13:30
3/14/2019,,,,18:30,14:00
3/9/2019,,,,22:00,13:30
3/9/2019,,,,20:30,12:30
3/10/2019,,,,17:00,14:30
3/9/2019,,,,18:00,13:30
3/11/2019,,,,17:00,8:00
3/10/2019,,,,15:30,11:30
3/9/2019,,,,21:00,12:30
3/3/2019,,,,16:30,14:30
3/2/2019,,,,18:00,8:00
3/1/2019,,,,16:00,13:30
3/8/2019,,,,18:30,16:30
3/3/2019,,,,17:30,16:00
3/13/2019,,,,17:30,8:00
3/7/2019,,,,17:30,11:30
3/7/2019,,,,19:00,8:00
3/1/2019,,,,16:30,10:30
3/12/2019,,,,18:00,11:30
3/14/2019,,,,15:30,12:30
3/6/2019,,,,22:30,15:30
3/2/2019,,,,14:00,12:30
3/13/2019,,,,19:00,13:00
3/8/2019,,,,18:30,14:30
3/4/2019,,,,20:30,8:00
3/5/2019,,,,22:30,14:00
3/1/2019,,,,22:30,14:30
3/8/2019,,,,19:30,12:30
3/1/2019,,,,22:00,18:30
3/1/2019,,,,20:00,14:00
3/4/2019,,,,20:30,11:30
3/4/2019,,,,22:30,13:00
3/1/2019,,,,19:30,16:30
3/3/2019,,,,19:30,15:30
3/1/2019,,,,22:00,16:30
3/2/2019,,,,22:30,8:00
3/1/2019,,,,19:30,11:30
3/1/2019,,,,20:30,13:30
3/6/2019,,,,19:30,11:00
3/1/2019,,,,19:00,8:00
3/1/2019,,,,22:30,15:00
3/4/2019,,,,21:00,17:30
3/4/2019,,,,19:30,15:30
3/1/2019,,,,22:30,11:30
3/1/2019,,,,22:30,8:00
3/2/2019,,,,21:30,13:00
3/2/2019,,,,22:30,15:00
3/5/2019,,,,21:30,14:00
3/7/2019,,,,23:00,14:30
3/4/2019,,,,20:30,13:30
3/5/2019,,,,21:30,11:30
3/3/2019,,,,21:30,12:00
3/1/2019,,,,19:00,16:00
3/2/2019,,,,22:00,14:30
3/1/2019,,,,23:00,11:30
3/14/2019,,,,22:30,12:30
3/8/2019,,,,21:30,14:30
3/1/2019,,,,19:30,11:00
3/2/2019,,,,21:30,18:30
3/3/2019,,,,21:00,13:30
3/3/2019,,,,21:00,14:30
3/4/2019,,,,21:30,8:00
3/1/2019,,,,22:30,14:00
3/2/2019,,,,21:30,16:00
3/3/2019,,,,22:00,12:30
3/3/2019,,,,23:00,15:00
3/1/2019,,,,19:30,12:00
3/1/2019,,,,19:00,13:30
3/8/2019,,,,21:30,15:30
3/3/2019,,,,21:00,17:30
3/12/2019,,,,19:30,16:00
3/4/2019,,,,19:30,11:30
3/3/2019,,,,19:00,8:00
3/3/2019,,,,19:30,13:00
3/3/2019,,,,19:30,12:00
3/5/2019,,,,22:30,8:00
3/3/2019,,,,21:30,15:30
3/1/2019,,,,21:30,13:30
3/2/2019,,,,22:00,12:30
3/10/2019,,,,22:00,15:00
3/8/2019,,,,19:30,8:00
3/2/2019,,,,20:30,11:30
3/11/2019,216 Northgate One,Hairdresser appointment,16:30,,
3/11/2019,1754 Polk Street,Restaurant reservation at Amelie San Francisco,12:30,,
3/4/2019,1 Embarcadero Center,Movie show,21:00,,
3/9/2019,2589 Mission Street,Stylist appointment at The Refinery Grooming Club,16:30,,
3/2/2019,620 3rd Street,Movie at 3rd Street Cinema,20:30,,
3/10/2019,2525 Sand Creek Road,Movie booking for Long Shot,22:00,,
3/11/2019,375 40th Street,Restaurant reservation for 6 at The Hog's Apothecary,13:30,,
3/10/2019,2151 Salvio Street Suite I,Restaurant reservation for 3 at Lima,18:30,,
3/1/2019,1585 Marburg Way # 4,Apartment viewing,14:00,,
3/1/2019,87 Fenton Street Suite 210,"General Practitioner appointment with Sonal Aggarwal, MD",16:30,,
3/9/2019,1030 Main Street,Water Seed concert,17:30,,
3/10/2019,560 Divisadero Street,Reservation at Nopa,19:00,,
3/3/2019,29 East Allen Street 2nd Floor,Don Broco concert,17:00,,
3/14/2019,2211 Parkside Drive,Appointment with Steven C Fong,16:00,,
3/14/2019,1000 Claudia Court,Apartment viewing,13:30,,
3/2/2019,6493 Portola Drive,Hairdresser appointment,14:30,,
3/8/2019,520 Montgomery Street M02,Hairdresser appointment,18:30,,
3/14/2019,69 North San Pedro Street,Restaurant reservation at Firehouse No.1 Gastropub,11:00,,
3/13/2019,820 East El Camino Real,Hairdresser appointment,13:00,,
3/9/2019,383 Miller Avenue,Stylist appointment at Showroom 383 Salon,17:00,,
3/8/2019,2664 Berryessa Road # 206,Dentist appointment with A J Dental Lab,12:00,,
3/9/2019,949 Geneva Avenue,Stylist appointment at Amazon Barber Shop,14:00,,
3/4/2019,20632 Redwood Road # A,Appointment with Darnell Jr Robert,12:00,,
3/11/2019,401 West Van Buren Street,The Drums concert,19:30,,
3/6/2019,4450 San Pablo Dam Road,Dentist appointment,17:30,,
3/8/2019,1200 Callowhill Street,The Melvins concert,18:00,,
3/10/2019,1475 167th Avenue,Property viewing,13:00,,
3/5/2019,1300 Galaxy Way # 13,Appointment with New West Dental Laboratory,15:00,,
3/1/2019,815 Ulloa Street,Stylist appointment at Salon 815,16:00,,
3/3/2019,2901 East Hastings Street,Billy Idol concert,17:00,,
3/10/2019,3449 Agate Drive,Viewing at Shayla Apartments,12:30,,
3/3/2019,4655 Hoen Avenue # 7,Dentist appointment,13:30,,
3/5/2019,2625 South King Road,Property viewing,12:00,,
3/8/2019,"17 Eastern Parkway, Brooklyn",The Paper Kites concert,19:00,,
3/7/2019,6790 McKinley Street #180,Hairdresser appointment,16:00,,
3/9/2019,2306 Almaden Road,Movie at CineLux Almaden Cinema,21:30,,
3/1/2019,208 Redwood Avenue,Stylist appointment,11:00,,
3/5/2019,7601 Stoneridge Drive,"Ophthalmologist appointment with Dr. Claudia S. Pinilla, MD",14:00,,
3/12/2019,9260 Alcosta Boulevard,Appointment with Tri-Valley Dental Arts,12:00,,
3/3/2019,29 East Allen Street 2nd Floor,Lights concert,19:30,,
3/11/2019,4288 Dublin Boulevard #101-102,Reservation for 3 people at Hot Crab,19:00,,
3/13/2019,2500 Milvia Street,Doctor appointment,12:00,,
3/10/2019,344 East Hamilton Avenue,Ophthalmologist appointment with Dr. Edward J. Saub,11:00,,
3/10/2019,"1 Tennis Place, Forest Hills",Chemical Brothers concert,19:00,,
3/1/2019,"1 Tennis Place, Forest Hills",Jethro Tull concert,17:30,,
3/9/2019,695 Oak Grove Avenue Suite 220,Dermatologist appointment,17:00,,
3/5/2019,19655 Stevens Creek Boulevard,Stylist appointment,15:00,,
3/14/2019,241 Fremont Hub Courtyard,Stylist appointment,15:30,,
3/5/2019,7416 Redwood Boulevard,Table for 6 at Chianti Cucina,13:30,,
3/3/2019,2047 North Milwaukee Avenue,Basta concert,18:00,,
3/6/2019,109 Plaza Dr. Gateway Plaza Center,Movie show,21:30,,
3/7/2019,525 Auzerais Avenue,Stylist appointment at Herman'S Barber Shop & Supply,14:00,,
3/1/2019,725 Camino Plaza,Hairdresser appointment,10:30,,
3/10/2019,2094 El Camino Real,Hairdresser appointment,12:00,,
3/14/2019,2500 Alhambra Avenue,General Practitioner appointment,14:00,,
3/5/2019,3072 El Camino Real,Reservation at Obok Restaurant,18:00,,
3/7/2019,101 South Front Street # 1,Viewing at Raintree Condominiums,15:00,,
3/13/2019,1615 Hill Road,Dentist appointment with Menasco Matthew,10:30,,
3/4/2019,2901 East Hastings Street,Styx concert,19:00,,
3/2/2019,40645 Fremont Boulevard,Appointment at Fremont Barber Shop,17:00,,
3/7/2019,400 Newpark Mall,Movie booking for Breakthrough,21:00,,
3/1/2019,5595 Winfield Boulevard # 102,Appointment with Almaden Dental Care,14:30,,
3/9/2019,2452 Watson Court,Doctor appointment,14:30,,
3/8/2019,1069 B Street,Movie at Century at Hayward,22:30,,
3/11/2019,17705 Hale Avenue Ste. B3,Dentist appointment,15:00,,
3/4/2019,293 Shasta Drive,Apartment viewing,14:30,,
3/4/2019,819 Ulloa Street,Stylist appointment,17:00,,
3/8/2019,3400 Richmond Parkway,Apartment viewing,13:30,,
3/1/2019,501 Buckingham Way,Movie booking for The Aftermath,19:00,,
3/10/2019,1785 San Carlos Avenue #2b,Dentist appointment with Ghina Morad,10:00,,
3/13/2019,2400 Shady Willow Lane,Apartment viewing at Arbor Ridge Apartments,12:30,,
3/4/2019,2047 North Milwaukee Avenue,Timmy Trumpet concert,19:30,,
3/14/2019,200 East Cermak Road,Basketball game at Wintrust Arena,18:00,,
3/5/2019,400 Newpark Mall,Movie show,22:00,,
3/4/2019,1 Baywood Ave # 6,General Practitioner appointment with Hipolito Ernesto B MD,13:00,,
3/7/2019,1580 East Washington Street # 107,Appointment with Petaluma Dental Associates,15:30,,
3/3/2019,4204 Lone Tree Way,Movie at AMC Deer Valley 16,16:00,,
3/8/2019,401 East Jefferson Street,Baseball Game: Arizona Vs La Dodgers,18:30,,
3/13/2019,1425 Oregon Street,Viewing at Oregon Park Senior Apartments,13:00,,
3/9/2019,1053 Cochrane Road Suite 140,Stylist appointment at Sport Clips Haircuts Of Morgan Hill,17:30,,
3/13/2019,200 Bolinas Road # 62,Apartment viewing at Sherwood Oaks Apartments,13:00,,
3/10/2019,491 30th Street #201,Doctor appointment,16:00,,
3/10/2019,2327 Blanding Avenue STE D,Stylist appointment,17:30,,
3/8/2019,4058 18th Street A,Reservation for 5 people at Beso Bistronomia,11:30,,
3/14/2019,2290 California Street,Apartment viewing at Arbors At Mountain View,15:00,,
3/7/2019,790 Lincoln Avenue,Viewing at Napa Park Homes,15:30,,
3/8/2019,2792 Pinole Valley Road,Stylist appointment at Supercuts,12:30,,
3/5/2019,200 Jose Figueres Avenue # 325,General Practitioner appointment,13:00,,
3/7/2019,2047 North Milwaukee Avenue,Timmy Trumpet concert,19:30,,
3/5/2019,37485 Fremont Boulevard B,Hairdresser appointment,14:30,,
3/12/2019,2550 Mission Street,Movie at Alamo Drafthouse Cinema,12:00,,
3/4/2019,400 Newpark Mall,Movie at AMC NewPark 12,22:30,,
3/11/2019,500 Doyle Park Drive #200,Doctor appointment,15:30,,
3/7/2019,149 East Washington Avenue,Appointment at Sunny Salon,10:30,,
3/12/2019,318 Diablo Rd # 245,Dentist appointment with Kobayashi James Y,11:30,,
3/1/2019,1059 Reed Avenue,Viewing at Aster Park Apartments,11:30,,
3/11/2019,5321 Telegraph Avenue,Viewing at Keller Plaza Apartments,10:30,,
3/7/2019,321 Middlefield Road,Dermatologist appointment with Sumaira Z. Aasi MD,14:00,,
3/4/2019,100 North Wiget Lane,Doctor appointment,17:30,,
3/14/2019,1220 North Bascom Avenue,Apartment viewing,17:30,,
3/3/2019,400 29th Street #315,Ophthalmologist appointment,13:30,,
3/2/2019,4141 Stevenson Boulevard,Apartment viewing,15:00,,
3/1/2019,877 West Fremont Avenue # K2,Appointment with Lee Clara,14:30,,
3/3/2019,2621 Shadelands Drive,"General Practitioner appointment with Dr. Mark N. Isaacs, MD",10:00,,
3/6/2019,"795 El Camino Real Jamplis Building, Level 1",General Practitioner appointment,15:00,,
3/3/2019,2901 East Hastings Street,Colin James concert,19:30,,
3/10/2019,1422 Southwest 11th Avenue,Damien Jurado concert,18:30,,
3/5/2019,235 West 46th Street,Shanice concert,17:00,,
3/4/2019,1517 21st Street,Yunger concert,19:30,,
3/9/2019,531 Davis Street,Movie show,16:00,,
3/3/2019,1141 Pear Tree Lane #100,General Practitioner appointment,10:00,,
3/1/2019,45 Camino Alto #106,Appointment at Miller And Mane,10:30,,
3/13/2019,1019 Camelia Street,Lunch at Sanctuary Bistro,12:30,,
3/1/2019,210 San Mateo Road # 104,Dentist appointment with Sonrisas Community Dental Center,14:00,,
3/3/2019,2752 Augustine Drive #110,Reservation at Puesto Santa Clara,12:00,,
3/7/2019,50 Upper Alabama Street,Gorgasm concert,18:00,,
3/2/2019,14911 National Avenue #5,Dermatologist appointment,10:00,,
3/13/2019,314 Mendocino Avenue,Stylist appointment at Exclusive Spa,17:30,,
3/12/2019,3410 Stevens Creek Boulevard #101,Hairdresser appointment,16:00,,
3/12/2019,2110 Forest Avenue suite b,"Ophthalmologist appointment with Dr. Randal Pham MD, MS, FACS",12:00,,
3/2/2019,455 Grand Avenue,Doctor appointment,11:00,,
3/8/2019,6 Petaluma Boulevard North,Table for 4 at Wild Goat Bistro,19:30,,
3/5/2019,85 West Portal Avenue,Movie show,21:00,,
3/12/2019,21001 San Ramon Valley Boulevard Ste E-3,Dentist appointment,15:30,,
3/4/2019,458 B Street,Restaurant reservation for 4 at Mariscos El Patron,12:00,,
3/9/2019,500 San Pablo Avenue #300,General Practitioner appointment,15:00,,
3/8/2019,750 Brahms Way,Apartment viewing,16:30,,
3/14/2019,1241 Arnold Drive,Viewing at Muir Park Condominiums,16:30,,
3/5/2019,200 Greenbriar Circle,Property viewing,12:00,,
3/5/2019,845 Market Street #402,Table for 5 at Lark Creek Steak,11:00,,
3/2/2019,575 East Remington Drive,Property viewing,12:00,,
3/1/2019,820 East Dunne Avenue Ste 170,Appointment at Great Clips,12:00,,
3/1/2019,6217 MacArthur Boulevard,Lunch at Old Weang Ping,12:30,,
3/9/2019,5133,Movie at Landmark's Piedmont Theatre,21:30,,
3/4/2019,3117 16th St,Movie show,20:30,,
3/10/2019,2505 Samaritan Drive,General Practitioner appointment,16:00,,
3/7/2019,40640 High Street,Property viewing,15:30,,
3/13/2019,26100 Gading Road,Apartment viewing,10:00,,
3/11/2019,1234 West 7th Street,Murder City Devils concert,19:00,,
3/13/2019,1600 West Campbell Avenue #202,"General Practitioner appointment with Dr. Vilasini M. Ganesh, MD",15:00,,
3/4/2019,1300 University Drive # 7,Dentist appointment,15:30,,
3/7/2019,340 Healdsburg Avenue,Stylist appointment at Wash & Brushup Co.,11:00,,
3/10/2019,882 Emerson Street,Appointment with Palo Alto,14:30,,
3/10/2019,235 West 46th Street,Jamey Johnson concert,18:00,,
3/12/2019,1300 University Drive # 5,Dentist appointment,16:00,,
3/4/2019,605 Orchard Avenue,Apartment viewing at Park Orchard Apartments,17:00,,
3/11/2019,42010 Blacow Road,Apartment viewing,11:00,,
3/7/2019,2105 West Pueblo Avenue,Hairdresser appointment,16:00,,
3/7/2019,2365 Chestnut Street,Restaurant reservation for 2 at Wago Sushi Sf,11:00,,
3/3/2019,1500 Cunningham Avenue,Viewing at San Jose Apartments,14:30,,
3/11/2019,4200 Bay Street,Apartment viewing at Briarwood At Central Park,15:30,,
3/14/2019,1495 Don Avenue,Viewing at Civic Plaza Apartments,13:30,,
3/2/2019,990 West Fremont Avenue j,"Dentist appointment with Andrei Simel , Family & Cosmetic Dentisry",15:00,,
3/9/2019,620 3rd Street,Movie booking for Hellboy,20:30,,
3/4/2019,782 Haight Street,Appointment at B Parlor,13:30,,
3/6/2019,1814 North Dutton Avenue # 25,Apartment viewing at North Dutton Apartments,13:30,,
3/13/2019,160 South Murphy Avenue A,Appointment at Evoke Beauty Salon,15:30,,
3/12/2019,2601 McBride Lane,Property viewing,12:30,,
3/4/2019,129 Ellis Street,Lunch at Puccini & Pinetti,17:00,,
3/2/2019,2525 Sand Creek Road,Movie show,21:30,,
3/7/2019,860 East Remington Drive # D,Appointment with Ueno Masayuki,12:00,,
3/6/2019,1595 Sunnyvale Avenue #1,Property viewing,10:00,,
3/7/2019,1333 North California Boulevard,Restaurant reservation at Scott's Seafood Restaurant,19:30,,
3/12/2019,257 Grand Avenue,Restaurant reservation for 2 at Izanami,18:00,,
3/9/2019,2901 East Hastings Street,Zz Top concert,18:00,,
3/10/2019,13949 Doolittle Drive,Property viewing,14:30,,
3/12/2019,"Nut Tree Village, 1631 East Monte Vista Avenue K101",Stylist appointment,11:00,,
3/11/2019,4450 San Pablo Dam Road,Appointment with Linda K. Low,10:00,,
3/5/2019,1057 El Camino Real,Stylist appointment at Supercuts Sequoia Station,10:00,,
3/8/2019,2042 University Avenue,Restaurant reservation at Platano,17:30,,
3/5/2019,2047 North Milwaukee Avenue,New Found Glory concert,17:30,,
3/8/2019,110 Bailey Road,Viewing at Willowbrook Apartments,12:00,,
3/13/2019,2585 Samaritan Drive,General Practitioner appointment,17:00,,
3/1/2019,2000 Appian Way #202,Dentist appointment,10:00,,
3/12/2019,2500 Deer Valley Road,Property viewing,17:00,,
3/11/2019,5970 Santa Monica Boulevard,Jordan Rakei concert,17:30,,
3/10/2019,430 East Calaveras Boulevard,Dentist appointment with Dr. Sridevi Alapati,11:30,,
3/4/2019,451 Queensbridge Road,Imperial Daze concert,17:30,,
3/4/2019,2219 Buchanan Road #6,Ophthalmologist appointment,16:30,,
3/6/2019,15555 East 14th Street,Movie at Century 16,22:30,,
3/9/2019,123 Kearny Street,Appointment at Drybar Union Square,14:00,,
3/5/2019,5231 College Avenue,Restaurant reservation for 6 at Bangkok Garden,11:30,,
3/11/2019,38730 Lexington St # Off,Property viewing,16:30,,
3/6/2019,6000 Bollinger Canyon Road Suite 2300,Movie booking for Breakthrough,22:00,,
3/11/2019,877 West Fremont Avenue # K2,Appointment with Lee Clara,17:30,,
3/9/2019,1017 H Street,Viewing at Casa Bonita,12:30,,
3/8/2019,40900 Fremont Boulevard,Reservation at Mirchi Cafe,11:30,,
3/1/2019,717 East El Camino Real #4,Stylist appointment,18:00,,
3/3/2019,3977 17th Street,Stylist appointment,18:30,,
3/11/2019,3111 Mission College Boulevard,Movie booking for Long Shot,22:30,,
3/1/2019,80 West El Camino Real,Stylist appointment at Quality Men'S Haircuts,18:30,,
3/14/2019,1825 4th Street,Gynecologist appointment,13:00,,
3/11/2019,1101 South Winchester Boulevard # I202,Appointment with Spate Daniel J,16:00,,
3/8/2019,3025 Browns Valley Road,Viewing at Charter Oaks Apartments,16:30,,
3/14/2019,16105 Monterey Road,Reservation for 5 people at Maroo Korean Cuisine,11:30,,
