address,area,has_garage,in_unit_laundry,intent,number_of_baths,number_of_beds,phone_number,price,property_name,visit_date
900 Pepper Tree Lane,Santa Clara,TRUE,FALSE,rent,2,3,866-472-2645,3650,Alderwood Apartments,
3440 Warburton Avenue,Santa Clara,FALSE,FALSE,rent,2,3,408-248-5766,3850,Briarwood Garden Apartments,
3600-3616 Flora Vista Avenue,Santa Clara,FALSE,TRUE,rent,2,3,408-261-2252,3550,Catalina Apartments,
1495 Don Avenue,Santa Clara,TRUE,TRUE,rent,2,3,408-713-6428,4000,Civic Plaza Apartments,
3131 Homestead Road,Santa Clara,FALSE,FALSE,rent,2,3,408-244-6715,3650,Laguna Clara Apartments,
3600 Benton Street # 5,Santa Clara,FALSE,FALSE,rent,2,3,408-241-4073,3550,Laurelwood Apartments,
865 Pomeroy Avenue,Santa Clara,FALSE,FALSE,rent,2,3,408-244-0035,3950,Park Terrace Apartments,
2150 Tasman Drive,Santa Clara,FALSE,FALSE,rent,2,3,408-492-9944,3700,Riverwood Grove,
3449 Agate Drive,Santa Clara,TRUE,TRUE,rent,2,3,408-296-7679,4050,Shayla Apartments,
2650 Keystone Avenue,Santa Clara,FALSE,TRUE,rent,2,3,408-244-2244,3850,Vista Del Lago Iii Apartments,
900 Pepper Tree Lane,,TRUE,FALSE,,2,3,866-472-2645,3650,Alderwood Apartments,
22800 Meridian Drive,Hayward,TRUE,TRUE,buy,3,4,510-455-8869,4250000,City Centre,
24955 Cypress Avenue,Hayward,TRUE,TRUE,buy,3,4,510-732-9432,4200000,Cypress House Apartments,
27901 Huntwood Avenue # 126,Hayward,TRUE,FALSE,buy,3,4,510-887-1543,4450000,Huntwood Commons,
2747 Oliver Drive,Hayward,TRUE,TRUE,buy,3,4,510-782-2311,4200000,Josephine Lum Lodge,
655 Tennyson Road,Hayward,TRUE,FALSE,buy,3,4,855-430-2503,4200000,Metro Six55 Apartments,
27808 Manon Avenue,Hayward,TRUE,FALSE,buy,3,4,510-782-2555,4350000,Town & Country Apartments,
22330 South Garden Avenue,Hayward,TRUE,FALSE,buy,3,4,510-783-8970,4250000,Villa Springs Apartments,
1137 Walpert Street,Hayward,TRUE,TRUE,buy,3,4,510-581-8484,4000000,Walnut Hills Apartments,
22800 Meridian Drive,,TRUE,TRUE,,3,4,510-455-8869,4250000,City Centre,
4230 San Pablo Dam Road # B16,El Sobrante,TRUE,TRUE,buy,2,3,510-223-4061,3650000,Redwood Manor Apartments,
4230 San Pablo Dam Road # B16,,TRUE,TRUE,,2,3,510-223-4061,3650000,Redwood Manor Apartments,
1550 Valley Glen Drive,Dixon,FALSE,TRUE,rent,3,3,707-693-9310,4200,Bristol Apartment Homes,
1395 North Lincoln Street,Dixon,FALSE,TRUE,rent,3,3,888-820-0137,4400,Lincoln Creek Apartments,
1395 North Lincoln Street,,FALSE,TRUE,,3,3,888-820-0137,3900000,Lincoln Creek Apartments,
40001 Fremont Boulevard,Fremont,TRUE,FALSE,buy,2,2,510-455-8815,2800000,Boulevard,
4200 Bay Street,Fremont,FALSE,TRUE,buy,2,2,510-455-8813,2750000,Briarwood At Central Park,
36163 Fremont Boulevard,Fremont,TRUE,TRUE,buy,2,2,510-793-1621,3000000,Brookvale Chateau,
41277 Roberts Ave # 32,Fremont,FALSE,FALSE,buy,2,2,510-656-2303,3050000,Felson Management Corporation,
37811 Fremont Boulevard,Fremont,FALSE,FALSE,buy,2,2,510-797-4520,2650000,Fremont Arms,
4262 Central Avenue,Fremont,TRUE,TRUE,buy,2,2,510-793-4336,2650000,Glenhaven Apartments,
4444 Central Avenue,Fremont,TRUE,TRUE,buy,2,2,510-792-1161,2750000,Glenmills Apartments,
38850 Farwell Drive,Fremont,FALSE,FALSE,buy,2,2,510-793-5100,2650000,Glenmoor Green Apartments,
41342 Roberts Avenue,Fremont,FALSE,TRUE,buy,2,2,510-657-9766,2650000,Granada Apartments,
40777 High Street,Fremont,FALSE,TRUE,buy,2,2,510-651-9080,2500000,Pebble Creek Communities,
40001 Fremont Boulevard,,TRUE,FALSE,,2,2,510-455-8815,2800000,Boulevard,
1501 Decoto Road,Union City,FALSE,TRUE,rent,2,3,510-487-2733,4050,Parkside Apartments,
3900 Horner Street,Union City,TRUE,TRUE,rent,2,3,510-489-2220,3550,Summerhill Place Apartments,
1501 Decoto Road,,FALSE,TRUE,,2,3,510-487-2733,3500000,Parkside Apartments,
40001 Fremont Boulevard,,TRUE,FALSE,,2,2,510-455-8815,3050,Boulevard,
2290 California Street,Mountain View,TRUE,TRUE,buy,2,3,650-965-8290,3500000,Arbors At Mountain View,
1335 Montecito Avenue # 1,Mountain View,TRUE,FALSE,buy,2,3,650-940-1909,3550000,Barkley Square Apartments,
200 East Dana Street,Mountain View,FALSE,TRUE,buy,2,3,650-967-3870,3450000,Dana Garden Apartments,
210 Easy Street,Mountain View,TRUE,FALSE,buy,2,3,650-961-2975,3150000,Fernmar Apartments,
375 Oaktree Drive,Mountain View,TRUE,TRUE,buy,2,3,650-390-9450,3200000,Ginzton Terrace,
1571 West El Camino Real,Mountain View,TRUE,FALSE,buy,2,3,650-969-9800,3550000,Hidden Garden Apartments,
2650 California Street,Mountain View,TRUE,FALSE,buy,2,3,650-948-7855,3100000,Kentfield Apartments,
1970 Latham Street,Mountain View,TRUE,TRUE,buy,2,3,650-961-6135,3300000,Latham Court Apartments,
1885 California Street,Mountain View,TRUE,FALSE,buy,2,3,650-964-3882,3350000,Maplewood,
1555 West Middlefield Road,Mountain View,TRUE,FALSE,buy,2,3,650-964-8511,3100000,Meadowood Apartments,
2290 California Street,,TRUE,TRUE,,2,3,650-965-8290,3500000,Arbors At Mountain View,
1300 Kentwood Lane,San Leandro,FALSE,TRUE,buy,1,1,510-481-2565,1900000,Ashland Village Apartments,
1511 163rd Avenue,San Leandro,TRUE,TRUE,buy,1,1,510-276-2693,1700000,Quail Run Apartments,
235 Haas Avenue,San Leandro,TRUE,TRUE,buy,1,1,510-569-5919,1850000,Woodside Apartments,
1511 163rd Avenue,,TRUE,TRUE,,1,1,510-276-2693,1500,Quail Run Apartments,
1282 Mattox Road,Hayward,TRUE,TRUE,buy,1,2,510-886-0385,2500000,Alpine Vista Apartments,
25100 Cypress Avenue,Hayward,TRUE,TRUE,buy,1,2,510-887-4406,2300000,Cypress Glen,
921 Fletcher Lane,Hayward,FALSE,TRUE,buy,1,2,510-538-3658,2700000,Fletcher Gardens Apartments,
375 Industrial Parkway # 314,Hayward,FALSE,TRUE,buy,1,2,510-581-0911,2500000,Golf Club Manor Apartments,
25355 Cypress Avenue # 101,Hayward,TRUE,TRUE,buy,1,2,510-785-8181,2350000,Pepper Tree Apartments,
837 Hancock Street,Hayward,TRUE,TRUE,buy,1,2,510-581-4141,2200000,Pinecrest Apartments,
22650 Alice Street,Hayward,TRUE,TRUE,buy,1,2,510-582-1460,2500000,Sycamore Square Housing Corporation,
24607 Amador Street,Hayward,FALSE,TRUE,buy,1,2,510-782-6261,2650000,Vita Apartments,
630 Tempe Court,Pleasant Hill,TRUE,TRUE,buy,1,2,925-825-1220,2400000,Camelback North Apartments,
235 Camelback Road,Pleasant Hill,TRUE,TRUE,buy,1,2,925-671-2460,2350000,Northridge Apartments,
637 Stonebridge Way,Pleasant Hill,TRUE,TRUE,buy,1,2,925-691-5220,2200000,Wood Creek Apartments,
630 Tempe Court,,TRUE,TRUE,,1,2,925-825-1220,2400000,Camelback North Apartments,
999 West Hamilton Avenue,Campbell,FALSE,TRUE,rent,1,1,408-796-4545,1650,The Greenery Apartments Homes,
999 West Hamilton Avenue,,FALSE,TRUE,,1,1,408-796-4545,1700,The Greenery Apartments Homes,
2355 Fairfield Avenue,Fairfield,FALSE,TRUE,buy,3,3,707-429-1271,3900000,Aspen Village Apartments,
2000 Clay Bank Road,Fairfield,TRUE,TRUE,buy,3,3,707-881-7063,3750000,Avery Park Apartments,
1890 Dover Avenue,Fairfield,FALSE,TRUE,buy,3,3,707-422-9630,3550000,Birchwood Apartments,
2801 Dover Avenue,Fairfield,FALSE,FALSE,buy,3,3,707-429-8966,3550000,Dover Woods,
1917 Grande Circle,Fairfield,TRUE,FALSE,buy,3,3,707-434-8983,3800000,Fairfield Heights,
201 Pennsylvania Avenue,Fairfield,TRUE,FALSE,buy,3,3,707-421-2155,3750000,Fairfield Vista Apartments,
651 East Travis Boulevard,Fairfield,FALSE,TRUE,buy,3,3,707-429-1778,3900000,Orchard Crossing Apartments,
100 Hawthorn Drive,Fairfield,FALSE,FALSE,buy,3,3,707-425-1624,3600000,Round Hill Creek Apartments,
840 East Travis Boulevard # 600,Fairfield,FALSE,TRUE,buy,3,3,707-422-9188,3800000,Sunset Creek Apartments,
2355 Fairfield Avenue,,FALSE,TRUE,,3,3,707-429-1271,3900000,Aspen Village Apartments,
1546 Maurice Lane,San Jose,FALSE,FALSE,rent,2,2,408-818-0710,2850,888 Golden Saratoga-Cupertino Apartment Homes,
73 North Keeble Avenue,San Jose,TRUE,TRUE,rent,2,2,408-998-7266,2950,Alameda Gardens Apartments,
2415 Rinconada Drive,San Jose,TRUE,TRUE,rent,2,2,408-516-4212,3200,Almaden House,
1585 Marburg Way # 4,San Jose,TRUE,TRUE,rent,2,2,408-926-3999,2900,Ann Darling Apartments,
5822 Charlotte Drive,San Jose,TRUE,TRUE,rent,2,2,408-226-5822,2850,Anton La Moraga Apartments,
44 North Jackson Avenue # A5,San Jose,TRUE,FALSE,rent,2,2,408-251-4540,2750,Boxer'S Mayfair Village Senior Apartments,
260 North Capitol Avenue # 109,San Jose,FALSE,FALSE,rent,2,2,408-259-1662,3100,Capitol Avenue Apartments,
1200 Ranchero Way,San Jose,FALSE,TRUE,rent,2,2,408-241-1146,3100,Charter Court Apartments,
3051 Colonial Way,San Jose,TRUE,FALSE,rent,2,2,408-866-8444,3150,Colonial Way Apartments,
3555 Judro Way,San Jose,FALSE,FALSE,rent,2,2,408-248-1442,3150,Cypress Gardens,
995 Tully Road,San Jose,TRUE,TRUE,rent,2,2,408-294-6200,3200,Greentree Apartments,
2550 South King Road,San Jose,FALSE,TRUE,rent,2,2,408-274-7983,3200,Lion Villas Apartment Homes,
1780 Oakland Road,San Jose,TRUE,TRUE,rent,2,2,408-437-1444,2800,Los Esteros Apartments,
560 Menker Avenue # A,San Jose,FALSE,TRUE,rent,2,2,408-287-8804,2850,Menclair Apartments,
2415 Rinconada Drive,,TRUE,TRUE,,2,2,408-516-4212,3200,Almaden House,
40001 Fremont Boulevard,Fremont,TRUE,FALSE,rent,2,2,510-455-8815,3050,Boulevard,
36163 Fremont Boulevard,Fremont,TRUE,TRUE,rent,2,2,510-793-1621,2750,Brookvale Chateau,
4262 Central Avenue,Fremont,TRUE,TRUE,rent,2,2,510-793-4336,3050,Glenhaven Apartments,
4444 Central Avenue,Fremont,TRUE,TRUE,rent,2,2,510-792-1161,2800,Glenmills Apartments,
37950 Fremont Boulevard,Fremont,TRUE,FALSE,rent,2,2,844-422-5116,3000,Pentagon Apartments,
35995 Fremont Boulevard,Fremont,TRUE,TRUE,rent,2,2,510-792-7805,3100,Pinebrook Apartments,
4141 Stevenson Boulevard,Fremont,TRUE,FALSE,rent,2,2,510-455-8844,2850,Stevenson Place Apartments,
39900 Blacow Road,Fremont,TRUE,FALSE,rent,2,2,510-657-1171,2950,Sundale North & South Apt,
"Fremont, California 94538, United States",Fremont,TRUE,FALSE,rent,2,2,510-657-1171,3250,Sundale South Apartments,
4243 Laurel Street,Fremont,TRUE,FALSE,rent,2,2,510-651-5320,2750,Victoria Gardens Apartments,
3263 Mount Diablo Court,Lafayette,FALSE,FALSE,buy,3,3,925-287-1188,3500000,Lafayette Commons Apartments,
1076 Carol Lane,Lafayette,TRUE,FALSE,buy,3,3,925-284-2586,3500000,Lafayette Highlands Apartments,
3263 Mount Diablo Court,,FALSE,FALSE,,3,3,925-287-1188,4150,Lafayette Commons Apartments,
7015 Fellers Lane,Sebastopol,FALSE,TRUE,buy,2,3,707-823-0730,3550000,Redwood Grove Apartments,
7015 Fellers Lane,,FALSE,TRUE,,2,3,707-823-0730,3850,Redwood Grove Apartments,
135 Freeway Drive,Napa,FALSE,FALSE,buy,3,3,707-253-8954,3700000,Bristol Apartments,
234 Soscol Avenue,Napa,FALSE,TRUE,buy,3,3,707-258-1370,3450000,Cadillac Flats Apartments,
3663 Solano Avenue,Napa,FALSE,TRUE,buy,3,3,707-266-6934,3800000,Hawthorn Village,
613 Cabot Way,Napa,TRUE,FALSE,buy,3,3,707-265-9373,3450000,Marina Park Townhomes,
135 Freeway Drive,,FALSE,FALSE,,3,3,707-253-8954,4200,Bristol Apartments,
150 Sierra Drive,Walnut Creek,TRUE,FALSE,rent,1,2,925-945-1701,2800,Affordable Housing Associates,
1200 Newell Hill Place,Walnut Creek,TRUE,TRUE,rent,1,2,925-934-1117,2800,Newell Vista Apartments,
1755 Trinity Avenue # 1,Walnut Creek,TRUE,TRUE,rent,1,2,925-935-6956,2650,Walnut Hill Apartments,
150 Sierra Drive,,TRUE,FALSE,,1,2,925-945-1701,2300000,Affordable Housing Associates,
1290 San Tomas Aquino Road,San Jose,FALSE,TRUE,buy,3,4,408-984-8888,4000000,Aegena,
73 North Keeble Avenue,San Jose,TRUE,TRUE,buy,3,4,408-998-7266,4050000,Alameda Gardens Apartments,
947 Branham Lane # C,San Jose,TRUE,FALSE,buy,3,4,408-265-4808,4550000,Almaden Garden Apartments,
1543 Ambergrove Drive,San Jose,TRUE,FALSE,buy,3,4,408-453-8011,4350000,Amberwood Apartments,
2760 McKee Road,San Jose,TRUE,FALSE,buy,3,4,408-251-7570,4200000,Arbor Terraces,
750 North King Road,San Jose,TRUE,FALSE,buy,3,4,408-844-4803,4550000,Avenel Apartments,
4748 West Campbell Avenue,San Jose,TRUE,TRUE,buy,3,4,408-379-8440,4200000,Baker Park Apartments,
5480 Lean Avenue,San Jose,TRUE,FALSE,buy,3,4,408-840-2195,4350000,Blossom Hill Apartments,
1000 Blossom River Way,San Jose,TRUE,TRUE,buy,3,4,408-979-9442,4200000,Blossom River Apartments,
1612 Branham Lane,San Jose,TRUE,FALSE,buy,3,4,408-267-0515,4450000,Branham House Apartments,
1290 San Tomas Aquino Road,,FALSE,TRUE,,3,4,408-984-8888,4000000,Aegena,
1227 Hampshire Street,San Francisco,TRUE,FALSE,rent,3,4,415-285-5966,4800,Betel Apartments,
530 Carter Street,San Francisco,FALSE,TRUE,rent,3,4,415-584-4800,5050,Carter Terrace,
420 Berry Street,San Francisco,FALSE,TRUE,rent,3,4,415-371-0012,5250,Crescent Cove,
515 John Muir Drive,San Francisco,FALSE,TRUE,rent,3,4,888-536-9891,4700,Lakewood Apartments,
440 Valencia Street,San Francisco,FALSE,FALSE,rent,3,4,415-861-6159,4900,Plaza Del Sol Apartments,
140 Cashmere Street,San Francisco,FALSE,FALSE,rent,3,4,415-821-7440,5200,Ridgeview Terrace Townhouses,
50 Turk Street #37,San Francisco,FALSE,TRUE,rent,3,4,415-685-7045,4700,Winston Arms Apartments,
1227 Hampshire Street,,TRUE,FALSE,,3,4,415-285-5966,4250000,Betel Apartments,
201 Pennsylvania Avenue,Fairfield,TRUE,FALSE,rent,2,3,707-421-2155,3600,Fairfield Vista Apartments,
201 East Alaska Avenue,Fairfield,FALSE,FALSE,rent,2,3,707-425-7037,3800,Laurel Gardens Apartments,
2800 Dover Avenue,Fairfield,FALSE,FALSE,rent,2,3,707-426-0265,3900,Paradise Valley Apartments,
2215 Peach Tree Drive,Fairfield,TRUE,TRUE,rent,2,3,707-427-3396,4050,Peachwood Apartments,
840 East Travis Boulevard # 600,Fairfield,FALSE,TRUE,rent,2,3,707-422-9188,3800,Sunset Creek Apartments,
1480 Phoenix Drive,Fairfield,FALSE,TRUE,rent,2,3,707-429-5810,3900,Townhouse Apartments,
2999 North Texas Street #22,Fairfield,TRUE,TRUE,rent,2,3,707-426-3135,3750,Woodsong Village Apartments,
201 Pennsylvania Avenue,,TRUE,FALSE,,2,3,707-421-2155,3600,Fairfield Vista Apartments,
835 Turk Street,San Francisco,TRUE,FALSE,buy,2,2,415-922-0111,3000000,Vantaggio Suites,
2238 Hyde Street,San Francisco,FALSE,FALSE,buy,2,2,415-341-3098,2600000,View Tower Suites,
530 Carter Street,San Francisco,FALSE,TRUE,buy,1,2,415-584-4800,2700000,Carter Terrace,
296A Addison Street,San Francisco,FALSE,TRUE,buy,1,2,415-334-2698,2550000,Diamond View Apartments,
1820 Post Street,San Francisco,FALSE,TRUE,buy,1,2,415-921-3469,2350000,Golden Gate Apartments,
655 John Muir Drive,San Francisco,FALSE,TRUE,buy,1,2,415-239-4745,2650000,Lakewood Access Line,
474 Valencia Street # 280,San Francisco,FALSE,TRUE,buy,1,2,415-864-6432,2300000,Mission Housing Development Corporation,
50 Reardon Road # 111,San Francisco,FALSE,TRUE,buy,1,2,415-648-1910,2700000,Reardon Heights,
530 Carter Street,,FALSE,TRUE,,1,2,415-584-4800,2700000,Carter Terrace,
5255 Clayton Road,Concord,TRUE,FALSE,rent,2,3,855-957-1118,4050,Clayton Creek Apartments,
1530 Ellis Street,Concord,FALSE,FALSE,rent,2,3,925-521-8333,3500,Lakeshore Apartments,
1411 Monument Boulevard,Concord,FALSE,TRUE,rent,2,3,925-827-1836,3500,Monterrey Club Apartments,
1220 Monument Boulevard,Concord,TRUE,FALSE,rent,2,3,925-676-8550,3950,Mountain View Apartments,
2055 Fox Way,Concord,FALSE,FALSE,rent,2,3,925-384-1332,3650,Oakview Apartments,
2925 Monument Boulevard,Concord,FALSE,TRUE,rent,2,3,925-685-4246,3750,Palm Terrace Concord,
1731 Pine Street,Concord,TRUE,TRUE,rent,2,3,925-969-0096,3900,Vasona Management,
1530 Ellis Street,,FALSE,FALSE,,2,3,925-521-8333,3250000,Lakeshore Apartments,
150 Sierra Drive,Walnut Creek,TRUE,FALSE,rent,2,3,925-945-1701,3900,Affordable Housing Associates,
1195 Saranap Avenue # 14,Walnut Creek,TRUE,FALSE,rent,2,3,925-937-1324,3650,Birchwood Apartments,
1435 Creekside Drive,Walnut Creek,FALSE,FALSE,rent,2,3,925-935-4614,3600,Creekside Glen Apartments,
1011 Ygnacio Valley Road,Walnut Creek,TRUE,FALSE,rent,2,3,844-731-9934,3550,Cypress Creek Apartments,
3081 North Main Street # 23,Walnut Creek,FALSE,TRUE,rent,2,3,925-932-0981,4000,Evergreen Apartments,
3055 North Main Street,Walnut Creek,TRUE,TRUE,rent,2,3,855-388-5520,3550,Kingston Place Apartments,
260 Park Lake Circle B,Walnut Creek,TRUE,FALSE,rent,2,3,925-930-0559,4050,Park Lake At Walnut Creek,
1195 Saranap Avenue # 14,,TRUE,FALSE,,2,3,925-937-1324,3650,Birchwood Apartments,
3055 North Main Street,Walnut Creek,TRUE,TRUE,rent,3,3,855-388-5520,4400,Kingston Place Apartments,
1595 Sunnyvale Avenue #1,Walnut Creek,TRUE,TRUE,rent,3,3,925-937-1595,3950,Walnut Creek Apartments,
1755 Trinity Avenue # 1,Walnut Creek,TRUE,TRUE,rent,3,3,925-935-6956,4450,Walnut Hill Apartments,
1450 Creekside Drive,Walnut Creek,TRUE,TRUE,buy,3,4,925-930-9625,4350000,Diablo Pointe Apartments,
1450 Creekside Drive,,TRUE,TRUE,,3,4,925-930-9625,4350000,Diablo Pointe Apartments,
2001 Range Avenue,Santa Rosa,FALSE,FALSE,rent,2,3,707-578-1150,4000,Coddingtown Mall Apartments,
2807 Yulupa Avenue,Santa Rosa,FALSE,TRUE,rent,2,3,707-527-0128,3900,Country Club Apartments,
3076 Marlow Road,Santa Rosa,TRUE,TRUE,rent,2,3,707-579-5081,3500,Marlow Apartments,
310 Butterfly Lane,Santa Rosa,TRUE,TRUE,rent,2,3,707-542-4067,3700,Meadowview Apartments,
1814 North Dutton Avenue # 25,Santa Rosa,FALSE,TRUE,rent,2,3,707-542-1310,3500,North Dutton Apartments,
2002 Pinercrest Drive,Santa Rosa,FALSE,FALSE,rent,2,3,707-579-3424,4050,Orchard West Senior Apartments,
2389 McBride Lane,Santa Rosa,FALSE,FALSE,rent,2,3,707-579-5605,4050,Park Villa Apartments,
1024 Prospect Avenue # 122A,Santa Rosa,TRUE,FALSE,rent,2,3,707-537-7834,3550,Prospect Place Apartments,
2111 Kawana Springs Road,Santa Rosa,TRUE,FALSE,rent,2,3,707-595-2374,3900,Renaissance Apartment Homes,
1 Kashmir Drive,Santa Rosa,FALSE,TRUE,rent,2,3,707-539-1109,3650,Santa Rosa Garden Apartments,
2001 Range Avenue,,FALSE,FALSE,,2,3,707-578-1150,3600000,Coddingtown Mall Apartments,
18 Clark Avenue,Cloverdale,TRUE,FALSE,rent,1,2,707-894-3557,2400,Cloverdale Garden Apartments,
19 Clark Avenue,Cloverdale,TRUE,TRUE,rent,1,2,707-894-5426,2400,Vineyard Manor,
1059 Reed Avenue,Sunnyvale,FALSE,TRUE,rent,1,2,408-984-1060,2550,Aster Park Apartments,
732 East Evelyn Avenue,Sunnyvale,FALSE,FALSE,rent,1,2,669-267-1020,2800,Bristol Commons,
455 Brahms Way,Sunnyvale,FALSE,TRUE,rent,1,2,408-732-1200,2850,Cezanne Apartments,
678 Bellflower Avenue,Sunnyvale,FALSE,FALSE,rent,1,2,408-735-9030,2700,Charter Palm Town Homes,
250 W El Camino Real,Sunnyvale,FALSE,FALSE,rent,1,2,866-748-9591,2450,Cherry Orchard Apartment Homes,
1220 North Fair Oaks Avenue,Sunnyvale,FALSE,TRUE,rent,1,2,866-302-5606,2650,Kensington Place Apartments,
107 South Mary Avenue,Sunnyvale,FALSE,FALSE,rent,1,2,408-702-2447,2400,Magnolia Square Apartments,
1063 Morse Avenue,Sunnyvale,TRUE,FALSE,rent,1,2,844-482-6009,2300,Mission Pointe By Windsor,
1229 Vicente Drive,Sunnyvale,TRUE,TRUE,rent,1,2,650-961-0141,2850,Olive West Apartments,
120 East Remington Drive,Sunnyvale,TRUE,TRUE,rent,1,2,408-738-1114,2300,Remington Place Apartments,
1059 Reed Avenue,,FALSE,TRUE,,1,2,408-984-1060,2550,Aster Park Apartments,
750 North King Road,San Jose,TRUE,FALSE,buy,1,1,408-844-4803,1700000,Avenel Apartments,
3801 Blackford Avenue #16,San Jose,TRUE,FALSE,buy,1,1,408-876-3565,1750000,Blackford Apartments,
1000 Blossom River Way,San Jose,TRUE,TRUE,buy,1,1,408-979-9442,1900000,Blossom River Apartments,
220 North White Road,San Jose,TRUE,FALSE,buy,1,1,408-259-0427,1950000,Casa Las Palmas,
1250 Foxdale Loop,San Jose,TRUE,FALSE,buy,1,1,408-251-1142,1850000,Foxdale Village Apartments,
380 Northlake Drive #37,San Jose,TRUE,FALSE,buy,1,1,408-246-6936,2100000,Northlake Ambassador Apartments,
360 Meridian Avenue,San Jose,TRUE,TRUE,buy,1,1,408-995-0637,1950000,Parkview Family Apartments,
2811 McKee Road,San Jose,TRUE,FALSE,buy,1,1,408-272-5205,2100000,Peppertree Apartments,
4668 Albany Drive,San Jose,TRUE,TRUE,buy,1,1,408-248-0800,1650000,San Jose Gardens,
39 Rio Robles East,San Jose,TRUE,FALSE,buy,1,1,408-570-5000,2150000,The Oaks,
750 North King Road,,TRUE,FALSE,,1,1,408-844-4803,1700000,Avenel Apartments,
1290 San Tomas Aquino Road,San Jose,FALSE,TRUE,buy,3,3,408-984-8888,3450000,Aegena,
2415 Rinconada Drive,San Jose,TRUE,TRUE,buy,3,3,408-516-4212,3950000,Almaden House,
978 Almaden Lake Drive,San Jose,FALSE,FALSE,buy,3,3,408-323-8020,3800000,Almaden Lake Apartments,
1585 Marburg Way # 4,San Jose,TRUE,TRUE,buy,3,3,408-926-3999,3450000,Ann Darling Apartments,
1582 Kooser Road,San Jose,FALSE,FALSE,buy,3,3,408-448-1288,3800000,Arbor Apartments,
899 North King Road,San Jose,TRUE,FALSE,buy,3,3,408-272-1588,3850000,Arbor Park,
1058 South 5th Street,San Jose,FALSE,TRUE,buy,3,3,877-259-1439,3950000,Art Ark Apartments,
4748 West Campbell Avenue,San Jose,TRUE,TRUE,buy,3,3,408-379-8440,3950000,Baker Park Apartments,
44 North Jackson Avenue # A5,San Jose,TRUE,FALSE,buy,3,3,408-251-4540,3950000,Boxer'S Mayfair Village Senior Apartments,
1612 Branham Lane,San Jose,TRUE,FALSE,buy,3,3,408-267-0515,3600000,Branham House Apartments,
1290 San Tomas Aquino Road,,FALSE,TRUE,,3,3,408-984-8888,4350,Aegena,
1713 164th Avenue #1,San Leandro,FALSE,FALSE,buy,1,1,510-481-7575,1950000,Hilltop Trio Apartments,
"San Leandro, California 94578, United States",San Leandro,FALSE,FALSE,buy,1,1,510-586-6396,2000000,Montair Apartments,
900 143rd Avenue,San Leandro,TRUE,FALSE,buy,1,1,510-898-6076,1900000,Parkside Commons Apartments,
1300 Kentwood Lane,,FALSE,TRUE,,1,1,510-481-2565,1750,Ashland Village Apartments,
1015 Fitzuren Road #7,Antioch,TRUE,TRUE,buy,2,2,925-978-9772,2550000,Magnolia Apartments,
2201 Mahogany Way,Antioch,TRUE,TRUE,buy,2,2,925-754-9077,2900000,Oakwood Village Apartments,
2201 San Jose Drive,Antioch,TRUE,TRUE,buy,2,2,925-779-9999,2900000,Runaway Bay,
1015 Fitzuren Road #7,,TRUE,TRUE,,2,2,925-978-9772,2550000,Magnolia Apartments,
1000 Kiely Boulevard,Santa Clara,FALSE,TRUE,rent,2,2,408-247-6228,3150,Family Tree Apartments,
3375 Homestead Road,Santa Clara,FALSE,TRUE,rent,2,2,408-984-0244,2900,Hidden Lake,
1600 Nantucket Circle,Santa Clara,TRUE,TRUE,rent,2,2,408-565-9960,3050,Nantucket Apartments,
3650 Buckley Street Apt#907,Santa Clara,TRUE,TRUE,rent,2,2,408-247-1440,3150,Oakbrook Apartments,
1000 Kiely Boulevard,,FALSE,TRUE,,2,2,408-247-6228,3150,Family Tree Apartments,
1290 San Tomas Aquino Road,San Jose,FALSE,TRUE,rent,3,3,408-984-8888,4350,Aegena,
2415 Rinconada Drive,San Jose,TRUE,TRUE,rent,3,3,408-516-4212,4150,Almaden House,
978 Almaden Lake Drive,San Jose,FALSE,FALSE,rent,3,3,408-323-8020,4200,Almaden Lake Apartments,
1585 Marburg Way # 4,San Jose,TRUE,TRUE,rent,3,3,408-926-3999,4350,Ann Darling Apartments,
1582 Kooser Road,San Jose,FALSE,FALSE,rent,3,3,408-448-1288,4350,Arbor Apartments,
899 North King Road,San Jose,TRUE,FALSE,rent,3,3,408-272-1588,4150,Arbor Park,
1058 South 5th Street,San Jose,FALSE,TRUE,rent,3,3,877-259-1439,4450,Art Ark Apartments,
4748 West Campbell Avenue,San Jose,TRUE,TRUE,rent,3,3,408-379-8440,4150,Baker Park Apartments,
44 North Jackson Avenue # A5,San Jose,TRUE,FALSE,rent,3,3,408-251-4540,4350,Boxer'S Mayfair Village Senior Apartments,
1612 Branham Lane,San Jose,TRUE,FALSE,rent,3,3,408-267-0515,4400,Branham House Apartments,
1290 San Tomas Aquino Road,,FALSE,TRUE,,3,3,408-984-8888,3450000,Aegena,
31108 Brae Burn Avenue,Hayward,FALSE,TRUE,buy,3,3,510-471-7075,3500000,Baywood Apartments,
25200 Carlos Bee Boulevard,Hayward,TRUE,TRUE,buy,3,3,510-822-2617,3700000,City View,
375 Industrial Parkway # 314,Hayward,FALSE,TRUE,buy,3,3,510-581-0911,3850000,Golf Club Manor Apartments,
24545 Amador Street,Hayward,TRUE,TRUE,buy,3,3,510-400-7700,3600000,Jackson Arms Apartments,
28955 Mission Boulevard,Hayward,TRUE,TRUE,buy,3,3,510-537-5604,3600000,Mission Bay Condos,
605 Orchard Avenue,Hayward,FALSE,TRUE,buy,3,3,510-886-1055,3650000,Park Orchard Apartments,
837 Hancock Street,Hayward,TRUE,TRUE,buy,3,3,510-581-4141,3800000,Pinecrest Apartments,
26030 Gading Road # 41,Hayward,TRUE,TRUE,buy,3,3,510-732-9475,3950000,Ponderosa Apartments,
1725 B Street,Hayward,FALSE,TRUE,buy,3,3,510-538-7360,3550000,Silk Oaks Apartments,
23976 2nd Street,Hayward,FALSE,TRUE,buy,3,3,510-733-2631,3550000,Terrace Towers,
25200 Carlos Bee Boulevard,,TRUE,TRUE,,3,3,510-822-2617,4350,City View,
5317 Creely Avenue,Richmond,TRUE,FALSE,rent,3,3,510-236-4935,3950,Arbors Apartments,
298 West Chanslor Avenue,Richmond,TRUE,TRUE,rent,3,3,510-232-8908,4150,Liberty Village Apartments,
121 West Macdonald Avenue,Richmond,FALSE,TRUE,rent,3,3,510-237-6426,4150,St. John'S Apartments,
888 North San Mateo Drive,San Mateo,TRUE,FALSE,rent,3,3,650-340-0098,4300,888 San Mateo,
2901 South El Camino Real,San Mateo,TRUE,TRUE,rent,3,3,650-212-0935,4050,Peninsula Station Apartments,
3110 Casa De Campo,San Mateo,FALSE,FALSE,rent,3,3,650-572-7180,3950,Villa Serena,
888 North San Mateo Drive,,TRUE,FALSE,,3,3,650-340-0098,4300,888 San Mateo,
1227 Hampshire Street,,TRUE,FALSE,,3,4,415-285-5966,4800,Betel Apartments,
400 Canal Street # 131,San Rafael,TRUE,FALSE,buy,2,3,415-454-6223,3100000,400 Canal Street Apartments,
99 Professional Center Parkway,San Rafael,TRUE,TRUE,buy,2,3,415-472-6644,3100000,Deer Park Apartments,
124 Merrydale Road,San Rafael,TRUE,TRUE,buy,2,3,415-492-2180,3650000,Marin Garden Apartments,
2500 Deer Valley Road,San Rafael,FALSE,FALSE,buy,2,3,415-419-5105,3650000,Worldwide Oakwood,
400 Canal Street # 131,,TRUE,FALSE,,2,3,415-454-6223,3100000,400 Canal Street Apartments,
3500 Pennsylvania Avenue # 101,Fremont,FALSE,TRUE,buy,1,2,510-943-8264,2300000,Birchwood Apartments,
4200 Bay Street,Fremont,FALSE,TRUE,buy,1,2,510-455-8813,2750000,Briarwood At Central Park,
36163 Fremont Boulevard,Fremont,TRUE,TRUE,buy,1,2,510-793-1621,2650000,Brookvale Chateau,
4101 Eggers Drive # 16,Fremont,FALSE,TRUE,buy,1,2,510-796-4064,2650000,Case Verde Apartment,
41299 Paseo Padre Parkway,Fremont,FALSE,FALSE,buy,1,2,510-651-1040,2500000,Century Village Apartments,
46703 Crawford Street # 2,Fremont,FALSE,FALSE,buy,1,2,510-651-5292,2700000,Crawford Apartments,
4261 Stevenson Boulevard,Fremont,TRUE,TRUE,buy,1,2,510-656-8201,2550000,Fremont Manor,
4444 Central Avenue,Fremont,TRUE,TRUE,buy,1,2,510-792-1161,2200000,Glenmills Apartments,
36000 Fremont Boulevard,Fremont,FALSE,FALSE,buy,1,2,510-793-4070,2750000,Hacienda Gardens,
3355 Pennsylvania Avenue #13,Fremont,FALSE,TRUE,buy,1,2,510-792-4983,2250000,Hastings East Apartments,
3500 Pennsylvania Avenue # 101,,FALSE,TRUE,,1,2,510-943-8264,2800,Birchwood Apartments,
2355 Fairfield Avenue,Fairfield,FALSE,TRUE,rent,1,2,707-429-1271,2400,Aspen Village Apartments,
2780 North Texas Street,Fairfield,TRUE,TRUE,rent,1,2,707-896-4168,2400,Bennington Apartments,
2751 Peppertree Drive,Fairfield,TRUE,TRUE,rent,1,2,707-366-0839,2300,Berkshire Laurel Creek,
1890 Dover Avenue,Fairfield,FALSE,TRUE,rent,1,2,707-422-9630,2850,Birchwood Apartments,
1917 Grande Circle,Fairfield,TRUE,FALSE,rent,1,2,707-434-8983,2800,Fairfield Heights,
201 East Alaska Avenue,Fairfield,FALSE,FALSE,rent,1,2,707-425-7037,2750,Laurel Gardens Apartments,
651 East Travis Boulevard,Fairfield,FALSE,TRUE,rent,1,2,707-429-1778,2400,Orchard Crossing Apartments,
2800 Dover Avenue,Fairfield,FALSE,FALSE,rent,1,2,707-426-0265,2450,Paradise Valley Apartments,
2215 Peach Tree Drive,Fairfield,TRUE,TRUE,rent,1,2,707-427-3396,2300,Peachwood Apartments,
2376 Fairfield Avenue,Fairfield,TRUE,FALSE,rent,1,2,707-425-1199,2500,Willow Brook Apartments,
2355 Fairfield Avenue,,FALSE,TRUE,,1,2,707-429-1271,2400,Aspen Village Apartments,
1100 Market Street,Oakland,FALSE,FALSE,buy,1,1,510-832-2249,2000000,Beth Eden Apartments,
520 Van Buren Avenue,Oakland,TRUE,FALSE,buy,1,1,510-763-2338,1700000,Grand Lake Terrace Apartments,
5321 Telegraph Avenue,Oakland,TRUE,TRUE,buy,1,1,510-652-4043,1650000,Keller Plaza Apartments,
1100 Market Street,,FALSE,FALSE,,1,1,510-832-2249,2000000,Beth Eden Apartments,
4445 Stevenson Boulevard,Fremont,TRUE,TRUE,rent,3,4,510-657-1133,4750,Americana Apartments,
4401 Central Avenue,Fremont,FALSE,TRUE,rent,3,4,510-792-5182,4800,Ladera Woods Apartments,
3330 Country Drive,Fremont,FALSE,TRUE,rent,3,4,510-792-7817,4950,Parkview Apartments,
37767 Fremont Boulevard,Fremont,TRUE,TRUE,rent,3,4,510-797-5099,5200,Pepper Tree Apartments,
3750 Tamayo Street,Fremont,FALSE,TRUE,rent,3,4,510-793-1322,4950,Suburbian Emerald Property,
39150 Sundale Drive,Fremont,TRUE,TRUE,rent,3,4,510-651-0722,4950,Sundale Arms,
39600 Fremont Boulevard,Fremont,TRUE,TRUE,rent,3,4,510-342-3360,4800,Waterstone Fremont,
4445 Stevenson Boulevard,,TRUE,TRUE,,3,4,510-657-1133,4100000,Americana Apartments,
3883 Vista Oaks Drive,Martinez,FALSE,TRUE,rent,1,2,833-755-3332,2300,Vista Oaks Apartments,
3883 Vista Oaks Drive,,FALSE,TRUE,,1,2,833-755-3332,2600000,Vista Oaks Apartments,
4200 Bay Street,,FALSE,TRUE,,2,2,510-455-8813,2750000,Briarwood At Central Park,
1546 Maurice Lane,San Jose,FALSE,FALSE,buy,2,3,408-818-0710,3400000,888 Golden Saratoga-Cupertino Apartment Homes,
947 Branham Lane # C,San Jose,TRUE,FALSE,buy,2,3,408-265-4808,3200000,Almaden Garden Apartments,
1543 Ambergrove Drive,San Jose,TRUE,FALSE,buy,2,3,408-453-8011,3650000,Amberwood Apartments,
1582 Kooser Road,San Jose,FALSE,FALSE,buy,2,3,408-448-1288,3550000,Arbor Apartments,
899 North King Road,San Jose,TRUE,FALSE,buy,2,3,408-272-1588,3350000,Arbor Park,
2760 McKee Road,San Jose,TRUE,FALSE,buy,2,3,408-251-7570,3250000,Arbor Terraces,
5480 Lean Avenue,San Jose,TRUE,FALSE,buy,2,3,408-840-2195,3600000,Blossom Hill Apartments,
416 Boynton Avenue,San Jose,FALSE,TRUE,buy,2,3,408-246-5509,3100000,Boynton Brooks Apartments,
2580 Fontaine Road,San Jose,FALSE,TRUE,buy,2,3,408-238-0841,3350000,Casa Real Apartments,
2036 Evans Lane,San Jose,FALSE,TRUE,buy,2,3,408-264-0784,3650000,Catalonia Apartments,
1546 Maurice Lane,San Jose,FALSE,FALSE,rent,2,3,408-818-0710,3950,888 Golden Saratoga-Cupertino Apartment Homes,
947 Branham Lane # C,San Jose,TRUE,FALSE,rent,2,3,408-265-4808,3550,Almaden Garden Apartments,
1543 Ambergrove Drive,San Jose,TRUE,FALSE,rent,2,3,408-453-8011,3750,Amberwood Apartments,
1582 Kooser Road,San Jose,FALSE,FALSE,rent,2,3,408-448-1288,3700,Arbor Apartments,
899 North King Road,San Jose,TRUE,FALSE,rent,2,3,408-272-1588,3950,Arbor Park,
2760 McKee Road,San Jose,TRUE,FALSE,rent,2,3,408-251-7570,3500,Arbor Terraces,
5480 Lean Avenue,San Jose,TRUE,FALSE,rent,2,3,408-840-2195,3850,Blossom Hill Apartments,
416 Boynton Avenue,San Jose,FALSE,TRUE,rent,2,3,408-246-5509,3800,Boynton Brooks Apartments,
2580 Fontaine Road,San Jose,FALSE,TRUE,rent,2,3,408-238-0841,3950,Casa Real Apartments,
2036 Evans Lane,San Jose,FALSE,TRUE,rent,2,3,408-264-0784,3700,Catalonia Apartments,
978 Almaden Lake Drive,San Jose,FALSE,FALSE,rent,1,2,408-323-8020,2750,Almaden Lake Apartments,
5822 Charlotte Drive,San Jose,TRUE,TRUE,rent,1,2,408-226-5822,2600,Anton La Moraga Apartments,
3801 Blackford Avenue #16,San Jose,TRUE,FALSE,rent,1,2,408-876-3565,2500,Blackford Apartments,
416 Boynton Avenue,San Jose,FALSE,TRUE,rent,1,2,408-246-5509,2650,Boynton Brooks Apartments,
1405 Phelps Avenue,San Jose,TRUE,TRUE,rent,1,2,408-866-6111,2400,Campbell House Apartments,
2020 Southwest Expressway,San Jose,FALSE,FALSE,rent,1,2,408-287-6274,2800,Cherry Creek Apartments,
2600 Corde Terra Circle,San Jose,FALSE,FALSE,rent,1,2,408-298-9988,2350,Corde Terra Apartments,
320 Crescent Village Circle,San Jose,TRUE,TRUE,rent,1,2,866-794-5531,2500,Crescent Village Apartment Homes,
5255 Camden Avenue,San Jose,TRUE,FALSE,rent,1,2,408-265-5605,2550,Del Coronado Apartments,
1 Vista Montana,San Jose,FALSE,TRUE,rent,1,2,844-244-9251,2850,Domain Apartments,
978 Almaden Lake Drive,,FALSE,FALSE,,1,2,408-323-8020,2350000,Almaden Lake Apartments,
3718 Willow Pass Rd,,FALSE,FALSE,,3,3,925-686-2244,4450,Whispering Oaks,
185 Estancia Drive,,TRUE,TRUE,,3,3,408-570-5020,3400000,The Laurels,
40001 Fremont Boulevard,,TRUE,FALSE,,3,3,510-455-8815,3500000,Boulevard,
2807 Yulupa Avenue,,FALSE,TRUE,,2,3,707-527-0128,3900,Country Club Apartments,
1495 Don Avenue,,TRUE,TRUE,,2,3,408-713-6428,4000,Civic Plaza Apartments,
1359 Worley Road,,FALSE,TRUE,,1,2,707-399-0529,2550000,Breezewood Village,
2376 Fairfield Avenue,,TRUE,FALSE,,1,2,707-425-1199,2500,Willow Brook Apartments,
355 North Wolfe Road,,FALSE,FALSE,,1,1,408-736-4963,1800,Parkside Apartments,
2898 Villa Monterey,,FALSE,FALSE,,1,1,408-365-9200,2050,Villa Monterey,
1919 Fruitdale Avenue,,TRUE,FALSE,,3,3,408-295-1155,4050,The Grove Apartments,
1300 Rumrill Boulevard,,TRUE,FALSE,,2,2,510-232-6651,3050,Rumrill Garden Apartments,
1651 Belleville Way,,TRUE,TRUE,,3,3,669-257-9990,4450,Brookside Oaks,
235 Camelback Road,,TRUE,TRUE,,1,2,925-671-2460,2850,Northridge Apartments,
1101 Burton Drive,,FALSE,TRUE,,1,1,707-451-7400,1600,Saratoga Senior Apartments,
"6 Lyford Drive, Belvedere",,FALSE,FALSE,,1,1,855-553-0652,1750,"Tiburon 6 Lyford, Llc",
7015 Fellers Lane,,FALSE,TRUE,,1,1,707-823-0730,1950,Redwood Grove Apartments,
4141 Stevenson Boulevard,,TRUE,FALSE,,2,2,510-455-8844,2950000,Stevenson Place Apartments,
1999 Beach Park Boulevard,,FALSE,FALSE,,2,2,844-899-9230,3000,Beach Park Apartments,
235 South Bernardo Avenue,,TRUE,FALSE,,2,2,866-684-3427,2550000,Shadowbrook Apartments,
457 Sierra Vista Avenue,,TRUE,FALSE,,3,3,650-968-2310,3900,Sierra Vista,
1160 Portola Meadows Road,,TRUE,TRUE,,3,4,925-449-6167,4550000,Portola Meadows Apartments,
330 Canal Street,,FALSE,FALSE,,3,3,415-456-6619,4000,Canal Apartments,
575 East Remington Drive # 1G,,TRUE,TRUE,,1,2,408-738-1553,2600,Stephen J Pavlina Investments,
455 Brahms Way,,FALSE,TRUE,,1,2,408-732-1200,2600000,Cezanne Apartments,
825 East Evelyn Avenue,,TRUE,TRUE,,3,4,408-680-5105,4900,Windsor Ridge,
35750 Bettencourt Street # 86,,FALSE,TRUE,,2,3,510-791-1266,3700,Meadow Apartments,
1459 Creekside Drive,,FALSE,TRUE,,1,2,855-250-5961,2850,The Retreat,
1275 Central Boulevard,,FALSE,TRUE,,2,3,925-513-1110,3550000,Avery At Towncentre,
2777 Marina Boulevard,,FALSE,TRUE,,3,4,510-352-4659,4450000,Marina Plaza Apartments,
13949 Doolittle Drive,,FALSE,TRUE,,2,3,510-352-8728,3750,Bermuda-Trinidad Apartments,
16201 Hesperian Boulevard,,FALSE,TRUE,,1,1,510-344-6316,1500,Lorenzo Commons Apartments,
2811 McKee Road,,TRUE,FALSE,,1,1,408-272-5205,2100000,Peppertree Apartments,
1375 Lick Avenue,,FALSE,TRUE,,2,3,408-564-7347,3350000,Skyline At Tamien Station,
801 Marine Parkway,,FALSE,TRUE,,2,3,650-593-4300,3500000,Indian Creek,
1713 164th Avenue #1,,FALSE,FALSE,,1,1,510-481-7575,1800,Hilltop Trio Apartments,
1229 Vicente Drive,,TRUE,TRUE,,1,2,650-961-0141,2350000,Olive West Apartments,
2999 North Texas Street #22,,TRUE,TRUE,,2,3,707-426-3135,3450000,Woodsong Village Apartments,
660 Gail Avenue,,TRUE,FALSE,,1,1,888-854-9884,1750,Bonnie Terrace Apartments,
50 Reardon Road # 111,,FALSE,TRUE,,3,3,415-648-1910,4350,Reardon Heights,
1221 Blossom Hill Road,,FALSE,TRUE,,1,1,408-978-9618,1900,Driftwood Arms Apartments,
1900 Sestri Lane,,TRUE,TRUE,,1,2,707-317-1020,2600,Capri Creek Apartments,
2000 Clay Bank Road,,TRUE,TRUE,,2,2,707-881-7063,2500000,Avery Park Apartments,
1546 Maurice Lane,San Jose,FALSE,FALSE,buy,2,2,408-818-0710,2600000,888 Golden Saratoga-Cupertino Apartment Homes,
73 North Keeble Avenue,San Jose,TRUE,TRUE,buy,2,2,408-998-7266,2650000,Alameda Gardens Apartments,
2415 Rinconada Drive,San Jose,TRUE,TRUE,buy,2,2,408-516-4212,2700000,Almaden House,
1585 Marburg Way # 4,San Jose,TRUE,TRUE,buy,2,2,408-926-3999,2500000,Ann Darling Apartments,
5822 Charlotte Drive,San Jose,TRUE,TRUE,buy,2,2,408-226-5822,3000000,Anton La Moraga Apartments,
44 North Jackson Avenue # A5,San Jose,TRUE,FALSE,buy,2,2,408-251-4540,2650000,Boxer'S Mayfair Village Senior Apartments,
260 North Capitol Avenue # 109,San Jose,FALSE,FALSE,buy,2,2,408-259-1662,3050000,Capitol Avenue Apartments,
1200 Ranchero Way,San Jose,FALSE,TRUE,buy,2,2,408-241-1146,2800000,Charter Court Apartments,
3051 Colonial Way,San Jose,TRUE,FALSE,buy,2,2,408-866-8444,2500000,Colonial Way Apartments,
3555 Judro Way,San Jose,FALSE,FALSE,buy,2,2,408-248-1442,2900000,Cypress Gardens,
1546 Maurice Lane,,FALSE,FALSE,,2,2,408-818-0710,2600000,888 Golden Saratoga-Cupertino Apartment Homes,
2500 Deer Valley Road,San Rafael,FALSE,TRUE,buy,1,1,415-479-4500,1700000,Deer Valley,
201 D Street,San Rafael,TRUE,TRUE,buy,1,1,415-720-6977,1850000,Franciscan Manor,
124 Merrydale Road,San Rafael,TRUE,TRUE,buy,1,1,415-492-2180,1900000,Marin Garden Apartments,
10-90 North Avenue,San Rafael,TRUE,TRUE,buy,1,1,415-491-1125,1700000,Mcinnis Park,
201 D Street,,TRUE,TRUE,,1,1,415-720-6977,1850,Franciscan Manor,
1288 East Hillsdale Boulevard,Foster City,FALSE,FALSE,rent,1,1,844-334-0618,2000,Miramar Apartments,
300 Timberhead Lane,Foster City,FALSE,FALSE,rent,1,1,650-572-0540,2050,Schooner Bay Apartment Homes,
1288 East Hillsdale Boulevard,,FALSE,FALSE,,1,1,844-334-0618,2000,Miramar Apartments,
1200 Ranchero Way,San Jose,FALSE,TRUE,buy,2,3,408-241-1146,3200000,Charter Court Apartments,
632 North Jackson Avenue # 4,San Jose,TRUE,TRUE,buy,2,3,408-251-6850,3650000,Las Casitas Associates,
3200 Zanker Road,San Jose,FALSE,TRUE,buy,2,3,408-953-7440,3550000,Mirada,
458 Boynton Avenue Apt A4,San Jose,TRUE,TRUE,buy,2,3,844-578-7568,3100000,Pacific Terrace West,
810 Hillsdale Avenue,San Jose,TRUE,TRUE,buy,2,3,408-264-8291,3200000,Parkside Glen Apartment Homes,
463 Wooster Avenue # K1,San Jose,TRUE,TRUE,buy,2,3,408-998-0500,3450000,Parkside Terrace,
760 North 7th Street,San Jose,FALSE,TRUE,buy,2,3,844-343-9547,3400000,Pavona Apartments,
416 Boynton Avenue,,FALSE,TRUE,,2,3,408-246-5509,3100000,Boynton Brooks Apartments,
2000 Shoreline Loop,San Ramon,TRUE,TRUE,buy,3,3,925-307-7099,3600000,Bel Air,
1 Amberstone Lane,San Ramon,TRUE,FALSE,buy,3,3,925-307-7151,3550000,Canyon Oaks,
9200 Alcosta Boulevard,San Ramon,TRUE,FALSE,buy,3,3,925-828-3060,3800000,Fairway Village Apartments,
1110 Harness Drive,San Ramon,TRUE,FALSE,buy,3,3,925-307-7105,3700000,Foothill - Twin Creeks,
125 Cedar Pointe Loop,San Ramon,FALSE,FALSE,buy,3,3,925-833-1813,3400000,The Seasons,
1 Amberstone Lane,,TRUE,FALSE,,3,3,925-307-7151,4100,Canyon Oaks,
8670 Camino Colegio,Rohnert Park,TRUE,TRUE,buy,2,3,707-795-9200,3250000,Emerald Pointe Apartments,
5121 Dowdell Avenue,Rohnert Park,TRUE,FALSE,buy,2,3,707-820-2962,3350000,The Reserve At Rohnert Park,
8670 Camino Colegio,,TRUE,TRUE,,2,3,707-795-9200,3500,Emerald Pointe Apartments,
1001 Beethoven Common,Fremont,FALSE,TRUE,buy,3,3,510-797-1800,3850000,Alborada Apartments,
34050 Westchester Terrace,Fremont,FALSE,TRUE,buy,3,3,510-794-9981,3550000,Amber Court,
40001 Fremont Boulevard,Fremont,TRUE,FALSE,buy,3,3,510-455-8815,3500000,Boulevard,
46703 Crawford Street # 2,Fremont,FALSE,FALSE,buy,3,3,510-651-5292,3900000,Crawford Apartments,
41277 Roberts Ave # 32,Fremont,FALSE,FALSE,buy,3,3,510-656-2303,3500000,Felson Management Corporation,
37811 Fremont Boulevard,Fremont,FALSE,FALSE,buy,3,3,510-797-4520,3800000,Fremont Arms,
4261 Stevenson Boulevard,Fremont,TRUE,TRUE,buy,3,3,510-656-8201,3800000,Fremont Manor,
42010 Blacow Road,Fremont,FALSE,FALSE,buy,3,3,510-657-2020,3700000,Minutetogo,
1301 Stevenson Boulevard,Fremont,TRUE,FALSE,buy,3,3,510-794-7718,3550000,Mission Wells Apartments,
39548 Fremont Boulevard,Fremont,TRUE,TRUE,buy,3,3,510-657-4244,3750000,Pasatiempo Apartments,
1001 Beethoven Common,,FALSE,TRUE,,3,3,510-797-1800,4100,Alborada Apartments,
1445 Treat Boulevard,Walnut Creek,FALSE,TRUE,rent,2,2,925-943-7977,2700,Archstone Walnut Creek,
2971 North Main Street,Walnut Creek,FALSE,FALSE,rent,2,2,925-939-6667,2950,North Main Apartments,
260 Park Lake Circle B,Walnut Creek,TRUE,FALSE,rent,2,2,925-930-0559,2800,Park Lake At Walnut Creek,
1459 Creekside Drive,Walnut Creek,FALSE,TRUE,rent,2,2,855-250-5961,3150,The Retreat,
1851 Trinity Avenue,Walnut Creek,FALSE,TRUE,rent,2,2,925-256-4086,2800,Trinity Terrace Apartments,
1445 Treat Boulevard,,FALSE,TRUE,,2,2,925-943-7977,2700,Archstone Walnut Creek,
699 Gravenstein Highway North,Sebastopol,FALSE,FALSE,buy,1,1,707-829-0556,1600000,Burbank Business Management,
7777 Bodega Avenue,Sebastopol,TRUE,TRUE,buy,1,1,707-823-1361,1700000,Burbank Heights & Orchard Seni,
7015 Fellers Lane,Sebastopol,FALSE,TRUE,buy,1,1,707-823-0730,2150000,Redwood Grove Apartments,
699 Gravenstein Highway North,,FALSE,FALSE,,1,1,707-829-0556,1600000,Burbank Business Management,
900 Pepper Tree Lane,,TRUE,FALSE,,2,3,866-472-2645,3500000,Alderwood Apartments,
5 Hutchins Way,Novato,FALSE,TRUE,buy,3,3,415-382-0801,3550000,Bay Vista,
1725 Novato Boulevard,Novato,TRUE,TRUE,buy,3,3,415-898-8380,3500000,Novato Park Apartments,
5 Hutchins Way,,FALSE,TRUE,,3,3,415-382-0801,4100,Bay Vista,
1100 Market Street,Oakland,FALSE,FALSE,rent,1,2,510-832-2249,2550,Beth Eden Apartments,
344 13th Street,Oakland,TRUE,FALSE,rent,1,2,510-663-2001,2750,Empyrean Towers,
6475 Foothill Boulevard,Oakland,TRUE,FALSE,rent,1,2,510-638-4383,2700,Kenneth Henry Court,
1100 Market Street,,FALSE,FALSE,,1,2,510-832-2249,2300000,Beth Eden Apartments,
1441 Casa Buena Drive,Corte Madera,TRUE,TRUE,rent,2,2,415-945-9636,3100,Parc Marin Apartments,
1441 Casa Buena Drive,,TRUE,TRUE,,2,2,415-945-9636,3100,Parc Marin Apartments,
750 North King Road,San Jose,TRUE,FALSE,rent,1,1,408-844-4803,1600,Avenel Apartments,
3801 Blackford Avenue #16,San Jose,TRUE,FALSE,rent,1,1,408-876-3565,1950,Blackford Apartments,
1000 Blossom River Way,San Jose,TRUE,TRUE,rent,1,1,408-979-9442,1800,Blossom River Apartments,
220 North White Road,San Jose,TRUE,FALSE,rent,1,1,408-259-0427,2050,Casa Las Palmas,
1250 Foxdale Loop,San Jose,TRUE,FALSE,rent,1,1,408-251-1142,1900,Foxdale Village Apartments,
380 Northlake Drive #37,San Jose,TRUE,FALSE,rent,1,1,408-246-6936,1950,Northlake Ambassador Apartments,
360 Meridian Avenue,San Jose,TRUE,TRUE,rent,1,1,408-995-0637,1950,Parkview Family Apartments,
2811 McKee Road,San Jose,TRUE,FALSE,rent,1,1,408-272-5205,1850,Peppertree Apartments,
4668 Albany Drive,San Jose,TRUE,TRUE,rent,1,1,408-248-0800,1700,San Jose Gardens,
39 Rio Robles East,San Jose,TRUE,FALSE,rent,1,1,408-570-5000,2050,The Oaks,
201 Harrison Street,San Francisco,FALSE,TRUE,rent,2,3,415-543-1135,3550,Baycrest,
1150 Webster Street,San Francisco,FALSE,FALSE,rent,2,3,415-563-1885,3950,Buchanan Park,
900 Chestnut Street # 102,San Francisco,FALSE,TRUE,rent,2,3,415-441-5668,4050,Chestnut Place,
511 John Muir Drive,San Francisco,FALSE,TRUE,rent,2,3,415-859-9384,3900,Lakewood Apartments,
201 Harrison Street,San Francisco,FALSE,TRUE,buy,2,3,415-543-1135,3200000,Baycrest,
900 Chestnut Street # 102,San Francisco,FALSE,TRUE,buy,2,3,415-441-5668,3350000,Chestnut Place,
511 John Muir Drive,San Francisco,FALSE,TRUE,buy,2,3,415-859-9384,3350000,Lakewood Apartments,
900 Chestnut Street # 102,,FALSE,TRUE,,2,3,415-441-5668,3350000,Chestnut Place,
4656 Quigg Drive,Santa Rosa,TRUE,TRUE,rent,1,2,707-537-9866,2450,Behringer Harvard,
850 Russell Avenue,Santa Rosa,TRUE,FALSE,rent,1,2,707-542-2883,2550,Del Nido Apartments,
6401 Montecito Boulevard # 29,Santa Rosa,TRUE,TRUE,rent,1,2,707-539-6148,2500,Garden Court Apartments,
1163 Hopper Avenue,Santa Rosa,FALSE,TRUE,rent,1,2,707-526-9675,2850,Hopper Lane Apartments,
3076 Marlow Road,Santa Rosa,TRUE,TRUE,rent,1,2,707-579-5081,2750,Marlow Apartments,
"Leasing Office, 6600 Montecito Boulevard",Santa Rosa,TRUE,TRUE,rent,1,2,707-538-1516,2450,Montecito Pines Apartments,
638 Cordelia Drive # 1,Santa Rosa,TRUE,FALSE,rent,1,2,707-528-7971,2600,Park Manor Apartments,
2389 McBride Lane,Santa Rosa,FALSE,FALSE,rent,1,2,707-579-5605,2800,Park Villa Apartments,
6899 Montecito Boulevard,Santa Rosa,FALSE,FALSE,rent,1,2,707-537-0731,2450,Parkwood Apartments,
193 Airport Boulevard East,Santa Rosa,TRUE,TRUE,rent,1,2,707-579-9560,2400,Spring Club,
4656 Quigg Drive,,TRUE,TRUE,,1,2,707-537-9866,2250000,Behringer Harvard,
859 University Avenue,Los Gatos,FALSE,TRUE,rent,3,3,408-395-1222,3900,Casa Vasona Garden Apartments,
107 Oak Rim Court,Los Gatos,TRUE,TRUE,rent,3,3,408-358-1541,4400,Twelve Oaks Apartments,
14225 Lora Drive,Los Gatos,TRUE,FALSE,rent,3,3,408-378-9472,4000,Wedgewood Manor,
859 University Avenue,,FALSE,TRUE,,3,3,408-395-1222,3900,Casa Vasona Garden Apartments,
400 East Remington Drive,Sunnyvale,FALSE,TRUE,buy,3,4,408-738-4862,4400000,Apricot Pit Apartments,
151 South Bernardo Avenue,Sunnyvale,FALSE,FALSE,buy,3,4,650-961-3333,4550000,Balboa Apartments,
815 East Fremont Avenue,Sunnyvale,TRUE,FALSE,buy,3,4,408-736-5183,4450000,Cambria Apartments,
135 Acalanes Drive,Sunnyvale,TRUE,FALSE,buy,3,4,650-965-1671,4550000,Casa Del Sol Apartments,
455 Crescent Avenue,Sunnyvale,FALSE,FALSE,buy,3,4,408-737-1130,4300000,Crescent Manor,
130 Crescent Avenue,Sunnyvale,FALSE,FALSE,buy,3,4,408-749-1060,4300000,Crescent Terrace Senior Apartments,
1055 East Evelyn Avenue,Sunnyvale,TRUE,FALSE,buy,3,4,408-296-8006,4000000,Evelyn Gardens,
1063 Morse Avenue,Sunnyvale,TRUE,FALSE,buy,3,4,844-482-6009,4050000,Mission Pointe By Windsor,
825 Morse Avenue,Sunnyvale,FALSE,FALSE,buy,3,4,408-734-9442,4500000,Morse Court Apartments,
1229 Vicente Drive,Sunnyvale,TRUE,TRUE,buy,3,4,650-961-0141,4100000,Olive West Apartments,
151 South Bernardo Avenue,,FALSE,FALSE,,3,4,650-961-3333,4550000,Balboa Apartments,
320 East Tabor Avenue,Fairfield,TRUE,FALSE,buy,1,1,707-422-2850,1850000,Blue Sky Apartments,
855 East Tabor Avenue,Fairfield,TRUE,TRUE,buy,1,1,707-439-8195,1750000,Groves At East Tabor,
2376 Fairfield Avenue,Fairfield,TRUE,FALSE,buy,1,1,707-425-1199,1600000,Willow Brook Apartments,
2999 North Texas Street #22,Fairfield,TRUE,TRUE,buy,1,1,707-426-3135,1750000,Woodsong Village Apartments,
320 East Tabor Avenue,,TRUE,FALSE,,1,1,707-422-2850,1900,Blue Sky Apartments,
1000 Canyon Village Circle,San Ramon,TRUE,FALSE,rent,2,3,925-820-8385,3600,Canyon Creek Apartments,
9200 Alcosta Boulevard,San Ramon,TRUE,FALSE,rent,2,3,925-828-3060,3500,Fairway Village Apartments,
1110 Harness Drive,San Ramon,TRUE,FALSE,rent,2,3,925-307-7105,3700,Foothill - Twin Creeks,
2100 Waterstone Place,San Ramon,TRUE,TRUE,rent,2,3,925-307-7005,3850,Mill Creek,
3300 Promontory Circle,San Ramon,TRUE,FALSE,rent,2,3,925-838-8850,3650,Promontory View,
2000 Bellas Artes Circle,San Ramon,FALSE,FALSE,rent,2,3,925-736-9120,3550,Seville Apartments,
1000 Canyon Village Circle,,TRUE,FALSE,,2,3,925-820-8385,3600,Canyon Creek Apartments,
3263 Mount Diablo Court,Lafayette,FALSE,FALSE,rent,3,3,925-287-1188,4150,Lafayette Commons Apartments,
1076 Carol Lane,Lafayette,TRUE,FALSE,rent,3,3,925-284-2586,3950,Lafayette Highlands Apartments,
1076 Carol Lane,,TRUE,FALSE,,3,3,925-284-2586,3950,Lafayette Highlands Apartments,
150 Sierra Drive,Walnut Creek,TRUE,FALSE,buy,1,2,925-945-1701,2300000,Affordable Housing Associates,
1756 Carmel Drive,Walnut Creek,FALSE,TRUE,buy,1,2,925-301-9510,2600000,Carmel House,
245 Masters Court,Walnut Creek,FALSE,TRUE,buy,1,2,925-906-9000,2300000,Club Villas,
1200 Newell Hill Place,Walnut Creek,TRUE,TRUE,buy,1,2,925-934-1117,2250000,Newell Vista Apartments,
2971 North Main Street,Walnut Creek,FALSE,FALSE,buy,1,2,925-939-6667,2450000,North Main Apartments,
1459 Creekside Drive,Walnut Creek,FALSE,TRUE,buy,1,2,855-250-5961,2700000,The Retreat,
2150 Tice Valley Boulevard,Walnut Creek,FALSE,TRUE,buy,1,2,925-943-1670,2450000,Tice Oaks Apartments,
1755 Trinity Avenue # 1,Walnut Creek,TRUE,TRUE,buy,1,2,925-935-6956,2350000,Walnut Hill Apartments,
240 Hollis Avenue,Campbell,FALSE,FALSE,buy,1,2,866-573-8123,2550000,La Mancha Apartments,
3685 South Bascom Avenue,Campbell,FALSE,FALSE,buy,1,2,408-377-9360,2550000,Pebble Creek,
1510 South Bascom Avenue,Campbell,FALSE,TRUE,buy,1,2,408-377-6900,2750000,River Walk Apartments,
275 Union Avenue,Campbell,TRUE,TRUE,buy,1,2,408-898-4572,2300000,The Commons,
240 Hollis Avenue,,FALSE,FALSE,,1,2,866-573-8123,2550000,La Mancha Apartments,
1001 Beethoven Common,Fremont,FALSE,TRUE,rent,3,3,510-797-1800,4100,Alborada Apartments,
34050 Westchester Terrace,Fremont,FALSE,TRUE,rent,3,3,510-794-9981,4350,Amber Court,
40001 Fremont Boulevard,Fremont,TRUE,FALSE,rent,3,3,510-455-8815,3950,Boulevard,
46703 Crawford Street # 2,Fremont,FALSE,FALSE,rent,3,3,510-651-5292,4400,Crawford Apartments,
41277 Roberts Ave # 32,Fremont,FALSE,FALSE,rent,3,3,510-656-2303,4100,Felson Management Corporation,
37811 Fremont Boulevard,Fremont,FALSE,FALSE,rent,3,3,510-797-4520,4300,Fremont Arms,
4261 Stevenson Boulevard,Fremont,TRUE,TRUE,rent,3,3,510-656-8201,4200,Fremont Manor,
42010 Blacow Road,Fremont,FALSE,FALSE,rent,3,3,510-657-2020,4350,Minutetogo,
1301 Stevenson Boulevard,Fremont,TRUE,FALSE,rent,3,3,510-794-7718,4300,Mission Wells Apartments,
39548 Fremont Boulevard,Fremont,TRUE,TRUE,rent,3,3,510-657-4244,4250,Pasatiempo Apartments,
2001 Range Avenue,Santa Rosa,FALSE,FALSE,buy,2,3,707-578-1150,3600000,Coddingtown Mall Apartments,
2807 Yulupa Avenue,Santa Rosa,FALSE,TRUE,buy,2,3,707-527-0128,3400000,Country Club Apartments,
3076 Marlow Road,Santa Rosa,TRUE,TRUE,buy,2,3,707-579-5081,3200000,Marlow Apartments,
310 Butterfly Lane,Santa Rosa,TRUE,TRUE,buy,2,3,707-542-4067,3500000,Meadowview Apartments,
1814 North Dutton Avenue # 25,Santa Rosa,FALSE,TRUE,buy,2,3,707-542-1310,3650000,North Dutton Apartments,
2002 Pinercrest Drive,Santa Rosa,FALSE,FALSE,buy,2,3,707-579-3424,3550000,Orchard West Senior Apartments,
2389 McBride Lane,Santa Rosa,FALSE,FALSE,buy,2,3,707-579-5605,3600000,Park Villa Apartments,
1024 Prospect Avenue # 122A,Santa Rosa,TRUE,FALSE,buy,2,3,707-537-7834,3250000,Prospect Place Apartments,
2111 Kawana Springs Road,Santa Rosa,TRUE,FALSE,buy,2,3,707-595-2374,3200000,Renaissance Apartment Homes,
1 Kashmir Drive,Santa Rosa,FALSE,TRUE,buy,2,3,707-539-1109,3550000,Santa Rosa Garden Apartments,
2001 Range Avenue,,FALSE,FALSE,,2,3,707-578-1150,4000,Coddingtown Mall Apartments,
4261 Stevenson Boulevard,Fremont,TRUE,TRUE,rent,2,3,510-656-8200,3750,Lincoln Glen,
37767 Fremont Boulevard,Fremont,TRUE,TRUE,rent,2,3,510-797-5099,3800,Pepper Tree Apartments,
38730 Lexington St # Off,Fremont,TRUE,FALSE,rent,2,3,510-488-6357,3500,Redwood Plaza Apartments,
"Fremont, California 94538, United States",Fremont,TRUE,FALSE,rent,2,3,510-657-1171,3650,Sundale South Apartments,
40914 Ingersoll Terrace,Fremont,TRUE,FALSE,rent,2,3,510-651-5454,3550,Woodcreek,
38771 Bell Street,Fremont,TRUE,FALSE,rent,2,3,510-794-5860,4000,Woodland Garden Apartments,
4261 Stevenson Boulevard,,TRUE,TRUE,,2,3,510-656-8200,3750,Lincoln Glen,
2005 San Jose Drive,Antioch,TRUE,FALSE,buy,3,3,925-757-1250,3600000,Baywoods Apartment Homes,
1017 H Street,Antioch,FALSE,FALSE,buy,3,3,925-978-1017,3950000,Casa Bonita,
5100 Vista Grande Dr,Antioch,FALSE,FALSE,buy,3,3,925-755-4141,3400000,Cross Pointe,
600 Wilbur Avenue,Antioch,TRUE,TRUE,buy,3,3,925-779-0601,3400000,Lakeshore Apartments,
1015 Fitzuren Road #7,Antioch,TRUE,TRUE,buy,3,3,925-978-9772,3400000,Magnolia Apartments,
2005 San Jose Drive,,TRUE,FALSE,,3,3,925-757-1250,4250,Baywoods Apartment Homes,
555 East El Camino Real,Sunnyvale,TRUE,TRUE,buy,2,2,408-738-0935,2650000,Arbor Terrace Apartments,
660 Gail Avenue,Sunnyvale,TRUE,FALSE,buy,2,2,888-854-9884,3000000,Bonnie Terrace Apartments,
732 East Evelyn Avenue,Sunnyvale,FALSE,FALSE,buy,2,2,669-267-1020,2600000,Bristol Commons,
874 East El Camino Real,Sunnyvale,FALSE,FALSE,buy,2,2,866-730-1639,2500000,Cascades Apartments,
1234 Sunnyvale Saratoga Road # 9,Sunnyvale,TRUE,FALSE,buy,2,2,408-737-2424,2850000,Chatelaine Apartments,
1055 East Evelyn Avenue,Sunnyvale,TRUE,FALSE,buy,2,2,408-296-8006,2650000,Evelyn Gardens,
555 East Washington Avenue,Sunnyvale,TRUE,TRUE,buy,2,2,833-630-9835,2950000,Heritage Park Apartments,
1220 North Fair Oaks Avenue,Sunnyvale,FALSE,TRUE,buy,2,2,866-302-5606,3000000,Kensington Place Apartments,
107 South Mary Avenue,Sunnyvale,FALSE,FALSE,buy,2,2,408-702-2447,2650000,Magnolia Square Apartments,
1209 Ayala Drive,Sunnyvale,TRUE,TRUE,buy,2,2,650-961-6696,2700000,Palm Villa Apartments,
555 East El Camino Real,,TRUE,TRUE,,2,2,408-738-0935,2650000,Arbor Terrace Apartments,
1059 Reed Avenue,Sunnyvale,FALSE,TRUE,buy,1,2,408-984-1060,2750000,Aster Park Apartments,
732 East Evelyn Avenue,Sunnyvale,FALSE,FALSE,buy,1,2,669-267-1020,2400000,Bristol Commons,
455 Brahms Way,Sunnyvale,FALSE,TRUE,buy,1,2,408-732-1200,2600000,Cezanne Apartments,
678 Bellflower Avenue,Sunnyvale,FALSE,FALSE,buy,1,2,408-735-9030,2400000,Charter Palm Town Homes,
250 W El Camino Real,Sunnyvale,FALSE,FALSE,buy,1,2,866-748-9591,2250000,Cherry Orchard Apartment Homes,
1220 North Fair Oaks Avenue,Sunnyvale,FALSE,TRUE,buy,1,2,866-302-5606,2400000,Kensington Place Apartments,
107 South Mary Avenue,Sunnyvale,FALSE,FALSE,buy,1,2,408-702-2447,2700000,Magnolia Square Apartments,
1063 Morse Avenue,Sunnyvale,TRUE,FALSE,buy,1,2,844-482-6009,2700000,Mission Pointe By Windsor,
1229 Vicente Drive,Sunnyvale,TRUE,TRUE,buy,1,2,650-961-0141,2350000,Olive West Apartments,
120 East Remington Drive,Sunnyvale,TRUE,TRUE,buy,1,2,408-738-1114,2300000,Remington Place Apartments,
1059 Reed Avenue,,FALSE,TRUE,,1,2,408-984-1060,2750000,Aster Park Apartments,
1290 San Tomas Aquino Road,San Jose,FALSE,TRUE,rent,3,4,408-984-8888,5100,Aegena,
73 North Keeble Avenue,San Jose,TRUE,TRUE,rent,3,4,408-998-7266,4900,Alameda Gardens Apartments,
947 Branham Lane # C,San Jose,TRUE,FALSE,rent,3,4,408-265-4808,5200,Almaden Garden Apartments,
1543 Ambergrove Drive,San Jose,TRUE,FALSE,rent,3,4,408-453-8011,4750,Amberwood Apartments,
2760 McKee Road,San Jose,TRUE,FALSE,rent,3,4,408-251-7570,4850,Arbor Terraces,
750 North King Road,San Jose,TRUE,FALSE,rent,3,4,408-844-4803,4800,Avenel Apartments,
4748 West Campbell Avenue,San Jose,TRUE,TRUE,rent,3,4,408-379-8440,4700,Baker Park Apartments,
5480 Lean Avenue,San Jose,TRUE,FALSE,rent,3,4,408-840-2195,4750,Blossom Hill Apartments,
1000 Blossom River Way,San Jose,TRUE,TRUE,rent,3,4,408-979-9442,5250,Blossom River Apartments,
1612 Branham Lane,San Jose,TRUE,FALSE,rent,3,4,408-267-0515,5100,Branham House Apartments,
1290 San Tomas Aquino Road,,FALSE,TRUE,,3,4,408-984-8888,5100,Aegena,
26100 Gading Road,Hayward,TRUE,TRUE,rent,2,3,510-785-3281,3900,Amberwood Garden Apartments,
25100 Cypress Avenue,Hayward,TRUE,TRUE,rent,2,3,510-887-4406,3900,Cypress Glen,
25221 Cypress Avenue,Hayward,TRUE,TRUE,rent,2,3,510-781-0217,4000,Cypress Point Villas,
29596 Dixon Street # 60,Hayward,FALSE,TRUE,rent,2,3,510-537-4705,3600,Dixon Apartments,
24545 Amador Street,Hayward,TRUE,TRUE,rent,2,3,510-400-7700,3950,Jackson Arms Apartments,
2747 Oliver Drive,Hayward,TRUE,TRUE,rent,2,3,510-782-2311,4050,Josephine Lum Lodge,
1638 E Street # 106,Hayward,FALSE,FALSE,rent,2,3,510-582-3155,3500,Leisure Terrace,
959 Torrano Avenue # 34,Hayward,FALSE,FALSE,rent,2,3,510-537-7612,3550,Majestic Apartments,
655 Tennyson Road,Hayward,TRUE,FALSE,rent,2,3,855-430-2503,3700,Metro Six55 Apartments,
671 West A Street,Hayward,FALSE,TRUE,rent,2,3,510-784-0866,4050,Olive Tree Plaza,
26100 Gading Road,Hayward,TRUE,TRUE,buy,2,3,510-785-3281,3650000,Amberwood Garden Apartments,
25100 Cypress Avenue,Hayward,TRUE,TRUE,buy,2,3,510-887-4406,3350000,Cypress Glen,
25221 Cypress Avenue,Hayward,TRUE,TRUE,buy,2,3,510-781-0217,3550000,Cypress Point Villas,
29596 Dixon Street # 60,Hayward,FALSE,TRUE,buy,2,3,510-537-4705,3650000,Dixon Apartments,
24545 Amador Street,Hayward,TRUE,TRUE,buy,2,3,510-400-7700,3200000,Jackson Arms Apartments,
2747 Oliver Drive,Hayward,TRUE,TRUE,buy,2,3,510-782-2311,3100000,Josephine Lum Lodge,
1638 E Street # 106,Hayward,FALSE,FALSE,buy,2,3,510-582-3155,3200000,Leisure Terrace,
959 Torrano Avenue # 34,Hayward,FALSE,FALSE,buy,2,3,510-537-7612,3250000,Majestic Apartments,
25221 Cypress Avenue,,TRUE,TRUE,,2,3,510-781-0217,3550000,Cypress Point Villas,
400 East Remington Drive,Sunnyvale,FALSE,TRUE,rent,3,4,408-738-4862,4750,Apricot Pit Apartments,
151 South Bernardo Avenue,Sunnyvale,FALSE,FALSE,rent,3,4,650-961-3333,4800,Balboa Apartments,
815 East Fremont Avenue,Sunnyvale,TRUE,FALSE,rent,3,4,408-736-5183,5200,Cambria Apartments,
135 Acalanes Drive,Sunnyvale,TRUE,FALSE,rent,3,4,650-965-1671,4800,Casa Del Sol Apartments,
455 Crescent Avenue,Sunnyvale,FALSE,FALSE,rent,3,4,408-737-1130,5000,Crescent Manor,
130 Crescent Avenue,Sunnyvale,FALSE,FALSE,rent,3,4,408-749-1060,4950,Crescent Terrace Senior Apartments,
1055 East Evelyn Avenue,Sunnyvale,TRUE,FALSE,rent,3,4,408-296-8006,4950,Evelyn Gardens,
1063 Morse Avenue,Sunnyvale,TRUE,FALSE,rent,3,4,844-482-6009,5050,Mission Pointe By Windsor,
825 Morse Avenue,Sunnyvale,FALSE,FALSE,rent,3,4,408-734-9442,4950,Morse Court Apartments,
1229 Vicente Drive,Sunnyvale,TRUE,TRUE,rent,3,4,650-961-0141,5200,Olive West Apartments,
400 East Remington Drive,,FALSE,TRUE,,3,4,408-738-4862,4750,Apricot Pit Apartments,
900 Pepper Tree Lane,Santa Clara,TRUE,FALSE,buy,2,3,866-472-2645,3500000,Alderwood Apartments,
3440 Warburton Avenue,Santa Clara,FALSE,FALSE,buy,2,3,408-248-5766,3200000,Briarwood Garden Apartments,
3600-3616 Flora Vista Avenue,Santa Clara,FALSE,TRUE,buy,2,3,408-261-2252,3400000,Catalina Apartments,
1495 Don Avenue,Santa Clara,TRUE,TRUE,buy,2,3,408-713-6428,3100000,Civic Plaza Apartments,
3131 Homestead Road,Santa Clara,FALSE,FALSE,buy,2,3,408-244-6715,3550000,Laguna Clara Apartments,
3600 Benton Street # 5,Santa Clara,FALSE,FALSE,buy,2,3,408-241-4073,3600000,Laurelwood Apartments,
865 Pomeroy Avenue,Santa Clara,FALSE,FALSE,buy,2,3,408-244-0035,3400000,Park Terrace Apartments,
2150 Tasman Drive,Santa Clara,FALSE,FALSE,buy,2,3,408-492-9944,3600000,Riverwood Grove,
3449 Agate Drive,Santa Clara,TRUE,TRUE,buy,2,3,408-296-7679,3650000,Shayla Apartments,
2650 Keystone Avenue,Santa Clara,FALSE,TRUE,buy,2,3,408-244-2244,3250000,Vista Del Lago Iii Apartments,
2290 California Street,Mountain View,TRUE,TRUE,rent,2,3,650-965-8290,3600,Arbors At Mountain View,
1335 Montecito Avenue # 1,Mountain View,TRUE,FALSE,rent,2,3,650-940-1909,3600,Barkley Square Apartments,
200 East Dana Street,Mountain View,FALSE,TRUE,rent,2,3,650-967-3870,4000,Dana Garden Apartments,
210 Easy Street,Mountain View,TRUE,FALSE,rent,2,3,650-961-2975,3850,Fernmar Apartments,
375 Oaktree Drive,Mountain View,TRUE,TRUE,rent,2,3,650-390-9450,3600,Ginzton Terrace,
1571 West El Camino Real,Mountain View,TRUE,FALSE,rent,2,3,650-969-9800,3800,Hidden Garden Apartments,
2650 California Street,Mountain View,TRUE,FALSE,rent,2,3,650-948-7855,3900,Kentfield Apartments,
1970 Latham Street,Mountain View,TRUE,TRUE,rent,2,3,650-961-6135,3600,Latham Court Apartments,
1885 California Street,Mountain View,TRUE,FALSE,rent,2,3,650-964-3882,3550,Maplewood,
1555 West Middlefield Road,Mountain View,TRUE,FALSE,rent,2,3,650-964-8511,4000,Meadowood Apartments,
"132, 150 West Dana Street",Mountain View,TRUE,TRUE,rent,2,3,650-968-5695,3800,Sunshine Gardens Apartments,
200 East Dana Street,,FALSE,TRUE,,2,3,650-967-3870,4000,Dana Garden Apartments,
4101 Eggers Drive # 16,Fremont,FALSE,TRUE,rent,2,3,510-796-4064,3700,Case Verde Apartment,
39438 Stratton Common,Fremont,FALSE,TRUE,rent,2,3,510-490-0371,3550,Crossroads Village Apartments,
38850 Farwell Drive,Fremont,FALSE,FALSE,rent,2,3,510-793-5100,3550,Glenmoor Green Apartments,
4401 Central Avenue,Fremont,FALSE,TRUE,rent,2,3,510-792-5182,3750,Ladera Woods Apartments,
4917 Central Avenue,Fremont,FALSE,FALSE,rent,2,3,510-794-1900,3600,Regency Square Apartments,
"5363, 3400 Stevenson Boulevard",Fremont,FALSE,FALSE,rent,2,3,844-498-8557,3550,The Estates At Park Place,
4101 Eggers Drive # 16,,FALSE,TRUE,,2,3,510-796-4064,3700,Case Verde Apartment,
1405 Phelps Avenue,San Jose,TRUE,TRUE,buy,3,3,408-866-6111,3550000,Campbell House Apartments,
1800 Stokes Street,San Jose,FALSE,TRUE,buy,3,3,408-289-8080,3450000,Creekside Apartments,
1 Vista Montana,San Jose,FALSE,TRUE,buy,3,3,844-244-9251,3650000,Domain Apartments,
600 Epic Way,San Jose,FALSE,TRUE,buy,3,3,669-888-1610,3750000,Epic,
2130 Park Avenue,San Jose,FALSE,TRUE,buy,3,3,408-247-1980,3450000,Gum Tree Apartments,
3263 Mount Diablo Court,,FALSE,FALSE,,3,3,925-287-1188,4450,Lafayette Commons Apartments,
1501 Decoto Road,Union City,FALSE,TRUE,buy,2,3,510-487-2733,3500000,Parkside Apartments,
3900 Horner Street,Union City,TRUE,TRUE,buy,2,3,510-489-2220,3150000,Summerhill Place Apartments,
3900 Horner Street,,TRUE,TRUE,,2,3,510-489-2220,3150000,Summerhill Place Apartments,
275 Hawthorne Avenue,Palo Alto,TRUE,FALSE,buy,1,2,650-966-5319,2750000,275 Hawthorne Apartments,
574 Arastradero Road,Palo Alto,TRUE,FALSE,buy,1,2,650-493-4376,2350000,Arastradero Park Apartments,
325 Hawthorne Avenue,Palo Alto,TRUE,TRUE,buy,1,2,650-966-5319,2700000,Hawthorne,
1600 Sand Hill Road,Palo Alto,TRUE,TRUE,buy,1,2,650-321-1701,2300000,Oak Creek Apartments,
2850 Middlefield Road,Palo Alto,FALSE,FALSE,buy,1,2,650-322-1112,2200000,Southwood Apartments,
562 Kendall Avenue,Palo Alto,TRUE,FALSE,buy,1,2,650-321-1000,2750000,Vrent - Park West Apartments,
574 Arastradero Road,,TRUE,FALSE,,1,2,650-493-4376,2350000,Arastradero Park Apartments,
831 Gale Drive,Campbell,FALSE,FALSE,rent,3,4,408-374-3500,5100,Appletree Apartments,
150 West Rincon Avenue,Campbell,TRUE,TRUE,rent,3,4,408-871-1333,5150,Rincon Gables Apartments,
825 South San Tomas Aquino Road,Campbell,FALSE,TRUE,rent,3,4,408-374-8741,5200,San Tomas Gardens,
275 Union Avenue,Campbell,TRUE,TRUE,rent,3,4,408-898-4572,5150,The Commons,
831 Gale Drive,,FALSE,FALSE,,3,4,408-374-3500,5100,Appletree Apartments,
1001 Beethoven Common,,FALSE,TRUE,,3,3,510-797-1800,3850000,Alborada Apartments,
400 East Remington Drive,Sunnyvale,FALSE,TRUE,buy,2,3,408-738-4862,3650000,Apricot Pit Apartments,
151 South Bernardo Avenue,Sunnyvale,FALSE,FALSE,buy,2,3,650-961-3333,3350000,Balboa Apartments,
815 East Fremont Avenue,Sunnyvale,TRUE,FALSE,buy,2,3,408-736-5183,3550000,Cambria Apartments,
678 Bellflower Avenue,Sunnyvale,FALSE,FALSE,buy,2,3,408-735-9030,3650000,Charter Palm Town Homes,
955 Escalon Avenue,Sunnyvale,TRUE,TRUE,buy,2,3,408-737-2777,3350000,Macara Gardens Apartments,
777 South Mathilda Avenue,Sunnyvale,TRUE,TRUE,buy,2,3,408-774-1501,3200000,Mathilda Garden Apartments,
825 Morse Avenue,Sunnyvale,FALSE,FALSE,buy,2,3,408-734-9442,3200000,Morse Court Apartments,
330 North Mathilda Avenue,Sunnyvale,TRUE,TRUE,buy,2,3,844-503-6930,3500000,Peartree,
1166 Sunnyvale Saratoga Road,Sunnyvale,TRUE,FALSE,buy,2,3,408-736-7063,3400000,Sandlewood Apartments,
936 Azure Street # A1,Sunnyvale,FALSE,TRUE,buy,2,3,408-245-7710,3100000,Sara-Vale Apartments,
739 East El Camino Real,Sunnyvale,TRUE,FALSE,buy,2,3,408-738-0505,3200000,St Francis Arms,
395 Ano Nuevo Avenue,Sunnyvale,TRUE,TRUE,buy,2,3,408-732-2600,3100000,Windemere Apartments,
815 East Fremont Avenue,,TRUE,FALSE,,2,3,408-736-5183,3550000,Cambria Apartments,
55 Fairfax Street #27,San Rafael,FALSE,FALSE,buy,1,1,415-453-5531,1900000,Casa Vista Apartments,
30 Novato Street,San Rafael,FALSE,FALSE,buy,1,1,415-457-5359,1900000,Sommerhill Townhomes,
99 Professional Center Parkway,San Rafael,TRUE,TRUE,rent,2,2,415-472-6644,3150,Deer Park Apartments,
99 Professional Center Parkway,,TRUE,TRUE,,2,2,415-472-6644,2500000,Deer Park Apartments,
375 Oaktree Drive,Mountain View,TRUE,TRUE,buy,1,2,650-390-9450,2600000,Ginzton Terrace,
1901 Rock Street,Mountain View,TRUE,TRUE,buy,1,2,650-964-6100,2200000,Riverstone Town Homes,
460 North Shoreline Boulevard,Mountain View,FALSE,TRUE,buy,1,2,650-966-1328,2600000,Shorebreeze Apartments,
"132, 150 West Dana Street",Mountain View,TRUE,TRUE,buy,1,2,650-968-5695,2300000,Sunshine Gardens Apartments,
2700 Del Medio Court,Mountain View,FALSE,TRUE,buy,1,2,650-941-2244,2450000,Vrent - Del Medio Park Apartments,
375 Oaktree Drive,,TRUE,TRUE,,1,2,650-390-9450,2600000,Ginzton Terrace,
5255 Camden Avenue,San Jose,TRUE,FALSE,rent,2,3,408-265-5605,3600,Del Coronado Apartments,
1250 Foxdale Loop,San Jose,TRUE,FALSE,rent,2,3,408-251-1142,3800,Foxdale Village Apartments,
632 North Jackson Avenue # 4,San Jose,TRUE,TRUE,rent,2,3,408-251-6850,3600,Las Casitas Associates,
1324 Santee Drive,San Jose,TRUE,FALSE,rent,2,3,408-286-1903,3700,Monte Alban Apartments,
458 Boynton Avenue Apt A4,San Jose,TRUE,TRUE,rent,2,3,844-578-7568,4000,Pacific Terrace West,
947 Branham Lane # C,,TRUE,FALSE,,2,3,408-265-4808,3550,Almaden Garden Apartments,
199 Aegean Way,Vacaville,TRUE,TRUE,buy,2,2,707-448-7056,2700000,Meadowood Apartments,
1300 Burton Drive,Vacaville,TRUE,TRUE,buy,2,2,707-447-2500,2900000,The Commons Apartments,
199 Aegean Way,,TRUE,TRUE,,2,2,707-448-7056,3000,Meadowood Apartments,
200 Greenbriar Circle,Petaluma,TRUE,FALSE,rent,3,4,855-243-4986,5150,Addison Ranch,
150 Graylawn Avenue,Petaluma,FALSE,TRUE,rent,3,4,707-762-5126,5250,Oak Creek Apartments,
"7011, 109 Magnolia Avenue",Petaluma,FALSE,TRUE,rent,3,4,707-762-6709,5100,Park Lane Apartments,
149 Wyndham Way,Petaluma,TRUE,TRUE,rent,3,4,707-763-8434,4750,Petaluma Senior Citizens Apt,
745 North McDowell Boulevard,Petaluma,TRUE,FALSE,rent,3,4,707-766-8922,5050,Round Walk Village,
909 Martin Circle,Petaluma,TRUE,TRUE,rent,3,4,707-763-9242,5250,Washington Creek Apartments,
200 Greenbriar Circle,,TRUE,FALSE,,3,4,855-243-4986,5150,Addison Ranch,
135 Acalanes Drive,,TRUE,FALSE,,1,1,650-965-1671,1700,Casa Del Sol Apartments,
3815 Susan Drive,,TRUE,FALSE,,2,2,650-359-0771,2600000,Evergreen Ridge Apartments,
2020 Southwest Expressway,,FALSE,FALSE,,3,4,408-287-6274,4950,Cherry Creek Apartments,
1038 Catalina Drive,,FALSE,FALSE,,3,3,925-447-1144,3500000,Catalina Crest Apartment Homes,
888 North San Mateo Drive,,TRUE,FALSE,,2,3,650-340-0098,3200000,888 San Mateo,
3707 Poinciana Drive,,FALSE,FALSE,,3,4,408-649-7906,5200,Riley Square,
1747 Lincoln Avenue,,FALSE,TRUE,,3,3,415-453-0563,3650000,Park Hill Apartments,
25221 Cypress Avenue,,TRUE,TRUE,,2,2,510-781-0217,3250,Cypress Point Villas,
1435 163rd Avenue #23,,FALSE,FALSE,,1,2,510-317-5914,2400000,Alderwood Apartments,
909 Martin Circle,,TRUE,TRUE,,3,4,707-763-9242,5250,Washington Creek Apartments,
10 Milland Drive,,FALSE,TRUE,,3,3,415-383-1189,4000,Chateau Chillon Apartments,
375 Industrial Parkway # 314,,FALSE,TRUE,,3,3,510-581-0911,3950,Golf Club Manor Apartments,
6410 Schmidt Lane,,FALSE,FALSE,,3,4,510-236-2860,5200,Village At Town Center Apartments,
29596 Dixon Street # 60,,FALSE,TRUE,,2,3,510-537-4705,3650000,Dixon Apartments,
460 North Shoreline Boulevard,,FALSE,TRUE,,3,3,650-966-1328,4200,Shorebreeze Apartments,
1160 Meadow Lane,,FALSE,FALSE,,3,4,855-289-4212,4800,Pine Meadows Apartments,
600 Epic Way,,FALSE,TRUE,,3,3,669-888-1610,3750000,Epic,
1405 Marshall Street,,TRUE,TRUE,,2,3,650-679-8066,3200000,Marymount Apartments,
181 Pierce Street,,FALSE,FALSE,,1,1,408-842-6341,2050,Park View Apartments,
3420 Willow Pass Road,,TRUE,TRUE,,2,2,925-825-5958,2950,Palm Court Apartment,
1724 Sunnyhills Court,,FALSE,FALSE,,3,3,408-263-2626,4300,Sunnyhills Apartments,
25173 Cypress Avenue,,TRUE,FALSE,,1,2,510-782-8753,2750,Amador Royal,
135 Acalanes Drive,,TRUE,FALSE,,3,4,650-965-1671,4550000,Casa Del Sol Apartments,
777 West Middlefield Road,,TRUE,TRUE,,2,3,650-961-0948,3900,Village Lake Apartments,
500 Loveridge Circle,,FALSE,FALSE,,3,4,925-427-2202,4300000,Portofino Apartments,
200 East Dana Street,,FALSE,TRUE,,3,3,650-967-3870,3700000,Dana Garden Apartments,
707 Continental Circle,,TRUE,FALSE,,3,3,833-278-0054,3500000,Americana,
1885 California Street,,TRUE,FALSE,,2,3,650-964-3882,3550,Maplewood,
101 Saratoga Avenue,,TRUE,TRUE,,1,1,866-913-4881,1700,Orchard Glen Apartments,
1445 Treat Boulevard,,FALSE,TRUE,,3,3,925-943-7977,3650000,Archstone Walnut Creek,
4984 Severance Drive,,TRUE,TRUE,,1,2,408-448-2946,2350000,Santa Familia Apartments,
19500 Pruneridge Avenue,,FALSE,FALSE,,1,1,866-628-5690,1700,The Hamptons Apartment Homes,
22160 Center Street,,TRUE,TRUE,,2,3,510-581-4280,3650,Creekside Terrace Apartments,
1110 Harness Drive,,TRUE,FALSE,,3,3,925-307-7105,3700000,Foothill - Twin Creeks,
1624 Pueblo Avenue,,TRUE,TRUE,,3,4,707-251-5687,4800,Rutherford Townhomes,
180 Sycamore Avenue,,FALSE,FALSE,,2,3,925-634-8374,3300000,Brentwood Parks Apartments,
160 Wilford Lane,,FALSE,TRUE,,3,3,707-793-8454,4050,Wilford Lane Apartments,
26525 Gading Road,,TRUE,FALSE,,1,2,510-783-9858,2450000,Westwood Townhouse Apartments,
293 Shasta Drive,,FALSE,TRUE,,2,2,707-447-3651,2650000,Shasta Terrace,
4200 Appian Way,,TRUE,FALSE,,1,1,510-669-1325,1850000,Courtyard Terrace,
1900 Sestri Lane,,TRUE,TRUE,,1,1,707-317-1020,2000000,Capri Creek Apartments,
17055 Creekside Cir,,FALSE,FALSE,,3,4,408-778-1482,4750,Creekside Village,
1651 Belleville Way,,TRUE,TRUE,,1,1,669-257-9990,1700,Brookside Oaks,
1890 Dover Avenue,,FALSE,TRUE,,3,3,707-422-9630,3550000,Birchwood Apartments,
638 Cordelia Drive # 1,,TRUE,FALSE,,2,2,707-528-7971,2950000,Park Manor Apartments,
2601 Hilltop Drive,,TRUE,TRUE,,2,3,510-455-8847,3700,San Marcos,
601 River Glen Drive,,TRUE,FALSE,,2,2,707-253-0288,2500000,Glen View Apartments,
99 Oak Avenue # 201,,TRUE,TRUE,,3,4,650-952-3727,4700,Grand Oak Apartments,
837 Hancock Street,,TRUE,TRUE,,3,3,510-581-4141,3800000,Pinecrest Apartments,
955 Escalon Avenue,,TRUE,TRUE,,2,3,408-737-2777,3500,Macara Gardens Apartments,
1234 Sunnyvale Saratoga Road # 9,,TRUE,FALSE,,1,1,408-737-2424,1500,Chatelaine Apartments,
3707 Poinciana Drive,,FALSE,FALSE,,3,3,408-649-7906,4000,Riley Square,
2225 Sharon Road,Menlo Park,TRUE,TRUE,rent,3,3,650-854-8661,4050,Country Sharon Apartments,
2225 Sharon Road,,TRUE,TRUE,,3,3,650-854-8661,4350,Country Sharon Apartments,
978 Almaden Lake Drive,,FALSE,FALSE,,1,2,408-323-8020,2750,Almaden Lake Apartments,
1475 167th Avenue,San Leandro,TRUE,FALSE,buy,2,3,510-962-8120,3200000,Bermuda Garden Apartments,
13949 Doolittle Drive,San Leandro,FALSE,TRUE,buy,2,3,510-352-8728,3350000,Bermuda-Trinidad Apartments,
2011 Doolittle Drive # A1,San Leandro,TRUE,FALSE,buy,2,3,510-357-6086,3650000,Doolittle Apartments,
888 Davis Street,San Leandro,TRUE,TRUE,buy,2,3,510-562-5121,3500000,Gateway Apartments,
1275 Pacific Avenue # 8,San Leandro,TRUE,FALSE,buy,2,3,510-636-9727,3250000,Pacific Apartments,
2600 San Leandro Boulevard,San Leandro,FALSE,FALSE,buy,2,3,510-357-7131,3100000,San Leandro Racquet Club,
1475 167th Avenue,,TRUE,FALSE,,2,3,510-962-8120,3200000,Bermuda Garden Apartments,
22281 Center Street #57,Castro Valley,FALSE,TRUE,rent,2,3,510-538-0995,3850,Continental Apartments,
22160 Center Street,Castro Valley,TRUE,TRUE,rent,2,3,510-581-4280,3650,Creekside Terrace Apartments,
22281 Center Street,Castro Valley,FALSE,TRUE,rent,2,3,510-889-8771,3850,Redwood Valley Apartment Homes,
1200 Ranchero Way,San Jose,FALSE,TRUE,rent,2,3,408-241-1146,3550,Charter Court Apartments,
3200 Zanker Road,San Jose,FALSE,TRUE,rent,2,3,408-953-7440,3950,Mirada,
810 Hillsdale Avenue,San Jose,TRUE,TRUE,rent,2,3,408-264-8291,3600,Parkside Glen Apartment Homes,
463 Wooster Avenue # K1,San Jose,TRUE,TRUE,rent,2,3,408-998-0500,3750,Parkside Terrace,
760 North 7th Street,San Jose,FALSE,TRUE,rent,2,3,844-343-9547,4050,Pavona Apartments,
10944 San Pablo Avenue # 800,El Cerrito,TRUE,TRUE,buy,2,2,510-232-5798,2650000,Civic Plaza Apartments,
10944 San Pablo Avenue # 800,,TRUE,TRUE,,2,2,510-232-5798,2650000,Civic Plaza Apartments,
1901 Shore Line Drive,Alameda,FALSE,FALSE,rent,3,4,510-863-1139,4850,1901 Shoreline Apartments,
459 Neptune Gardens Avenue,Alameda,FALSE,FALSE,rent,3,4,510-769-1496,4700,Breakers At Bayport,
559 Buena Vista Avenue,Alameda,FALSE,TRUE,rent,3,4,510-521-2697,4950,Garden Court Apartments,
564 Central Avenue,Alameda,FALSE,FALSE,rent,3,4,510-865-1139,5050,Marine View Apartments,
1901 Shore Line Drive,,FALSE,FALSE,,3,4,510-863-1139,4850,1901 Shoreline Apartments,
3051 Colonial Way,San Jose,TRUE,FALSE,rent,3,4,408-866-8444,4750,Colonial Way Apartments,
73 North Keeble Avenue,,TRUE,TRUE,,3,4,408-998-7266,4900,Alameda Gardens Apartments,
199 Aegean Way,Vacaville,TRUE,TRUE,rent,2,2,707-448-7056,3000,Meadowood Apartments,
209 Aegean Way,Vacaville,TRUE,FALSE,rent,2,2,707-447-3577,2900,Quail Run Apartment Community,
1300 Burton Drive,Vacaville,TRUE,TRUE,rent,2,2,707-447-2500,3000,The Commons Apartments,
199 Aegean Way,,TRUE,TRUE,,2,2,707-448-7056,2950,Meadowood Apartments,
4900 Canada Valley Road,Antioch,FALSE,TRUE,buy,2,2,925-754-2900,2850000,Bella Rose Apartments,
1600 Buchanan Road,Antioch,TRUE,FALSE,buy,2,2,925-750-8811,3000000,Buchanan Gardens,
1000 Claudia Court,Antioch,FALSE,TRUE,buy,2,2,925-754-7671,2900000,Casa Blanca Apartments,
1600 Aster Drive,Antioch,FALSE,TRUE,buy,2,2,925-705-4248,2650000,Crestview Pines,
3001 Kodiak Street,Antioch,TRUE,FALSE,buy,2,2,925-754-3733,3000000,Hillcrest View Apartments,
2201 San Jose Drive,Antioch,FALSE,TRUE,buy,2,2,925-779-9999,2700000,Mira Vista Hills,
2200 Sycamore Drive,Antioch,TRUE,FALSE,buy,2,2,925-754-4488,2800000,Riverstone Apartments,
1600 Buchanan Road,,TRUE,FALSE,,2,2,925-750-8811,3200,Buchanan Gardens,
5425 Snyder Lane,Rohnert Park,TRUE,FALSE,rent,1,2,707-664-8808,2600,Camino Creek Apartments,
1350 Oak View Circle,Rohnert Park,FALSE,FALSE,rent,1,2,888-321-0662,2700,Oak View Of Sonoma Hills Apartments,
7425 Camino Colegio # 61,Rohnert Park,TRUE,TRUE,rent,1,2,707-792-0669,2400,Park Meadows Apartments,
611 Enterprise Drive,Rohnert Park,FALSE,TRUE,rent,1,2,707-584-3520,2450,Willow Creek Apartments,
7425 Camino Colegio # 61,Rohnert Park,TRUE,TRUE,buy,1,2,707-792-0669,2700000,Park Meadows Apartments,
611 Enterprise Drive,Rohnert Park,FALSE,TRUE,buy,1,2,707-584-3520,2500000,Willow Creek Apartments,
611 Enterprise Drive,,FALSE,TRUE,,1,2,707-584-3520,2450,Willow Creek Apartments,
1550 Valley Glen Drive,Dixon,FALSE,TRUE,buy,3,3,707-693-9310,3750000,Bristol Apartment Homes,
1395 North Lincoln Street,Dixon,FALSE,TRUE,buy,3,3,888-820-0137,3900000,Lincoln Creek Apartments,
1550 Valley Glen Drive,,FALSE,TRUE,,3,3,707-693-9310,4200,Bristol Apartment Homes,
655 Tennyson Road,Hayward,TRUE,FALSE,buy,2,3,855-430-2503,3300000,Metro Six55 Apartments,
671 West A Street,Hayward,FALSE,TRUE,buy,2,3,510-784-0866,3500000,Olive Tree Plaza,
25100 Cypress Avenue,,TRUE,TRUE,,2,3,510-887-4406,3900,Cypress Glen,
2355 Fairfield Avenue,Fairfield,FALSE,TRUE,buy,1,2,707-429-1271,2300000,Aspen Village Apartments,
2780 North Texas Street,Fairfield,TRUE,TRUE,buy,1,2,707-896-4168,2500000,Bennington Apartments,
2751 Peppertree Drive,Fairfield,TRUE,TRUE,buy,1,2,707-366-0839,2600000,Berkshire Laurel Creek,
1890 Dover Avenue,Fairfield,FALSE,TRUE,buy,1,2,707-422-9630,2400000,Birchwood Apartments,
1917 Grande Circle,Fairfield,TRUE,FALSE,buy,1,2,707-434-8983,2450000,Fairfield Heights,
201 East Alaska Avenue,Fairfield,FALSE,FALSE,buy,1,2,707-425-7037,2300000,Laurel Gardens Apartments,
651 East Travis Boulevard,Fairfield,FALSE,TRUE,buy,1,2,707-429-1778,2600000,Orchard Crossing Apartments,
2800 Dover Avenue,Fairfield,FALSE,FALSE,buy,1,2,707-426-0265,2350000,Paradise Valley Apartments,
2215 Peach Tree Drive,Fairfield,TRUE,TRUE,buy,1,2,707-427-3396,2650000,Peachwood Apartments,
2376 Fairfield Avenue,Fairfield,TRUE,FALSE,buy,1,2,707-425-1199,2700000,Willow Brook Apartments,
2355 Fairfield Avenue,,FALSE,TRUE,,1,2,707-429-1271,2300000,Aspen Village Apartments,
1546 Maurice Lane,,FALSE,FALSE,,2,3,408-818-0710,3400000,888 Golden Saratoga-Cupertino Apartment Homes,
1275 Central Boulevard,Brentwood,FALSE,TRUE,buy,2,3,925-513-1110,3600000,Avery At Towncentre,
180 Sycamore Avenue,Brentwood,FALSE,FALSE,buy,2,3,925-634-8374,3300000,Brentwood Parks Apartments,
5643 Charlotte Way,Livermore,FALSE,FALSE,buy,3,4,925-371-0905,4250000,Acacia Capital Cor-Ironwood Ap,
1038 Catalina Drive,Livermore,FALSE,FALSE,buy,3,4,925-447-1144,4150000,Catalina Crest Apartment Homes,
2991 College Avenue,Livermore,FALSE,TRUE,buy,3,4,925-373-8490,4250000,Chardonnay Garden Apts,
5720 East Avenue,Livermore,FALSE,TRUE,buy,3,4,925-271-7358,4450000,Livermore Gardens Apartments,
1160 Portola Meadows Road,Livermore,TRUE,TRUE,buy,3,4,925-449-6167,4550000,Portola Meadows Apartments,
5643 Charlotte Way,,FALSE,FALSE,,3,4,925-371-0905,4800,Acacia Capital Cor-Ironwood Ap,
17055 Creekside Cir,Morgan Hill,FALSE,FALSE,buy,3,4,408-778-1482,4550000,Creekside Village,
16530 Monterey Road,Morgan Hill,TRUE,TRUE,buy,3,4,408-779-1004,4000000,Jasmine Square Apartments,
782 San Pedro Lane,Morgan Hill,FALSE,TRUE,buy,3,4,408-779-4465,4150000,Las Casas De San Pedro Apartments,
16945 Del Monte Avenue,Morgan Hill,FALSE,TRUE,buy,3,4,408-779-8986,4300000,Monte Vista At Morgan Hill,
18300 Carriage Drive,Morgan Hill,TRUE,FALSE,buy,3,4,408-779-9325,4000000,Quail Ridge Apartments,
260 Berry Court # 14,Morgan Hill,TRUE,FALSE,buy,3,4,408-776-9877,4550000,Villa Teresa Apartments,
16530 Monterey Road,,TRUE,TRUE,,3,4,408-779-1004,5100,Jasmine Square Apartments,
660 Gail Avenue,Sunnyvale,TRUE,FALSE,rent,1,1,888-854-9884,1750,Bonnie Terrace Apartments,
1651 Belleville Way,Sunnyvale,TRUE,TRUE,rent,1,1,669-257-9990,1700,Brookside Oaks,
135 Acalanes Drive,Sunnyvale,TRUE,FALSE,rent,1,1,650-965-1671,1700,Casa Del Sol Apartments,
874 East El Camino Real,Sunnyvale,FALSE,FALSE,rent,1,1,866-730-1639,2000,Cascades Apartments,
455 Brahms Way,Sunnyvale,FALSE,TRUE,rent,1,1,408-732-1200,1950,Cezanne Apartments,
1234 Sunnyvale Saratoga Road # 9,Sunnyvale,TRUE,FALSE,rent,1,1,408-737-2424,1500,Chatelaine Apartments,
130 Crescent Avenue,Sunnyvale,FALSE,FALSE,rent,1,1,408-749-1060,1950,Crescent Terrace Senior Apartments,
555 East Washington Avenue,Sunnyvale,TRUE,TRUE,rent,1,1,833-630-9835,1900,Heritage Park Apartments,
1180 Lochinvar Avenue,Sunnyvale,TRUE,FALSE,rent,1,1,408-244-8385,1550,Lemontree Square Apartments,
955 Escalon Avenue,Sunnyvale,TRUE,TRUE,rent,1,1,408-737-2777,1800,Macara Gardens Apartments,
135 Freeway Drive,Napa,FALSE,FALSE,rent,3,3,707-253-8954,4200,Bristol Apartments,
234 Soscol Avenue,Napa,FALSE,TRUE,rent,3,3,707-258-1370,4150,Cadillac Flats Apartments,
3663 Solano Avenue,Napa,FALSE,TRUE,rent,3,3,707-266-6934,4350,Hawthorn Village,
613 Cabot Way,Napa,TRUE,FALSE,rent,3,3,707-265-9373,4250,Marina Park Townhomes,
613 Cabot Way,,TRUE,FALSE,,3,3,707-265-9373,4250,Marina Park Townhomes,
301 Country View Lane # A,Pleasant Hill,TRUE,FALSE,buy,3,3,925-676-6964,3550000,Country View Apartments,
235 Camelback Road,Pleasant Hill,TRUE,TRUE,buy,3,3,925-671-2460,3900000,Northridge Apartments,
91 Santa Barbara Road,Pleasant Hill,TRUE,FALSE,buy,3,3,925-943-1580,3650000,Santa Barbara Manor,
301 Country View Lane # A,,TRUE,FALSE,,3,3,925-676-6964,3550000,Country View Apartments,
850 Russell Avenue,Santa Rosa,TRUE,FALSE,rent,2,2,707-542-2883,3050,Del Nido Apartments,
"Leasing Office, 6600 Montecito Boulevard",Santa Rosa,TRUE,TRUE,rent,2,2,707-538-1516,2700,Montecito Pines Apartments,
638 Cordelia Drive # 1,Santa Rosa,TRUE,FALSE,rent,2,2,707-528-7971,3200,Park Manor Apartments,
2111 Kawana Springs Road,Santa Rosa,TRUE,FALSE,rent,2,2,707-595-2374,3050,Renaissance Apartment Homes,
1050 3rd Street,Santa Rosa,TRUE,TRUE,rent,2,2,707-544-6766,3150,Silvercrest Housing For Snrs,
2605 Range Avenue,Santa Rosa,TRUE,TRUE,rent,2,2,707-575-9600,3100,Village Square Apartments,
2120 Jennings Avenue,Santa Rosa,TRUE,FALSE,rent,2,2,707-523-2120,2800,Walnut Creek Apartments,
2578 Guerneville Road,Santa Rosa,TRUE,TRUE,rent,2,2,707-578-1899,2700,West Oaks Apartments,
"Leasing Office, 6600 Montecito Boulevard",,TRUE,TRUE,,2,2,707-538-1516,2700,Montecito Pines Apartments,
555 East El Camino Real,Sunnyvale,TRUE,TRUE,rent,3,3,408-738-0935,4450,Arbor Terrace Apartments,
1059 Reed Avenue,Sunnyvale,FALSE,TRUE,rent,3,3,408-984-1060,4150,Aster Park Apartments,
1651 Belleville Way,Sunnyvale,TRUE,TRUE,rent,3,3,669-257-9990,4450,Brookside Oaks,
250 W El Camino Real,Sunnyvale,FALSE,FALSE,rent,3,3,866-748-9591,4450,Cherry Orchard Apartment Homes,
1180 Lochinvar Avenue,Sunnyvale,TRUE,FALSE,rent,3,3,408-244-8385,4300,Lemontree Square Apartments,
777 South Mathilda Avenue,Sunnyvale,TRUE,TRUE,rent,3,3,408-774-1501,4050,Mathilda Garden Apartments,
110 E Remington Dr # 18,Sunnyvale,FALSE,FALSE,rent,3,3,408-733-9430,4350,One Ten Remington Apartments,
355 North Wolfe Road,Sunnyvale,FALSE,FALSE,rent,3,3,408-736-4963,4000,Parkside Apartments,
330 North Mathilda Avenue,Sunnyvale,TRUE,TRUE,rent,3,3,844-503-6930,4100,Peartree,
1180 Reed Avenue,Sunnyvale,TRUE,FALSE,rent,3,3,408-244-5636,4450,Riverdeck Apartments,
555 East El Camino Real,,TRUE,TRUE,,3,3,408-738-0935,3850000,Arbor Terrace Apartments,
859 University Avenue,Los Gatos,FALSE,TRUE,buy,1,2,408-395-1222,2250000,Casa Vasona Garden Apartments,
105 Forrest Avenue,Los Gatos,FALSE,FALSE,buy,1,2,408-354-7514,2450000,Three Oaks Apartments,
107 Oak Rim Court,Los Gatos,TRUE,TRUE,buy,1,2,408-358-1541,2500000,Twelve Oaks Apartments,
100 Oak Rim Way # 24,Los Gatos,FALSE,TRUE,buy,1,2,408-358-3066,2550000,Valley Oaks Apartments,
859 University Avenue,,FALSE,TRUE,,1,2,408-395-1222,2800,Casa Vasona Garden Apartments,
6801 Leisure Town Road,Vacaville,FALSE,FALSE,rent,2,2,833-215-3663,2750,North Pointe,
293 Shasta Drive,Vacaville,FALSE,TRUE,rent,2,2,707-447-3651,3200,Shasta Terrace,
199 Aegean Way,,TRUE,TRUE,,2,2,707-448-7056,2700000,Meadowood Apartments,
1032 Mohr Lane,Concord,FALSE,TRUE,rent,1,1,925-687-8460,1800,Hidden Creek Town Homes,
3066 Willow Pass Road,Concord,FALSE,TRUE,rent,1,1,925-691-5974,1700,Kona Kai Village Apartments,
1650 Pine Street,Concord,FALSE,TRUE,rent,1,1,855-273-4847,1800,Park Haven Apartments,
1530 Adelaide Street,Concord,TRUE,TRUE,rent,1,1,925-682-2386,1900,Woodhaven Apartments,
1688 Clayton Road,Concord,FALSE,TRUE,rent,1,2,925-671-3845,2800,City Walk Apartment Homes,
1711 Detroit Avenue,Concord,FALSE,TRUE,rent,1,2,925-686-6868,2850,Courtyard Apartments,
1032 Mohr Lane,Concord,FALSE,TRUE,rent,1,2,925-687-8460,2750,Hidden Creek Town Homes,
3066 Willow Pass Road,Concord,FALSE,TRUE,rent,1,2,925-691-5974,2850,Kona Kai Village Apartments,
3420 Willow Pass Road,Concord,TRUE,TRUE,rent,1,2,925-825-5958,2350,Palm Court Apartment,
1500 Pine Street # 78,Concord,FALSE,TRUE,rent,1,2,925-827-1700,2750,Pine Terrace Apartments,
1599 Denkinger Court,Concord,FALSE,TRUE,rent,1,2,925-384-1256,2450,Villa Diablo Apartments,
1688 Clayton Road,,FALSE,TRUE,,1,2,925-671-3845,2800,City Walk Apartment Homes,
4200 Bay Street,Fremont,FALSE,TRUE,rent,2,2,510-455-8813,3000,Briarwood At Central Park,
41277 Roberts Ave # 32,Fremont,FALSE,FALSE,rent,2,2,510-656-2303,3250,Felson Management Corporation,
37811 Fremont Boulevard,Fremont,FALSE,FALSE,rent,2,2,510-797-4520,2800,Fremont Arms,
38850 Farwell Drive,Fremont,FALSE,FALSE,rent,2,2,510-793-5100,3150,Glenmoor Green Apartments,
41342 Roberts Avenue,Fremont,FALSE,TRUE,rent,2,2,510-657-9766,2750,Granada Apartments,
40777 High Street,Fremont,FALSE,TRUE,rent,2,2,510-651-9080,3250,Pebble Creek Communities,
3500 Pennsylvania Avenue # 101,Fremont,FALSE,TRUE,rent,1,2,510-943-8264,2800,Birchwood Apartments,
4200 Bay Street,Fremont,FALSE,TRUE,rent,1,2,510-455-8813,2700,Briarwood At Central Park,
36163 Fremont Boulevard,Fremont,TRUE,TRUE,rent,1,2,510-793-1621,2300,Brookvale Chateau,
4101 Eggers Drive # 16,Fremont,FALSE,TRUE,rent,1,2,510-796-4064,2850,Case Verde Apartment,
41299 Paseo Padre Parkway,Fremont,FALSE,FALSE,rent,1,2,510-651-1040,2600,Century Village Apartments,
46703 Crawford Street # 2,Fremont,FALSE,FALSE,rent,1,2,510-651-5292,2500,Crawford Apartments,
4261 Stevenson Boulevard,Fremont,TRUE,TRUE,rent,1,2,510-656-8201,2500,Fremont Manor,
4444 Central Avenue,Fremont,TRUE,TRUE,rent,1,2,510-792-1161,2400,Glenmills Apartments,
36000 Fremont Boulevard,Fremont,FALSE,FALSE,rent,1,2,510-793-4070,2400,Hacienda Gardens,
3355 Pennsylvania Avenue #13,Fremont,FALSE,TRUE,rent,1,2,510-792-4983,2300,Hastings East Apartments,
3500 Pennsylvania Avenue # 101,,FALSE,TRUE,,1,2,510-943-8264,2250000,Birchwood Apartments,
5000 Hartnett Avenue,Richmond,TRUE,TRUE,rent,2,3,510-237-5377,3600,Crescent Park,
680 South 37th Street,Richmond,FALSE,TRUE,rent,2,3,510-215-1926,3600,Monterey Pines,
5005 Montoya Avenue,Richmond,FALSE,FALSE,rent,2,3,510-235-6341,3900,Montoya Garden Apartments,
2601 Hilltop Drive,Richmond,TRUE,TRUE,rent,2,3,510-455-8847,3700,San Marcos,
5005 Montoya Avenue,,FALSE,FALSE,,2,3,510-235-6341,3900,Montoya Garden Apartments,
3820 Park Boulevard,Palo Alto,TRUE,FALSE,buy,1,1,650-493-2424,1600000,Casa Carolina Apartments,
325 Hawthorne Avenue,Palo Alto,TRUE,TRUE,buy,1,1,650-966-5319,2150000,Hawthorne,
1600 Sand Hill Road,Palo Alto,TRUE,TRUE,buy,1,1,650-321-1701,2150000,Oak Creek Apartments,
3820 Park Boulevard,,TRUE,FALSE,,1,1,650-493-2424,1600000,Casa Carolina Apartments,
100 Devon Avenue,Pleasant Hill,TRUE,FALSE,rent,3,4,925-930-9630,5200,Devon Apartments,
91 Santa Barbara Road,Pleasant Hill,TRUE,FALSE,rent,3,4,925-943-1580,5000,Santa Barbara Manor,
637 Stonebridge Way,Pleasant Hill,TRUE,TRUE,rent,3,4,925-691-5220,4750,Wood Creek Apartments,
100 Devon Avenue,,TRUE,FALSE,,3,4,925-930-9630,5200,Devon Apartments,
1282 Mattox Road,Hayward,TRUE,TRUE,rent,1,2,510-886-0385,2800,Alpine Vista Apartments,
25173 Cypress Avenue,Hayward,TRUE,FALSE,rent,1,2,510-782-8753,2750,Amador Royal,
25100 Cypress Avenue,Hayward,TRUE,TRUE,rent,1,2,510-887-4406,2700,Cypress Glen,
25355 Cypress Avenue # 101,Hayward,TRUE,TRUE,rent,1,2,510-785-8181,2850,Pepper Tree Apartments,
837 Hancock Street,Hayward,TRUE,TRUE,rent,1,2,510-581-4141,2800,Pinecrest Apartments,
1782 D Street,Hayward,TRUE,FALSE,rent,1,2,510-247-9073,2700,Ridgecrest Apartments,
22650 Alice Street,Hayward,TRUE,TRUE,rent,1,2,510-582-1460,2800,Sycamore Square Housing Corporation,
26525 Gading Road,Hayward,TRUE,FALSE,rent,1,2,510-783-9858,2850,Westwood Townhouse Apartments,
1282 Mattox Road,,TRUE,TRUE,,1,2,510-886-0385,2800,Alpine Vista Apartments,
3979 Alhambra Avenue,Martinez,TRUE,TRUE,buy,3,3,925-228-7047,3750000,Lotus Apartments,
3883 Vista Oaks Drive,Martinez,FALSE,TRUE,buy,3,3,833-755-3332,3650000,Vista Oaks Apartments,
1241 Arnold Drive,Martinez,TRUE,FALSE,buy,3,4,925-372-8078,4250000,Muir Park Condominiums,
1241 Arnold Drive,,TRUE,FALSE,,3,4,925-372-8078,4250000,Muir Park Condominiums,
240 Kottinger Drive,Pleasanton,FALSE,TRUE,buy,3,4,925-846-0133,4550000,Kottinger Place Apartments-Seniors,
5300 Case Avenue,Pleasanton,TRUE,TRUE,buy,3,4,925-461-1948,4450000,Promenade Apartments,
4031 Stanley Boulevard # 112,Pleasanton,FALSE,FALSE,buy,3,4,925-462-6180,4150000,Stanley Junction Senior Apartments,
1552 East Gate Way,Pleasanton,FALSE,FALSE,buy,3,4,844-839-6441,4100000,The Kensington,
240 Kottinger Drive,,FALSE,TRUE,,3,4,925-846-0133,4500000,Kottinger Place Apartments-Seniors,
1633 Marina Court,San Mateo,TRUE,TRUE,buy,1,2,866-571-7179,2400000,Chesapeake Point Apartments,
1510 Marina Vista,San Mateo,TRUE,TRUE,buy,1,2,650-341-3367,2250000,Edgewater Isle Senior Apartments,
25 McAker Court,San Mateo,FALSE,TRUE,buy,1,2,650-286-9800,2250000,Pacific Gardens Townhouse,
651 North El Camino Real,San Mateo,TRUE,TRUE,buy,1,2,650-343-9038,2750000,Park Royal Apartments,
2901 South El Camino Real,San Mateo,TRUE,TRUE,buy,1,2,650-212-0935,2600000,Peninsula Station Apartments,
1633 Marina Court,,TRUE,TRUE,,1,2,866-571-7179,2650,Chesapeake Point Apartments,
3500 Pennsylvania Avenue # 101,,FALSE,TRUE,,1,2,510-943-8264,2300000,Birchwood Apartments,
24660 Amador Street,Hayward,FALSE,FALSE,rent,3,3,510-849-6628,4300,Amador Apartments,
25173 Cypress Avenue,Hayward,TRUE,FALSE,rent,3,3,510-782-8753,3900,Amador Royal,
31108 Brae Burn Avenue,Hayward,FALSE,TRUE,rent,3,3,510-471-7075,3950,Baywood Apartments,
25200 Carlos Bee Boulevard,Hayward,TRUE,TRUE,rent,3,3,510-822-2617,4350,City View,
375 Industrial Parkway # 314,Hayward,FALSE,TRUE,rent,3,3,510-581-0911,3950,Golf Club Manor Apartments,
29200 Huntwood Avenue,Hayward,TRUE,FALSE,rent,3,3,510-786-9375,4100,Huntwood Terrace Apartment,
24545 Amador Street,Hayward,TRUE,TRUE,rent,3,3,510-400-7700,4400,Jackson Arms Apartments,
959 Torrano Avenue # 34,Hayward,FALSE,FALSE,rent,3,3,510-537-7612,3900,Majestic Apartments,
28955 Mission Boulevard,Hayward,TRUE,TRUE,rent,3,3,510-537-5604,4000,Mission Bay Condos,
605 Orchard Avenue,Hayward,FALSE,TRUE,rent,3,3,510-886-1055,4050,Park Orchard Apartments,
25173 Cypress Avenue,,TRUE,FALSE,,3,3,510-782-8753,3900,Amador Royal,
4656 Quigg Drive,Santa Rosa,TRUE,TRUE,buy,1,2,707-537-9866,2250000,Behringer Harvard,
850 Russell Avenue,Santa Rosa,TRUE,FALSE,buy,1,2,707-542-2883,2600000,Del Nido Apartments,
6401 Montecito Boulevard # 29,Santa Rosa,TRUE,TRUE,buy,1,2,707-539-6148,2450000,Garden Court Apartments,
1163 Hopper Avenue,Santa Rosa,FALSE,TRUE,buy,1,2,707-526-9675,2600000,Hopper Lane Apartments,
3076 Marlow Road,Santa Rosa,TRUE,TRUE,buy,1,2,707-579-5081,2650000,Marlow Apartments,
"Leasing Office, 6600 Montecito Boulevard",Santa Rosa,TRUE,TRUE,buy,1,2,707-538-1516,2300000,Montecito Pines Apartments,
638 Cordelia Drive # 1,Santa Rosa,TRUE,FALSE,buy,1,2,707-528-7971,2700000,Park Manor Apartments,
2389 McBride Lane,Santa Rosa,FALSE,FALSE,buy,1,2,707-579-5605,2650000,Park Villa Apartments,
6899 Montecito Boulevard,Santa Rosa,FALSE,FALSE,buy,1,2,707-537-0731,2400000,Parkwood Apartments,
193 Airport Boulevard East,Santa Rosa,TRUE,TRUE,buy,1,2,707-579-9560,2500000,Spring Club,
20667 Forge Way,Cupertino,TRUE,TRUE,buy,2,3,408-739-0870,3400000,Forge Homestead Apartments,
175 Calvert Drive,Cupertino,FALSE,TRUE,buy,2,3,408-627-8259,3500000,Sage At Cupertino,
20667 Forge Way,,TRUE,TRUE,,2,3,408-739-0870,3900,Forge Homestead Apartments,
26100 Gading Road,,TRUE,TRUE,,2,3,510-785-3281,3900,Amberwood Garden Apartments,
6221 Montecito Boulevard,Santa Rosa,TRUE,FALSE,buy,3,3,707-888-5505,3950000,Brush Creek Apartments,
1130 4th Street,Santa Rosa,TRUE,TRUE,buy,3,3,707-544-1400,3700000,Creekside Park Apartments,
1305 Yulupa Avenue,Santa Rosa,TRUE,TRUE,buy,3,3,707-575-3254,3450000,Greentree Apartments,
1163 Hopper Avenue,Santa Rosa,FALSE,TRUE,buy,3,3,707-526-9675,3850000,Hopper Lane Apartments,
1421 Range Avenue,Santa Rosa,FALSE,TRUE,buy,3,3,707-569-7488,3800000,Monte Vista Apartments,
1265 Pacific Avenue # 3,Santa Rosa,FALSE,TRUE,buy,3,3,707-579-0787,3500000,Pacific Garden Apartments,
2055 Range Avenue,Santa Rosa,TRUE,FALSE,buy,3,3,707-600-3342,3550000,Parc Station Apartments,
6899 Montecito Boulevard,Santa Rosa,FALSE,FALSE,buy,3,3,707-537-0731,3550000,Parkwood Apartments,
193 Airport Boulevard East,Santa Rosa,TRUE,TRUE,buy,3,3,707-579-9560,3600000,Spring Club,
1405 Townview Avenue,Santa Rosa,TRUE,TRUE,buy,3,3,707-576-7772,3600000,Vintage At Bennett Valley,
6221 Montecito Boulevard,,TRUE,FALSE,,3,3,707-888-5505,4250,Brush Creek Apartments,
111 Seminary Drive,Mill Valley,TRUE,TRUE,buy,3,3,415-383-6688,3400000,Strawberry Shores Apartments,
111 Seminary Drive,,TRUE,TRUE,,3,3,415-383-6688,3400000,Strawberry Shores Apartments,
2580 Fontaine Road,San Jose,FALSE,TRUE,rent,3,4,408-238-0841,5250,Casa Real Apartments,
320 Crescent Village Circle,San Jose,TRUE,TRUE,rent,3,4,866-794-5531,5050,Crescent Village Apartment Homes,
3031 Tisch Way,San Jose,TRUE,TRUE,rent,3,4,408-241-4342,4800,Cyberbranch Corporation,
"2290, 303 Checkers Drive",San Jose,TRUE,TRUE,rent,3,4,408-272-0356,4900,El Rancho Verde Apartments,
6184 Cottle Road,San Jose,TRUE,TRUE,rent,3,4,408-225-8648,5000,Foothill Apartments,
4748 West Campbell Avenue,,TRUE,TRUE,,3,4,408-379-8440,4700,Baker Park Apartments,
900 Cambridge Drive,Benicia,FALSE,TRUE,rent,1,2,707-745-6178,2750,Benicia Highlands,
118 Warwick Drive,Benicia,TRUE,TRUE,rent,1,2,707-745-4544,2700,Crestview Apartments,
900 Cambridge Drive,,FALSE,TRUE,,1,2,707-745-6178,2500000,Benicia Highlands,
2000 Shoreline Loop,,TRUE,TRUE,,3,3,925-307-7099,4400,Bel Air,
275 Hawthorne Avenue,,TRUE,FALSE,,1,2,650-966-5319,2800,275 Hawthorne Apartments,
400 East Remington Drive,,FALSE,TRUE,,2,3,408-738-4862,3650000,Apricot Pit Apartments,
1010 Power Avenue,Pittsburg,FALSE,TRUE,buy,1,2,925-439-5655,2650000,Belmont Apartment Homes,
3225 Harbor Street,Pittsburg,FALSE,FALSE,buy,1,2,925-432-0333,2350000,Fox Creek Apartments,
2201 Oak Hills Circle,Pittsburg,FALSE,TRUE,buy,1,2,800-992-6908,2650000,Oak Hills Apartments,
256 Peppertree Way,Pittsburg,TRUE,TRUE,buy,1,2,925-432-1202,2350000,Peppertree Apartments,
1010 Power Avenue,,FALSE,TRUE,,1,2,925-439-5655,2650,Belmont Apartment Homes,
1400 A Street,Antioch,FALSE,FALSE,buy,1,1,925-706-0874,1900000,Antioch Rivertown Senior Housing,
1000 Claudia Court,Antioch,FALSE,TRUE,buy,1,1,925-754-7671,1600000,Casa Blanca Apartments,
1600 Aster Drive,Antioch,FALSE,TRUE,buy,1,1,925-705-4248,1950000,Crestview Pines,
2301 Sycamore Drive,Antioch,TRUE,FALSE,buy,1,1,925-776-5379,1900000,Delta Pines Apartments,
3001 Kodiak Street,Antioch,TRUE,FALSE,buy,1,1,925-754-3733,1850000,Hillcrest View Apartments,
600 Wilbur Avenue,Antioch,TRUE,TRUE,buy,1,1,925-779-0601,1650000,Lakeshore Apartments,
2201 Mahogany Way,Antioch,TRUE,TRUE,buy,1,1,925-754-9077,1850000,Oakwood Village Apartments,
2800 Gentrytown Drive,Antioch,TRUE,FALSE,buy,1,1,925-754-1910,2000000,Parkview Village Apartments,
3101 Buchanan Road,Antioch,FALSE,TRUE,buy,1,1,925-754-5455,2000000,Summerwood Apartments,
1400 A Street,,FALSE,FALSE,,1,1,925-706-0874,1900000,Antioch Rivertown Senior Housing,
555 East El Camino Real,Sunnyvale,TRUE,TRUE,buy,3,3,408-738-0935,3850000,Arbor Terrace Apartments,
1059 Reed Avenue,Sunnyvale,FALSE,TRUE,buy,3,3,408-984-1060,3900000,Aster Park Apartments,
1651 Belleville Way,Sunnyvale,TRUE,TRUE,buy,3,3,669-257-9990,3450000,Brookside Oaks,
250 W El Camino Real,Sunnyvale,FALSE,FALSE,buy,3,3,866-748-9591,3950000,Cherry Orchard Apartment Homes,
1180 Lochinvar Avenue,Sunnyvale,TRUE,FALSE,buy,3,3,408-244-8385,3450000,Lemontree Square Apartments,
777 South Mathilda Avenue,Sunnyvale,TRUE,TRUE,buy,3,3,408-774-1501,3750000,Mathilda Garden Apartments,
110 E Remington Dr # 18,Sunnyvale,FALSE,FALSE,buy,3,3,408-733-9430,3750000,One Ten Remington Apartments,
355 North Wolfe Road,Sunnyvale,FALSE,FALSE,buy,3,3,408-736-4963,3850000,Parkside Apartments,
330 North Mathilda Avenue,Sunnyvale,TRUE,TRUE,buy,3,3,844-503-6930,3500000,Peartree,
1180 Reed Avenue,Sunnyvale,TRUE,FALSE,buy,3,3,408-244-5636,3700000,Riverdeck Apartments,
