album,artist,genre,song_name,playback_device
Night Train,Jason Aldean,Country,When She Says Baby,
Night Train,Jason Aldean,Country,When She Says Baby,bedroom speaker
Mint,Alice Merton,Pop,Why So Serious,
Mint,Alice Merton,Pop,Why So Serious,TV
Expectations,Hayley Kiyoko,Pop,Curious,
Expectations,Bebe Rexha,Pop,I Got You,
Expectations,Bebe Rexha,Pop,Knees,
Expectations,Hayley Kiyoko,Pop,Let It Be,
Expectations,Hayley Kiyoko,Pop,Sleepover,
Expectations,Hayley Kiyoko,Pop,What I Need,
Expectations,Bebe Rexha,Pop,I Got You,kitchen speaker
Kaleidoscope Dream,Miguel,Pop,Adorn,
A Boy From Tandale,Diamond Platnumz,Pop,African Beauty,
Handwritten,Shawn Mendes,Pop,Aftertaste,
Holo,Limbo,Pop,Airplane Mode,
This Is Acting,Sia,Pop,Alive,
Title,Meghan Trainor,Pop,All About That Bass,
Always In Between,Jess Glynne,Pop,All I Am,
The Princess,Parov Stelar,Pop,All Night,
Journals,Justin Bieber,Pop,All That Matters,
Singular Act I,Sabrina Carpenter,Pop,Almost Love,
Illuminate,Shawn Mendes,Pop,Bad Reputation,
Illuminate,Shawn Mendes,Pop,Mercy,
Handwritten,Shawn Mendes,Pop,Never Be Alone,
Handwritten,Shawn Mendes,Pop,Something Big,
Handwritten,Shawn Mendes,Pop,Stitches,
Illuminate,Shawn Mendes,Pop,Treat You Better,
Illuminate,Shawn Mendes,Pop,Bad Reputation,bedroom speaker
Crooked Teeth,Papa Roach,Metal,Born For Greatness,
Meliora,Ghost,Metal,Cirice,
Anesthetic,Mark Morton,Metal,Cross Off,
Prequelle,Ghost,Metal,Dance Macabre,
No More Hollywood Endings,Battle Beast,Metal,Eden,
The Hunting Party,Linkin Park,Metal,Final Masquerade,
Got Your Six,Five Finger Death Punch,Metal,I Apologize,
Judas,Fozzy,Metal,Judas,
Maximalism,Amaranthe,Metal,Maximize,
Heroes,Sabaton,Metal,Night Witches,
The Seven Deadly Sins Original Soundtrack,Hiroyuki Sawano,Soundtracks,Perfect Time,
The Seven Deadly Sins Original Soundtrack,Hiroyuki Sawano,Soundtracks,Perfect Time,bedroom speaker
Golden Hour,Kacey Musgraves,Country,High Horse,
Transmissions,Starset,Rock,Carnivore,
Honky Tonk Time Machine,George Strait,Country,Every Little Honky Tonk Bar,
A True Master,Yi Nantiro,Soundtracks,A True Master,
A Star Is Born Soundtrack,Lady Gaga,Soundtracks,Always Remember Us This Way,
Joytime,Marshmello,House,Summer,
Loser,Sasha Sloan,Pop,Older,
Dzieciom,Lao Che,Rock,Wojenka,
V,Adam Levine,Pop,Lost Stars,
Golden Hour,Kacey Musgraves,Country,Space Cowboy,
Transmissions,Starset,Rock,Carnivore,kitchen speaker
The Martin Garrix Experience,Martin Garrix,House,Yottabyte,
Different World,Alan Walker,Pop,Alone,
Different World,Alan Walker,Pop,Darkside,
Different World,Alan Walker,Pop,Alone,bedroom speaker
Red,Dia Frampton,Pop,Walk Away,
Red,Dia Frampton,Pop,Walk Away,TV
Loud,Rihanna,Pop,California King Bed,
Unapologetic,Rihanna,Pop,Pour It Up,
Unapologetic,Rihanna,Pop,Stay,
Talk That Talk,Rihanna,Pop,Talk That Talk,
Unapologetic,Rihanna,Pop,What Now,
Talk That Talk,Rihanna,Pop,Where Have You Been,
Unapologetic,Rihanna,Pop,Pour It Up,TV
Stronger,Sara Evans,Country,A Little Bit Stronger,
Where We Come From,Popcaan,Reggae,Addicted,
Blood,In This Moment,Metalcore,Adrenalize,
A Star Is Born Soundtrack,Bradley Cooper,Soundtracks,Alibi,
Kaleidoscope Dream,Miguel,Pop,Adorn,bedroom speaker
World Cry,Jah Cure,Reggae,Before I Leave,
It Feel Good,Konshens,Reggae,Bruk Off Yuh Back,
King Of The Dancehall,Vybz Kartel,Reggae,Colouring This Life,
Dolla Van Riddim,Busy Signal,Reggae,Dolla Van,
Finest Dubs Outta Jamaica,Augustus Pablo,Reggae,Dub Scene,
Where We Come From,Popcaan,Reggae,Everything Nice,
Love Town,Kolohe Kai,Reggae,First True Love,
Hold You,Gyptian,Reggae,Hold You,
Tomahawk Technique,Sean Paul,Reggae,How Deep Is Your Love,
Where We Come From,Popcaan,Reggae,Addicted,kitchen speaker
Happiness Begins,Jonas Brothers,Pop,Sucker,
Dangerous Woman,Ariana Grande,Pop,Be Alright,
Dangerous Woman,Ariana Grande,Pop,Dangerous Woman,
Dangerous Woman,Ariana Grande,Pop,Focus,
Dangerous Woman,Ariana Grande,Pop,Into You,
Dangerous Woman,Ariana Grande,Pop,Let Me Love You,
Dangerous Woman,Ariana Grande,Pop,Touch It,
Dangerous Woman,Ariana Grande,Pop,Be Alright,kitchen speaker
Evolution,Disturbed,Rock,Are You Ready,
The End Is Where We Begin,Thousand Foot Krutch,Rock,Be Somebody,
Born Free,Kid Rock,Rock,Born Free,
The End Is Where We Begin,Thousand Foot Krutch,Rock,Courtesy Call,
Your Name,Radwimps,Rock,Dream Lantern,
Sex Rock,Alex Angel,Rock,Easy World,
Erase The Pain,Palisades,Rock,Erase The Pain,
After Laughter,Paramore,Rock,Hard Times,
Meliora,Ghost,Rock,He Is,
Evolution,Disturbed,Rock,Are You Ready,bedroom speaker
Expectations,Hayley Kiyoko,Pop,Let It Be,bedroom speaker
Kaleidoscope Dream,Miguel,Pop,Adorn,kitchen speaker
Camila,Camila Cabello,Pop,Consequences,
Camila,Camila Cabello,Pop,Real Friends,
Camila,Camila Cabello,Pop,She Loves Control,
Camila,Camila Cabello,Pop,Real Friends,kitchen speaker
Heroes,Sabaton,Metal,No Bullets Fly,
Heroes,Sabaton,Metal,Night Witches,kitchen speaker
California Sunrise,Jon Pardi,Country,Head Over Boots,
California Sunrise,Jon Pardi,Country,Night Shift,
Oak Island,Our Last Night,Metalcore,Same Old War,
Oak Island,Our Last Night,Metalcore,Same Old War,TV
A Boy From Tandale,Diamond Platnumz,Pop,African Beauty,bedroom speaker
All The Little Lights,Passenger,Pop,Let Her Go,
All The Little Lights,Passenger,Pop,Let Her Go,kitchen speaker
It Feel Good,Konshens,Reggae,Turn Me On,
It Feel Good,Konshens,Reggae,Turn Me On,kitchen speaker
Torches,Foster The People,Indie,Houdini,
Pumped Up Kicks,Foster The People,Indie,Pumped Up Kicks,
Camila,Camila Cabello,Pop,Real Friends,bedroom speaker
Dark Horse,Devin Dawson,Country,All On Me,
Kuntry,Jawga Boyz,Country,All The Girls Wanna Ride,
Barefoot Blue Jean Night,Jake Owen,Country,Alone With You,
Bigger,Sugarland,Country,Babe,
Mercury Lane,Jimmie Allen,Country,Best Shot,
Blown Away,Carrie Underwood,Country,Blown Away,
Yours,Russell Dickerson,Country,Blue Tacoma,
Halfway To Heaven,Brantley Gilbert,Country,Bottoms Up,
Untamed,Cam,Country,Burning House,
Telling All My Secrets,Mitchell Tenpenny,Country,Drunk Me,
Telling All My Secrets,Mitchell Tenpenny,Country,Drunk Me,bedroom speaker
Pain Killer,Little Big Town,Country,Girl Crush,
Blonde,Frank Ocean,Pop,Nights,
Badlands,Halsey,Electropop,Hurricane,
Do It Again,Pia Mia,Pop,Do It Again,
Witness,Katy Perry,Electropop,Swish Swish,
Big A Presents One Chance Riddim,Shenseea,Reggae,Time Up,
Black Widow,In This Moment,Metalcore,Sex Metal Barbie,
The Present Tense,Courier,Pop,San Francisco,
The Present Tense,Courier,Pop,San Francisco,bedroom speaker
Pure Heroine,Lorde,Electropop,Buzzcut Season,
Pure Heroine,Lorde,Electropop,Team,
Pure Heroine,Lorde,Electropop,Tennis Court,
Pure Heroine,Lorde,Electropop,Team,kitchen speaker
Blonde,Frank Ocean,Pop,Ivy,
Blonde,Frank Ocean,Pop,Nikes,
Blonde,Frank Ocean,Pop,Self Control,
Blonde,Frank Ocean,Pop,Ivy,kitchen speaker
The Mountain,Dierks Bentley,Country,Burning Man,
Dark Horse,Devin Dawson,Country,All On Me,TV
Dark Horse,Devin Dawson,Country,All On Me,kitchen speaker
A Star Is Born Soundtrack,Lady Gaga,Soundtracks,Before I Cry,
A Star Is Born Soundtrack,Bradley Cooper,Soundtracks,Black Eyes,
A Star Is Born Soundtrack,Lady Gaga,Soundtracks,Heal Me,
A Star Is Born Soundtrack,Lady Gaga,Soundtracks,Look What I Found,
A Star Is Born Soundtrack,Lady Gaga,Soundtracks,Before I Cry,TV
We Need To Talk,Taylor Parks,Pop,I Want You,
Mahandini,Dewa Budjana,Pop,Hyang Giri,
Icarus Falls,Zayn Malik,Pop,Dusk Till Dawn,
Sing To Me Instead,Ben Platt,Pop,Grow As We Go,
Sing To Me Instead,Ben Platt,Pop,Temporary Love,
Brave Enough,Lindsey Stirling,Pop,The Arena,
King Of Everything,Jinjer,Metal,Pisces,
King Of Everything,Jinjer,Metal,Pisces,TV
Stronger,Sara Evans,Country,A Little Bit Stronger,TV
Dark Horse,Devin Dawson,Country,All On Me,bedroom speaker
Pop Evil,Pop Evil,Metalcore,Be Legendary,
Black Widow,In This Moment,Metalcore,Big Bad Wolf,
Blood,In This Moment,Metalcore,Blood,
Black Widow,In This Moment,Metalcore,Sick Like Me,
The Black,Asking Alexandria,Metalcore,The Black,
A War You Cannot Win,All That Remains,Metalcore,What If I Was Nothing,
Blood,In This Moment,Metalcore,Whore,
Black Widow,In This Moment,Metalcore,Big Bad Wolf,kitchen speaker
Vessel,Twenty One Pilots,Pop,Fake You Out,
Vessel,Twenty One Pilots,Pop,Truce,
Vessel,Twenty One Pilots,Pop,Truce,bedroom speaker
Alkaline Masterpiece,Alkaline,Reggae,Pretty Girl Team,
The Beginning,Sammielz,Reggae,Let Us Be,
Vandenynai,Linas Adomaitis,Pop,Vandenynai,
Bollywood Monsoon Special,Meet Bros,South Asia,Cham Cham,
Happy Endings,Old Dominion,Country,Hotel Key,
Cloud Nine,Kygo,Downtempo,Raging,
Who You Are,Jessie J,Pop,Mamma Knows Best,
Built On Glass,Nick Murphy,Electronica,Gold,
Got Your Six,Five Finger Death Punch,Metal,Wash It All Away,
Covers,Alec Chambers,Pop,Without Me,
Covers,Alec Chambers,Pop,Without Me,kitchen speaker
Raise Vibration,Lenny Kravitz,Rock,Low,
Raise Vibration,Lenny Kravitz,Rock,Low,kitchen speaker
Outsider,Three Days Grace,Rock,Right Left Wrong,
Outsider,Three Days Grace,Rock,The Mountain,
Outsider,Three Days Grace,Rock,Right Left Wrong,bedroom speaker
My Dream,Karolina Protsenko,Pop,Despacito,
Fly,Karolina Protsenko,Pop,Girls Like You,
Fly,Karolina Protsenko,Pop,Let Me Love You,
Ruin Your Party,Scotty Sire,Pop,Take Me Away,
Blues Of Desperation,Joe Bonamassa,Blues,Drive,
Welcome Reality,Nero,Dubstep,Promises,
Double Vision,Prince Royce,Pop,Back It Up,
Stony Hill,Damian Marley,Reggae,Speak Life,
Piano Songs,Froggy Fresh,Pop,Boyfriend,
Ruin Your Party,Scotty Sire,Pop,Take Me Away,kitchen speaker
The Bright Side,Lenka,Pop,Blue Skies,
The Bright Side,Lenka,Pop,Blue Skies,kitchen speaker
Sucker Punch,Sigrid,Pop,Strangers,
Awake,Illenium,Dubstep,Free Fall,
Icarus Falls,Zayn Malik,Pop,There You Are,
Bloom,Troye Sivan,Pop,Bloom,
Vale,Black Veil Brides,Rock,Wake Up,
Vale,Black Veil Brides,Rock,Wake Up,TV
Crooked Teeth,Papa Roach,Metal,Born For Greatness,TV
Dolla Van Riddim,Busy Signal,Reggae,Dolla Van,bedroom speaker
Pop Food,Jack Stauber,Pop,Buttercup,
Pop Food,Jack Stauber,Pop,Oh Klahoma,
Pop Food,Jack Stauber,Pop,Buttercup,bedroom speaker
Home State,Jordan Davis,Country,Singles You Up,
A Soe Htae Ka A Kaung,Kaung Kaung,Pop,Pyaw Nay Par,
Ready,Ruel,Pop,Younger,
Confident,Demi Lovato,Pop,Stone Cold,
The New Classic,Iggy Azalea,Pop,Work,
Reminiscence,Mattia Cupelli,Soundtracks,Love Lost,
Superman,Arash,Pop,One Day,
Elements,Ludovico Einaudi,Classical,Night,
Halcyon Days,Ellie Goulding,Pop,How Long Will I Love You,
Home State,Jordan Davis,Country,Singles You Up,kitchen speaker
Born This Way,Lady Gaga,Pop,Bloody Mary,
Born This Way,Lady Gaga,Pop,Born This Way,
Joanne,Lady Gaga,Pop,Joanne,
Joanne,Lady Gaga,Pop,John Wayne,
Golden Hour,Kacey Musgraves,Country,Butterflies,
Golden Hour,Kacey Musgraves,Country,Slow Burn,
Thank You Happy Birthday,Cage The Elephant,Rock,Shake Me Down,
Kamayanbaghi,Hoba Hoba Spirit,Rock,Mchat,
Sucker Punch,Sigrid,Pop,Sucker Punch,
Shoft El Ayam,Amr Diab,Middle Eastern,Ana Mosh Anani,
Icarus Falls,Zayn Malik,Pop,Good Years,
Flicker,Niall Horan,Folk,Slow Hands,
Raabta,Arijit Singh,South Asia,Ik Vaari Aa,
How Long,Charlie Puth,Pop,How Long,
Thank You Happy Birthday,Cage The Elephant,Rock,Shake Me Down,TV
Beauty Marks,Ciara,Pop,Thinkin Bout You,
Beauty Marks,Ciara,Pop,Thinkin Bout You,bedroom speaker
Kontraband,Kabaka Pyramid,Reggae,Reggae Music,
Badlands,Halsey,Electropop,Control,
Experiment,Kane Brown,Country,Homesick,
Yours,Russell Dickerson,Country,Yours,
This Is Acting,Sia,Pop,Unstoppable,
Sen Menga Kerak,Shahzoda,Pop,Qaynona,
Elevate,Big Time Rush,Pop,Windows Down,
Kontraband,Kabaka Pyramid,Reggae,Reggae Music,TV
Experiment,Kane Brown,Country,Lose It,
Experiment,Kane Brown,Country,Weekend,
Joytime,Marshmello,House,Blocks,
Joytime,Marshmello,House,Find Me,
Joytime,Marshmello,House,Keep It Mello,
Joytime,Marshmello,House,Take It Back,
Joytime,Marshmello,House,Blocks,bedroom speaker
Loud,Rihanna,Reggae,Man Down,
Frozen,Josh Gad,Soundtracks,In Summer,
You Know I Know,Olly Murs,Pop,Moves,
You Know I Know,Olly Murs,Pop,Moves,bedroom speaker
Big A Presents One Chance Riddim,Shenseea,Reggae,Time Up,kitchen speaker
Purgatory,Tyler Childers,Country,White House Road,
Purgatory,Tyler Childers,Country,White House Road,TV
A Boy From Tandale,Diamond Platnumz,Pop,African Beauty,kitchen speaker
Purgatory,Tyler Childers,Country,White House Road,bedroom speaker
The Beginning,Sammielz,Reggae,Let Us Be,kitchen speaker
Forever,Popcaan,Reggae,Silence,
Forever,Popcaan,Reggae,Wine For Me,
Forever,Popcaan,Reggae,Silence,kitchen speaker
One More Light,Linkin Park,Electropop,Battle Symphony,
One More Light,Linkin Park,Electropop,Good Goodbye,
One More Light,Linkin Park,Electropop,Nobody Can Save Me,
One More Light,Linkin Park,Electropop,One More Light,
One More Light,Linkin Park,Electropop,Good Goodbye,kitchen speaker
Blonde,Frank Ocean,Pop,Ivy,bedroom speaker
Late Nights And Longnecks,Justin Moore,Country,Jesus And Jack Daniels,
Genesis,Mark Petrie,Classical,Kara Kul,
Foundation,Shatta Wale,Reggae,Shatta Movement,
Night Visions,Imagine Dragons,Rock,Radioactive,
Muse Box,Madilyn Bailey,Pop,Titanium,
Khayali,Tamer Ashor,Pop,Mahzouz,
Late Nights And Longnecks,Justin Moore,Country,Jesus And Jack Daniels,bedroom speaker
Enredados,Alan Menken,Soundtracks,Kingdom Dance,
Enredados,Alan Menken,Soundtracks,Kingdom Dance,kitchen speaker
K,Kozoria,Rock,Worst Ends,
Expectations,Hayley Kiyoko,Pop,Curious,bedroom speaker
Mirrorwriting,Jamie Woon,Electronica,Lady Luck,
The King Of Limbs,Radiohead,Electronica,Lotus Flower,
Thinking In Textures,Nick Murphy,Electronica,No Diggity,
Presence,Petit Biscuit,Electronica,Sunset Lover,
Singular Act I,Sabrina Carpenter,Pop,Paris,
Singular Act I,Sabrina Carpenter,Pop,Sue Me,
Singular Act I,Sabrina Carpenter,Pop,Paris,bedroom speaker
Sick Boy,The Chainsmokers,Pop,Everybody Hates Me,
Sick Boy,The Chainsmokers,Pop,Hope,
Sick Boy,The Chainsmokers,Pop,Sick Boy,
Sick Boy,The Chainsmokers,Pop,Side Effects,
Sick Boy,The Chainsmokers,Pop,Somebody,
Sick Boy,The Chainsmokers,Pop,Everybody Hates Me,kitchen speaker
Home State,Jordan Davis,Country,Take It From Me,
Home State,Jordan Davis,Country,Take It From Me,kitchen speaker
No Line Signal Likhat Ba,Shashi Lal Yadav,Country,Naya Naya Penhi Salwarba,
No Line Signal Likhat Ba,Shashi Lal Yadav,Country,Naya Naya Penhi Salwarba,TV
The End Is Where We Begin,Thousand Foot Krutch,Rock,Be Somebody,bedroom speaker
Evolution,Disturbed,Rock,No More,
Narrated For You,Alec Benjamin,Pop,Boy In The Bubble,
Narrated For You,Alec Benjamin,Pop,Gotta Be A Reason,
Narrated For You,Alec Benjamin,Pop,If I Killed Someone For You,
Narrated For You,Alec Benjamin,Pop,If We Have Each Other,
Narrated For You,Alec Benjamin,Pop,Let Me Down Slowly,
Narrated For You,Alec Benjamin,Pop,Outrunning Karma,
Narrated For You,Alec Benjamin,Pop,The Water Fountain,
Narrated For You,Alec Benjamin,Pop,Gotta Be A Reason,bedroom speaker
Stars Dance,Selena Gomez,Pop,Love Will Remember,
Stars Dance,Selena Gomez,Pop,Love Will Remember,kitchen speaker
Speak Now,Taylor Swift,Pop,The Story Of Us,
Loud,Rihanna,Pop,California King Bed,kitchen speaker
Free Spirit,Khalid,Pop,Better,
Free Spirit,Khalid,Pop,Better,kitchen speaker
California Sunrise,Jon Pardi,Country,Head Over Boots,TV
A Star Is Born Soundtrack,Lady Gaga,Soundtracks,Always Remember Us This Way,TV
Shatter Me,Lindsey Stirling,Pop,Roundtable Rival,
Shatter Me,Lindsey Stirling,Pop,Shatter Me,
Shatter Me,Lindsey Stirling,Pop,Roundtable Rival,kitchen speaker
Assume Form,James Blake,Pop,Barefoot In The Park,
Assume Form,James Blake,Pop,Mile High,
Amos,Michael Ray,Country,One That Got Away,
Overthinking,Shy Martin,Pop,Lose You Too,
The Descent,Kevin Macleod,Soundtracks,Nerves,
The Devil You Know,Blues Saraceno,Rock,The Devil You Know,
The New Classic,Iggy Azalea,Pop,Change Your Life,
The Getaway,Red Hot Chili Peppers,Pop,Go Robot,
Wonders,The Piano Guys,Classical,Let It Go,
Icarus Falls,Zayn Malik,Pop,Still Got Time,
Amos,Michael Ray,Country,One That Got Away,kitchen speaker
Forbidden,Todrick Hall,Pop,Dem Beats,
Speak Now,Taylor Swift,Pop,The Story Of Us,kitchen speaker
Purple Reign,Future,Soundtracks,Wicked,
Purple Reign,Future,Soundtracks,Wicked,kitchen speaker
Center Point Road,Thomas Rhett,Country,Look What God Gave Her,
Center Point Road,Thomas Rhett,Country,Look What God Gave Her,kitchen speaker
Handwritten,Shawn Mendes,Pop,Never Be Alone,bedroom speaker
Pitch Perfect,Anna Kendrick,Soundtracks,Cups,
Sunset Season,Conan Gray,Pop,Generation Why,
My Everything,Ariana Grande,Pop,Break Free,
Avril Lavigne,Avril Lavigne,Pop,Rock N Roll,
Infestissumam,Ghost,Metal,Year Zero,
Sunset Season,Conan Gray,Pop,Generation Why,kitchen speaker
Halcyon,Ellie Goulding,Pop,Burn,
Halcyon,Ellie Goulding,Pop,Burn,bedroom speaker
Halcyon Days,Ellie Goulding,Pop,Beating Heart,
Halcyon Days,Ellie Goulding,Pop,Beating Heart,kitchen speaker
Battleground,The Wanted,Pop,Glad You Came,
Battleground,The Wanted,Pop,Glad You Came,kitchen speaker
Fly,Karolina Protsenko,Pop,Let Me Love You,kitchen speaker
The Getaway,Red Hot Chili Peppers,Pop,Sick Love,
Cry Pretty,Carrie Underwood,Pop,The Champion,
Inna,Inna,Pop,Bad Boys,
Cheap Smell,Sharon Kovacs,Pop,Cheap Smell,
Good Company,The Dead South,Folk,Banjo Odyssey,
The First Time,Kelsea Ballerini,Country,Peter Pan,
Crooked Teeth,Papa Roach,Rock,Help,
El Hombre,El Alfa,Latin,Suave,
El Hombre,El Alfa,Latin,Suave,TV
Blonde,Frank Ocean,Pop,Ivy,TV
World Cry,Jah Cure,Reggae,Before I Leave,bedroom speaker
The Last Stand,Sabaton,Metal,The Lost Battalion,
The Getaway,Red Hot Chili Peppers,Pop,Dark Necessities,
Visions,Grimes,Electropop,Oblivion,
Maren Morris,Maren Morris,Country,My Church,
The Last Stand,Sabaton,Metal,Shiroyama,
Salam,Harris J,Pop,Salam Alaikum,
The Getaway,Red Hot Chili Peppers,Pop,Dark Necessities,TV
Handwritten,Shawn Mendes,Pop,Aftertaste,bedroom speaker
Pop Food,Jack Stauber,Pop,Oh Klahoma,bedroom speaker
Creeker,Upchurch,Rock,Pond Creek Road,
The Gaza Don,Vybz Kartel,Dancehall,Summer Time,
Expectations,Hayley Kiyoko,Pop,Let It Be,kitchen speaker
Texoma Shore,Blake Shelton,Country,I Lived It,
Bringing Back The Sunshine,Blake Shelton,Country,Sangria,
Texoma Shore,Blake Shelton,Country,I Lived It,TV
El Hombre,El Alfa,Latin,Suave,kitchen speaker
Oak Island,Our Last Night,Metalcore,Same Old War,bedroom speaker
Harry Styles,Harry Styles,Rock,Kiwi,
Yours,Isak Danielson,Pop,Broken,
Your Name,Radwimps,Soundtracks,Nandemonaiya,
Glory Sound Prep,Jon Bellion,Pop,Stupid Deep,
Waves,Iakopo,Reggae,Never Letting Go,
Waves,Iakopo,Reggae,Never Letting Go,TV
Spectrum,Westlife,Pop,Better Man,
Spectrum,Westlife,Pop,Hello My Love,
Spectrum,Westlife,Pop,Better Man,bedroom speaker
Kuntry,Jawga Boyz,Country,All The Girls Wanna Ride,bedroom speaker
Purpose,Justin Bieber,Pop,Sorry,
Purpose,Justin Bieber,Pop,Sorry,kitchen speaker
Illuminate,Shawn Mendes,Pop,Bad Reputation,kitchen speaker
Happy Endings,Old Dominion,Country,Written In Sand,
The Martin Garrix Experience,Martin Garrix,House,No Sleep,
Icona Pop,Icona Pop,Electropop,I Love It,
Pass The Jar,Zac Brown Band,Country,Colder Weather,
Dangerous Woman,Ariana Grande,Pop,Let Me Love You,kitchen speaker
Who You Are,Jessie J,Pop,Mamma Knows Best,bedroom speaker
Cold Water,Major Lazer,Electropop,Cold Water,
Badlands,Halsey,Electropop,Colors,
Lady Wood,Tove Lo,Electropop,Cool Girl,
Badlands,Halsey,Electropop,Gasoline,
Badlands,Halsey,Electropop,Ghost,
Melodrama,Lorde,Electropop,Supercut,
Melodrama,Lorde,Electropop,Supercut,bedroom speaker
When Was The Last Time,Darius Rucker,Country,If I Told You,
When Was The Last Time,Darius Rucker,Country,If I Told You,kitchen speaker
Trench,Twenty One Pilots,Indietronica,Neon Gravestones,
Slow Air,Still Corners,Pop,Black Lagoon,
Enjoy Yourself,Billy Currington,Country,Let Me Down Easy,
Maza Mar Liya Dhori Ke Niche,Shailesh Premi,Country,Lahnga Lasar Ke,
Built On Glass,Nick Murphy,Electronica,Gold,bedroom speaker
Eric Ethridge,Eric Ethridge,Country,If You Met Me First,
Ember,Breaking Benjamin,Rock,Tourniquet,
Cuz I Love You,Lizzo,Pop,Tempo,
Cuz I Love You,Lizzo,Pop,Tempo,bedroom speaker
Handwritten,Shawn Mendes,Pop,Aftertaste,kitchen speaker
Black Widow,In This Moment,Metalcore,Sick Like Me,kitchen speaker
Love Songs From A Lolita,Maty Noyes,Pop,New Friends,
Love Songs From A Lolita,Maty Noyes,Pop,New Friends,bedroom speaker
Unapologetically,Kelsea Ballerini,Country,Miss Me More,
Unapologetically,Kelsea Ballerini,Country,Miss Me More,bedroom speaker
Assume Form,James Blake,Pop,Mile High,bedroom speaker
Harry Styles,Harry Styles,Rock,Two Ghosts,
The Satanist,Behemoth,Metal,O Father O Satan O Sun,
This Is Acting,Sia,Pop,Move Your Body,
Origins,Shallow Side,Rock,Try To Fight It,
Unleashed Beyond,Skillet,Rock,The Resistance,
The New Classic,Iggy Azalea,Pop,Black Widow,
The New Classic,Iggy Azalea,Pop,Bounce,
The New Classic,Iggy Azalea,Pop,Black Widow,kitchen speaker
V,Adam Levine,Pop,Lost Stars,TV
Intuition,Tyler Shaw,Pop,With You,
Climate Change,Pitbull,Pop,Options,
Climate Change,Pitbull,Pop,Options,bedroom speaker
Melting,Nico Cartosio,Classical,Cocaine March,
Elements,Ludovico Einaudi,Classical,Elements,
Limitless,The Piano Guys,Classical,Epiphany,
Nightsky,Tracey Chattaway,Classical,Nightsky,
Limitless,The Piano Guys,Classical,Perfect,
Limitless,The Piano Guys,Classical,Epiphany,bedroom speaker
Magic,Ben Rector,Pop,Love Like This,
Transmissions,Starset,Rock,It Has Begun,
Nayutan Sei Kara No Buttai Y,Nayutalien,Rock,Planet Loop,
Last Daze Of Summer,Maleek Berry,Africa,Kontrol,
So Mi Like It,Spice,Reggae,So Mi Like It,
Golden Hour,Kacey Musgraves,Country,Slow Burn,bedroom speaker
Happiness Begins,Jonas Brothers,Pop,Sucker,kitchen speaker
My Kinda Party,Jason Aldean,Country,Dirt Road Anthem,
Rearview Town,Jason Aldean,Country,Girl Like You,
Rearview Town,Jason Aldean,Country,Rearview Town,
Rearview Town,Jason Aldean,Country,Ride All Night,
Rearview Town,Jason Aldean,Country,You Make It Easy,
Badlands,Halsey,Electropop,Control,kitchen speaker
Icarus Falls,Zayn Malik,Pop,Satisfaction,
Bittersweet,Brunettes Shoot Blondes,Rock,Knock Knock,
Joytime,Marshmello,House,Find Me,kitchen speaker
Count Me In,Rebelution,Reggae,Roots Reggae Music,
Count Me In,Rebelution,Reggae,Roots Reggae Music,kitchen speaker
Random Access Memories,Daft Punk,Punk,Get Lucky,
Random Access Memories,Daft Punk,Punk,Get Lucky,bedroom speaker
Burlesque Original Motion Picture Soundtrack,Christina Aguilera,Soundtracks,Express,
Burlesque Original Motion Picture Soundtrack,Christina Aguilera,Soundtracks,Show Me How You Burlesque,
Burlesque Original Motion Picture Soundtrack,Christina Aguilera,Soundtracks,Tough Lover,
Witness,Katy Perry,Pop,Hey Hey Hey,
Witness,Katy Perry,Pop,Hey Hey Hey,TV
Current Mood,Dustin Lynch,Country,Small Town Boy,
Lindsey Stirling,Lindsey Stirling,Pop,Elements,
Sing To Me Instead,Ben Platt,Pop,Ease My Mind,
So Good,Zara Larsson,Pop,I Would Like,
So Good,Zara Larsson,Pop,I Would Like,bedroom speaker
Always In Between,Jess Glynne,Pop,Thursday,
Kris Jones,Kris Jones,Country,Tennessee Whiskey,
Me And My Broken Heart,Push Baby,Pop,Me And My Broken Heart,
Expectations,Hayley Kiyoko,Pop,Curious,TV
Cloud Nine,Kygo,Downtempo,Carry Me,
Cloud Nine,Kygo,Downtempo,Raging,kitchen speaker
Superman,Arash,Pop,One Day,TV
Heart Miles,Jai Waetford,Pop,Shy,
Heart Miles,Jai Waetford,Pop,Shy,kitchen speaker
Evolution,Disturbed,Rock,Are You Ready,kitchen speaker
Bu Muhabbat,Shahzoda,Pop,Chicco,
Bu Muhabbat,Shahzoda,Pop,Chicco,bedroom speaker
Dedicated,Carly Rae Jepsen,Pop,Now That I Found You,
Dedicated,Carly Rae Jepsen,Pop,Now That I Found You,TV
Philharmonics,Agnes Obel,Folk,Riverside,
Philharmonics,Agnes Obel,Folk,Riverside,bedroom speaker
Glory Sound Prep,Jon Bellion,Pop,Stupid Deep,kitchen speaker
This Is Acting,Sia,Pop,Bird Set Free,
The Greatest,Sia,Pop,The Greatest,
This Is Acting,Sia,Pop,Bird Set Free,bedroom speaker
Party Never Ends,Inna,Pop,In Your Eyes,
Party Never Ends,Inna,Pop,In Your Eyes,kitchen speaker
Stronger,Sara Evans,Country,A Little Bit Stronger,kitchen speaker
Sing To Me Instead,Ben Platt,Pop,Bad Habit,
One More Light,Linkin Park,Electropop,Battle Symphony,bedroom speaker
Expectations,Bebe Rexha,Pop,Knees,bedroom speaker
Undefined,Simply Three,Rock,Rain,
Last Year Was Complicated,Nick Jonas,Pop,Under You,
Icarus Falls,Zayn Malik,Pop,Let Me,
Icarus Falls,Zayn Malik,Pop,Still Got Time,bedroom speaker
After The Landslide,Matt Simons,Pop,Open Up,
After The Landslide,Matt Simons,Pop,Open Up,kitchen speaker
My Everything,Ariana Grande,Pop,Be My Baby,
My Everything,Ariana Grande,Pop,Best Mistake,
My Everything,Ariana Grande,Pop,One Last Time,
Mirrorwriting,Jamie Woon,Electronica,Lady Luck,bedroom speaker
Blastoff Blues,Ricky T And The Rockets,Blues,Memory Pain,
Yomonsan,Janob Rasul,Pop,Yomonsan,
Every Little Thing,Carly Pearce,Country,Every Little Thing,
Loud,Rihanna,Reggae,Man Down,kitchen speaker
Demi,Demi Lovato,Pop,Neon Lights,
Kiss,Carly Rae Jepsen,Pop,Call Me Maybe,
Honky Tonk Time Machine,George Strait,Country,Codigo,
Yours,Russell Dickerson,Country,Blue Tacoma,TV
Ember,Breaking Benjamin,Rock,Tourniquet,bedroom speaker
Nine Track Mind,Charlie Puth,Pop,Dangerously,
The Martin Garrix Experience,Martin Garrix,House,Ocean,
In A Truck Right Now,Riley Green,Country,There Was This Girl,
Got Your Six,Five Finger Death Punch,Metal,I Apologize,bedroom speaker
The Martin Garrix Experience,Martin Garrix,Pop,High On Life,
The Martin Garrix Experience,Martin Garrix,House,Latency,
The Martin Garrix Experience,Martin Garrix,Pop,High On Life,kitchen speaker
The First Time,Kelsea Ballerini,Country,Peter Pan,kitchen speaker
Foundation,Shatta Wale,Reggae,Shatta Movement,kitchen speaker
My Everything,Ariana Grande,Pop,Break Free,TV
One More Light,Linkin Park,Electropop,Battle Symphony,kitchen speaker
The Gaza Don,Vybz Kartel,Dancehall,Summer Time,bedroom speaker
Redemption,Joe Bonamassa,Blues,Redemption,
Blues Of Desperation,Joe Bonamassa,Blues,Drive,TV
Your Name,Radwimps,Soundtracks,Sparkle,
Your Name,Radwimps,Rock,Zenzenzense,
Your Name,Radwimps,Soundtracks,Sparkle,kitchen speaker
My Kinda Party,Jason Aldean,Country,Dirt Road Anthem,bedroom speaker
Nine Track Mind,Charlie Puth,Pop,One Call Away,
Nine Track Mind,Charlie Puth,Pop,One Call Away,kitchen speaker
This Is Acting,Sia,Pop,Alive,kitchen speaker
Always In Between,Jess Glynne,Pop,No One,
Always In Between,Jess Glynne,Pop,All I Am,bedroom speaker
Outsider,Three Days Grace,Rock,The Mountain,bedroom speaker
Sex Rock,Alex Angel,Rock,My Donna,
Sex Rock,Alex Angel,Rock,My Donna,bedroom speaker
Climate Change,Pitbull,Pop,Options,kitchen speaker
Barefoot Blue Jean Night,Jake Owen,Country,Alone With You,bedroom speaker
La La Land,La La Land Cast,Soundtracks,Another Day Of Sun,
La La Land,La La Land Cast,Soundtracks,Another Day Of Sun,bedroom speaker
Cryptic,Billy Watman,Pop,Bohemian Rhapsody,
Cryptic,Billy Watman,Pop,Bohemian Rhapsody,TV
Crooked Teeth,Papa Roach,Metal,Born For Greatness,kitchen speaker
What Makes You Country,Luke Bryan,Country,What Makes You Country,
Southeastern,Jason Isbell,Alternative Country,Cover Me Up,
Love Crimes,Super Sako,Pop,Mi Gna,
Glory Days,Little Mix,Pop,Touch,
This Is Acting,Sia,Pop,Move Your Body,bedroom speaker
This Is Acting,Sia,Pop,Move Your Body,kitchen speaker
Sucker Punch,Sigrid,Pop,Business Dinners,
Narrated For You,Alec Benjamin,Pop,If I Killed Someone For You,bedroom speaker
The Bright Side,Lenka,Pop,Blue Skies,bedroom speaker
Lindsey Stirling,Lindsey Stirling,Pop,Electric Daisy Violin,
Instant Regrets,Instant Regrets,Rock,Instant Regret,
Swim,Dan Snaith,Electropop,Sun,
Gotta Be Me,Cody Johnson,Country,With You I Am,
Sunset Season,Conan Gray,Pop,Lookalike,
The Beautiful Game,Vulfpeck,Pop,Dean Town,
Hallelujah Nights,Lanco,Country,Greatest Love Story,
The Shocking Miss Emerald,Caro Emerald,Pop,Tangled Up,
Outlaw Soul,Tyler Wood,Country,Still Ridin Shotgun,
Glory,Britney Spears,Pop,Slumber Party,
Meliora,Ghost,Rock,He Is,kitchen speaker
Gravity,Jason Chen,Pop,Best Friend,
Gravity,Jason Chen,Pop,Music Never Sleeps,
Gravity,Jason Chen,Pop,Music Never Sleeps,bedroom speaker
Superman,Arash,Pop,One Day,kitchen speaker
If I Know Me,Morgan Wallen,Country,Up Down,
The Awakening,Onlap,Rock,The Awakening,
The Getaway,Red Hot Chili Peppers,Pop,Goodbye Angels,
Sex Pop,Alex Angel,Pop,Sex Pop,
Amos,Michael Ray,Country,One That Got Away,bedroom speaker
Happiness,Hurts,Pop,Wonderful Life,
My Darkest Days,My Darkest Days,Rock,Porn Star Dancing,
Holy Hell,Architects,Metal,Royal Beggars,
Kill The Lights,Luke Bryan,Country,Strip It Down,
Kuntry,Jawga Boyz,Country,Ridin High,
Happiness,Hurts,Pop,Wonderful Life,TV
Flicker,Niall Horan,Pop,On The Loose,
What Are Words,Chris Medina,Pop,What Are Words,
Desperate Man,Eric Church,Country,Some Of It,
Cryptic,Billy Watman,Pop,Bohemian Rhapsody,kitchen speaker
Voicenotes,Charlie Puth,Pop,The Way I Am,
Brave Enough,Lindsey Stirling,House,Lost Girls,
Slow Air,Still Corners,Pop,The Message,
Voicenotes,Charlie Puth,Pop,The Way I Am,kitchen speaker
Dance Again,Jennifer Lopez,Pop,Dance Again,
Madness,All That Remains,Rock,The Thunder Rolls,
Peace Of Mind,Rebelution,Reggae,So High,
Caroline,Citizen Soldier,Rock,Let It Burn,
Born This Way,Lady Gaga,Pop,Bloody Mary,kitchen speaker
The Last Stand,Sabaton,Metal,Winged Hussars,
Heroes,Sabaton,Metal,No Bullets Fly,kitchen speaker
Different World,Alan Walker,Pop,Darkside,TV
Melting,Nico Cartosio,Classical,Cocaine March,bedroom speaker
Blonde,Frank Ocean,Pop,Self Control,TV
Happiness,Hurts,Pop,Wonderful Life,bedroom speaker
My Everything,Ariana Grande,Pop,Be My Baby,bedroom speaker
Kuntry,Jawga Boyz,Country,Ridin High,bedroom speaker
Voicenotes,Charlie Puth,Pop,Attention,
The Story,Fivefold,Rock,Lost Within,
Voicenotes,Charlie Puth,Pop,Attention,kitchen speaker
Lazy Genius,Ayo Jay,Reggae,Let Him Go,
Lazy Genius,Ayo Jay,Reggae,Let Him Go,kitchen speaker
True Believers,Darius Rucker,Country,Wagon Wheel,
Elly Gai Ahla,Tamer Hosny,Pop,Elli Gai Ahla,
Journals,Justin Bieber,Pop,All That Matters,kitchen speaker
No More Hollywood Endings,Battle Beast,Metal,Eden,bedroom speaker
Radh,Mohammed Al Salem,Pop,Qalb Qalb Party,
Holy Fire,Foals,Indie,Late Night,
Shatter Me,Lindsey Stirling,Pop,Roundtable Rival,bedroom speaker
Tell Me You Love Me,Cheat Codes,Pop,No Promises,
Adobe Sessions,Cody Jinks,Country,Cast No Stones,
You Get What You Give,Zac Brown Band,Country,Knee Deep,
My Everything,Ariana Grande,Pop,Be My Baby,kitchen speaker
Brett Young,Brett Young,Country,Like I Loved You,
Coming Home,Kristin Chenoweth,Pop,Maybe This Time,
The Getaway,Red Hot Chili Peppers,Pop,Goodbye Angels,bedroom speaker
Tell Me You Love Me,Demi Lovato,Pop,Tell Me You Love Me,
Kaleidoscope Dream,Miguel,Pop,Adorn,TV
Nirvana,The Motans,Pop,Nota De Plata,
Coming Home,Kristin Chenoweth,Pop,Maybe This Time,bedroom speaker
Honky Tonk Time Machine,George Strait,Country,The Weight Of The Badge,
Honky Tonk Time Machine,George Strait,Country,Every Little Honky Tonk Bar,TV
Higher,Albert Posis,Pop,Serendipity,
Hero,Maren Morris,Country,Rich,
Glory Days,Little Mix,Pop,No More Sad Songs,
Higher,Albert Posis,Pop,Serendipity,kitchen speaker
Badlands,Halsey,Electropop,Gasoline,TV
Bloom,Troye Sivan,Pop,Lucky Strike,
Lindsey Stirling,Lindsey Stirling,Pop,Crystallize,
Fight Song,Rachel Platten,Pop,Fight Song,
Thank You,Meghan Trainor,Pop,Kindly Calm Me Down,
You Should Be Here,Cole Swindell,Country,You Should Be Here,
Expectations,Hayley Kiyoko,Pop,Sleepover,TV
Oxford,Connar Moon,Folk,Annie,
Fagun Ke Rang,Awadesh Premi Yadav,Folk,Suna Bhaiya Ke Sali,
Borbena,Teodora,Folk,Tom Ford,
Redneck Crazy,Tyler Farr,Country,Redneck Crazy,
Camila,Camila Cabello,Pop,Consequences,TV
Happy Endings,Old Dominion,Country,Hotel Key,kitchen speaker
Ana Keteer,Sherine,Pop,Ya Layali,
Tomboy,Destiny Rogers,Pop,Tomboy,
A Star Is Born Soundtrack,Bradley Cooper,Soundtracks,Black Eyes,kitchen speaker
Ores Aixmis,Malou Kyriakopoulou,Pop,Tous Eipes Pos,
Odisea,Ozuna,Latin,El Farsante,
Unleashed Beyond,Skillet,Rock,The Resistance,bedroom speaker
Lush Life,Zara Larsson,Pop,Lush Life,
Lifers,Cody Jinks,Country,Must Be The Whiskey,
Gotta Be Me,Cody Johnson,Country,With You I Am,TV
Narrated For You,Alec Benjamin,Pop,Boy In The Bubble,bedroom speaker
Narsha,Narsha,Pop,Bbi Ri Bba Bba,
The Dragonborn Comes,Malukah,Soundtracks,The Dragonborn Comes,
So Good,Zara Larsson,Pop,I Would Like,kitchen speaker
Firestone,Kygo,Downtempo,Firestone,
Safe Haven,Ruth B,Pop,Superficial Love,
Amma Kanakku,Srinisha,South Asia,Maths Tough,
Vessel,Twenty One Pilots,Pop,Truce,kitchen speaker
If I Know Me,Morgan Wallen,Country,Whiskey Glasses,
Khayali,Tamer Ashor,Pop,Mahzouz,kitchen speaker
Pobrecita,Mo Temsamani,Pop,Mana Zina,
The Pains Of Growing,Alessia Cara,Pop,Out Of Love,
Evolution,Disturbed,Rock,No More,bedroom speaker
Lady Wood,Tove Lo,Electropop,Cool Girl,TV
Crazy,Ornette,Pop,Crazy,
Black Smoke Rising,Greta Van Fleet,Rock,Highway Tune,
Essentials,Major Lazer,Moombahton,Light It Up,
Avril Lavigne,Avril Lavigne,Pop,Let Me Go,
Expectations,Hayley Kiyoko,Pop,Sleepover,bedroom speaker
Beautiful World,Connie Talbot,Pop,Count On Me,
Pain Killer,Little Big Town,Country,Girl Crush,kitchen speaker
My Everything,Ariana Grande,Pop,Best Mistake,kitchen speaker
Chapters,Yuna,Pop,Crush,
Pink Elephant,Russell Vitale,Pop,Goodbye,
Prequelle,Ghost,Metal,Rats,
You Get What You Give,Zac Brown Band,Country,Knee Deep,kitchen speaker
Halfway To Heaven,Brantley Gilbert,Country,Bottoms Up,bedroom speaker
Summer House,Concorde,Pop,Just Kiss Her,
Play Me Again,Kid Francescoli,Pop,Moon,
Summer House,Concorde,Pop,Just Kiss Her,TV
Sinner,Aaron Lewis,Country,Lost And Lonely,
No Roots,Alice Merton,Pop,No Roots,
Center Point Road,Thomas Rhett,Country,Look What God Gave Her,TV
Built On Glass,Nick Murphy,Electronica,Gold,kitchen speaker
Experiment,Kane Brown,Country,Weekend,bedroom speaker
King Of The Dancehall,Vybz Kartel,Reggae,Colouring This Life,bedroom speaker
For You,Selena Gomez,Pop,The Heart Wants What It Wants,
It Goes Like This,Thomas Rhett,Country,It Goes Like This,
Texoma Shore,Blake Shelton,Country,I Lived It,bedroom speaker
A Star Is Born Soundtrack,Lady Gaga,Soundtracks,Before I Cry,bedroom speaker
Where We Come From,Popcaan,Reggae,Addicted,bedroom speaker
The New Classic,Iggy Azalea,Pop,Change Your Life,kitchen speaker
To Whom It May Concern,Blacklite District,Rock,The Struggle,
To Whom It May Concern,Blacklite District,Rock,Them Days,
To Whom It May Concern,Blacklite District,Rock,The Struggle,bedroom speaker
Quarter,Witwisit Hiranyawongkul,Pop,Fortunately I Met You,
Hat Nhan,Phan Dinh Tung,Pop,Khuc Hat Mung Sinh Nhat,
Ready,Ruel,Pop,Younger,bedroom speaker
Seventh Heaven,Ryutaro Nakahara,Anime,Din Don Dan,
Halfway To Heaven,Brantley Gilbert,Country,Bottoms Up,kitchen speaker
Welcome Reality,Nero,Dubstep,Promises,bedroom speaker
Jade Eagleson,Jade Eagleson,Country,Got Your Name On It,
Just Gonna Send It,Katie Noel,Country,Diesel Gang,
Kane Brown,Kane Brown,Country,What Ifs,
Love Yourself,Justin Bieber,Pop,Love Yourself,
Journals,Justin Bieber,Pop,All That Matters,TV
Bigger,Sugarland,Country,Babe,bedroom speaker
Meliora,Ghost,Rock,He Is,bedroom speaker
Wake Up Dreaming,Stephanie Mabey,Pop,The Zombie Song,
Kamayanbaghi,Hoba Hoba Spirit,Rock,Mchat,TV
Contraband,Madcon,Pop,Glow,
The Good Parts,Andy Grammer,Pop,Fresh Eyes,
Genesis,Mark Petrie,Classical,Kara Kul,bedroom speaker
Forever,Popcaan,Reggae,Wine For Me,bedroom speaker
Nick Jonas,Nick Jonas,Pop,Chains,
Reminiscence,Mattia Cupelli,Soundtracks,Love Lost,bedroom speaker
Meliora,Ghost,Metal,Cirice,TV
The Tattva Trip,Suraj Mani,Rock,The Tattva Trip,
My Everything,Ariana Grande,Pop,One Last Time,kitchen speaker
The First Time,Kelsea Ballerini,Pop,Yeah Boy,
Brett Eldredge,Brett Eldredge,Country,Love Someone,
Anchor,Mindy Gledhill,Pop,I Do Adore,
Dedicated,Carly Rae Jepsen,Pop,Now That I Found You,kitchen speaker
Undefined,Simply Three,Rock,Rain,TV
Night Visions,Imagine Dragons,Rock,Radioactive,TV
Visions,Grimes,Electropop,Oblivion,kitchen speaker
Illuminate,Shawn Mendes,Pop,Mercy,kitchen speaker
Voicenotes,Charlie Puth,Pop,The Way I Am,bedroom speaker
If I Know Me,Morgan Wallen,Country,The Way I Talk,
Loud,Rihanna,Pop,California King Bed,bedroom speaker
California Sunrise,Jon Pardi,Country,Head Over Boots,bedroom speaker
The New Classic,Iggy Azalea,Pop,Black Widow,TV
Pentatonix,Pentatonix,Pop,Cheerleader,
Cloud Nine,Kygo,Downtempo,Raging,bedroom speaker
Random Access Memories,Daft Punk,Punk,Get Lucky,TV
Euphoria,Enrique Iglesias,Pop,I Like It,
Adobe Sessions,Cody Jinks,Country,Cast No Stones,bedroom speaker
The Gaza Don,Vybz Kartel,Dancehall,Summer Time,TV
Ultraviolence,Lana Del Rey,Rock,Ultraviolence,
Stories,Avicii,Pop,Broken Arrows,
Ultraviolence,Lana Del Rey,Rock,Pretty When You Cry,
Strange Pleasures,Still Corners,Electropop,The Trip,
Sunset Season,Conan Gray,Pop,Lookalike,kitchen speaker
My Kinda Party,Jason Aldean,Country,Dirt Road Anthem,kitchen speaker
Rockefeller Street,Getter Jaani,Pop,Rockefeller Street,
Men Halati,Farfashah,Pop,Ouf Menuh Qalbi,
Blood,In This Moment,Metalcore,Whore,kitchen speaker
Love Town,Kolohe Kai,Reggae,First True Love,bedroom speaker
Thank You,Meghan Trainor,Pop,Me Too,
Title,Meghan Trainor,Pop,All About That Bass,TV
You Know I Know,Olly Murs,Pop,Moves,kitchen speaker
Cryptic,Billy Watman,Pop,Bohemian Rhapsody,bedroom speaker
The End Is Where We Begin,Thousand Foot Krutch,Rock,Be Somebody,kitchen speaker
If I Know Me,Morgan Wallen,Country,The Way I Talk,TV
Voicenotes,Charlie Puth,Pop,Attention,bedroom speaker
Madness,All That Remains,Rock,The Thunder Rolls,TV
Party Rock Mansion,Redfoo,Pop,New Thang,
Singular Act I,Sabrina Carpenter,Pop,Paris,TV
Ayo,Wizkid,Africa,Ojuelegba,
Mud,Whiskey Myers,Country,Stone,
Ardhito Pramono,Ardhito Pramono,Jazz,The Bitterlove,
The Night We Met,Lord Huron,Rock,The Night We Met,
Sing To Me Instead,Ben Platt,Pop,Ease My Mind,bedroom speaker
Shoft El Ayam,Amr Diab,Middle Eastern,Ana Mosh Anani,bedroom speaker
The African Gentleman,Ric Hassani,Pop,Only You,
Teenage Dream,Katy Perry,Pop,Teenage Dream,
Alkaline Masterpiece,Alkaline,Reggae,Pretty Girl Team,kitchen speaker
Bittersweet,Brunettes Shoot Blondes,Rock,Knock Knock,kitchen speaker
Lee Brice,Lee Brice,Country,Rumor,
Handwritten,Shawn Mendes,Pop,Stitches,TV
Ancient Future,Protoje,Reggae,Who Knows,
Pure Heroine,Lorde,Electropop,Buzzcut Season,TV
Get Weird,Little Mix,Pop,Love Me Like You,
Wake Up Dreaming,Stephanie Mabey,Pop,The Zombie Song,bedroom speaker
Old Diary,La Min Phyu,Pop,Stage Show,
Confident,Demi Lovato,Pop,Stone Cold,TV
Euphoria,Enrique Iglesias,Pop,Heartbeat,
Always In Between,Jess Glynne,Pop,Thursday,TV
Alkaline Masterpiece,Alkaline,Reggae,Pretty Girl Team,TV
After The Landslide,Matt Simons,Pop,Open Up,TV
Bangarang,Skrillex,Soundtracks,Bangarang,
The Last Stand,Sabaton,Metal,Shiroyama,TV
Peace Of Mind,Rebelution,Reggae,So High,TV
Honky Tonk Time Machine,George Strait,Country,Codigo,bedroom speaker
No More Hollywood Endings,Battle Beast,Metal,Eden,TV
Kuntry,Jawga Boyz,Country,All The Girls Wanna Ride,TV
Double Vision,Prince Royce,Pop,Back It Up,TV
Experiment,Kane Brown,Country,Homesick,bedroom speaker
Pass The Jar,Zac Brown Band,Country,Colder Weather,TV
Meliora,Ghost,Metal,Cirice,kitchen speaker
Love Town,Kolohe Kai,Reggae,First True Love,TV
Ancient Future,Protoje,Reggae,Who Knows,TV
A Boy From Tandale,Diamond Platnumz,Pop,African Beauty,TV
Play Me Again,Kid Francescoli,Pop,Moon,TV
The Martin Garrix Experience,Martin Garrix,Pop,High On Life,bedroom speaker
Raees,Pavni Pandey,South Asia,Laila Main Laila,
Narrated For You,Alec Benjamin,Pop,Let Me Down Slowly,TV
Heroes,Sabaton,Metal,Night Witches,bedroom speaker
Golden Hour,Kacey Musgraves,Country,Butterflies,TV
Last Year Was Complicated,Nick Jonas,Pop,Under You,kitchen speaker
Prequelle,Ghost,Metal,Rats,kitchen speaker
Try Again,Cindy Santos,Latin,Baby Sexy,
The Pains Of Growing,Alessia Cara,Pop,Trust My Lonely,
Rearview Town,Jason Aldean,Country,Girl Like You,bedroom speaker
Experiment,Kane Brown,Country,Homesick,kitchen speaker
Sinner,Aaron Lewis,Country,Lost And Lonely,TV
Night Train,Jason Aldean,Country,When She Says Baby,TV
Glory Days,Little Mix,Pop,No More Sad Songs,TV
Mint,Alice Merton,Pop,Why So Serious,bedroom speaker
Barefoot Blue Jean Night,Jake Owen,Country,Alone With You,kitchen speaker
Elevate,Big Time Rush,Pop,Windows Down,bedroom speaker
Transmissions,Starset,Rock,It Has Begun,TV
This Is Acting,Sia,Pop,Alive,TV
Icarus Falls,Zayn Malik,Pop,Dusk Till Dawn,kitchen speaker
Laps Around The Sun,Chris Lane,Country,Take Back Home Girl,
My Everything,Ariana Grande,Pop,Best Mistake,TV
Happy Endings,Old Dominion,Country,Hotel Key,TV
Got Your Six,Five Finger Death Punch,Metal,I Apologize,TV
Avril Lavigne,Avril Lavigne,Pop,Hello Kitty,
Cannibal,Kesha,Pop,Cannibal,
Yours,Isak Danielson,Pop,Broken,TV
Big A Presents One Chance Riddim,Shenseea,Reggae,Time Up,TV
Euphoria,Enrique Iglesias,Pop,Heartbeat,TV
Unapologetically,Kelsea Ballerini,Country,Miss Me More,TV
Love Always,Shane Filan,Pop,Beautiful In White,
The African Gentleman,Ric Hassani,Pop,Only You,TV
A War You Cannot Win,All That Remains,Metalcore,What If I Was Nothing,bedroom speaker
Safe Haven,Ruth B,Pop,Superficial Love,TV
Your Name,Radwimps,Rock,Dream Lantern,TV
The Beginning,Sammielz,Reggae,Let Us Be,TV
One More Light,Linkin Park,Electropop,Battle Symphony,TV
Sunset Season,Conan Gray,Pop,Generation Why,bedroom speaker
California Sunrise,Jon Pardi,Country,Night Shift,kitchen speaker
The Bright Side,Lenka,Pop,Blue Skies,TV
Different World,Alan Walker,Pop,Alone,TV
Crash My Party,Luke Bryan,Country,Roller Coaster,
Always In Between,Jess Glynne,Pop,All I Am,TV
A Soe Htae Ka A Kaung,Kaung Kaung,Pop,Pyaw Nay Par,TV
Adobe Sessions,Cody Jinks,Country,Cast No Stones,kitchen speaker
Rearview Town,Jason Aldean,Country,Girl Like You,TV
Bollywood Monsoon Special,Meet Bros,South Asia,Cham Cham,TV
Forever,Popcaan,Reggae,Wine For Me,TV
Best Kind Of Mess,Get Scared,Rock,Sarcasm,
Best Kind Of Mess,Get Scared,Rock,Sarcasm,TV
Globalization,Pitbull,Pop,Fireball,
Globalization,Pitbull,Pop,Fireball,TV
Arcadia,Eurielle,Pop,Hate Me,
Cuz I Love You,Lizzo,Pop,Tempo,kitchen speaker
The Princess,Parov Stelar,Pop,All Night,kitchen speaker
Party Never Ends,Inna,Pop,In Your Eyes,TV
Redemption,Joe Bonamassa,Blues,Redemption,bedroom speaker
Pitch Perfect,Anna Kendrick,Soundtracks,Cups,kitchen speaker
Elements,Ludovico Einaudi,Classical,Night,kitchen speaker
Gravity,Jason Chen,Pop,Best Friend,TV
Pure Heroine,Lorde,Electropop,Buzzcut Season,kitchen speaker
Dance Again,Jennifer Lopez,Pop,Dance Again,bedroom speaker
After Laughter,Paramore,Rock,Hard Times,TV
Sucker Punch,Sigrid,Pop,Business Dinners,bedroom speaker
Expectations,Hayley Kiyoko,Pop,What I Need,TV
Redemption,Joe Bonamassa,Blues,Redemption,kitchen speaker
Get Weird,Little Mix,Pop,Love Me Like You,bedroom speaker
One More Light,Linkin Park,Electropop,One More Light,TV
Sucker Punch,Sigrid,Pop,Business Dinners,kitchen speaker
Odisea,Ozuna,Latin,El Farsante,bedroom speaker
Maza Mar Liya Dhori Ke Niche,Shailesh Premi,Country,Lahnga Lasar Ke,bedroom speaker
Sing To Me Instead,Ben Platt,Pop,Bad Habit,TV
The Pains Of Growing,Alessia Cara,Pop,Out Of Love,TV
The Story,Fivefold,Rock,Lost Within,kitchen speaker
Fly,Karolina Protsenko,Pop,Girls Like You,TV
Cuz I Love You,Lizzo,Pop,Tempo,TV
The New Classic,Iggy Azalea,Pop,Bounce,kitchen speaker
The Satanist,Behemoth,Metal,O Father O Satan O Sun,TV
Narrated For You,Alec Benjamin,Pop,If We Have Each Other,TV
Yomonsan,Janob Rasul,Pop,Yomonsan,TV
Sing To Me Instead,Ben Platt,Pop,Grow As We Go,TV
Winter Collection,Sivik,Pop,High,TV
The Shocking Miss Emerald,Caro Emerald,Pop,Tangled Up,TV
Joytime,Marshmello,House,Keep It Mello,TV
Eric Ethridge,Eric Ethridge,Country,If You Met Me First,TV
No Line Signal Likhat Ba,Shashi Lal Yadav,Country,Naya Naya Penhi Salwarba,kitchen speaker
Handwritten,Shawn Mendes,Pop,Stitches,bedroom speaker
Love Yourself,Justin Bieber,Pop,Love Yourself,TV
Joytime,Marshmello,House,Take It Back,kitchen speaker
Every Little Thing,Carly Pearce,Country,Every Little Thing,TV
Stars Dance,Selena Gomez,Pop,Love Will Remember,TV
Bringing Back The Sunshine,Blake Shelton,Country,Sangria,TV
Speak Now,Taylor Swift,Pop,The Story Of Us,TV
Old Diary,La Min Phyu,Pop,Stage Show,kitchen speaker
True Believers,Darius Rucker,Country,Wagon Wheel,TV
Ores Aixmis,Malou Kyriakopoulou,Pop,Tous Eipes Pos,TV
Badlands,Halsey,Electropop,Hurricane,TV
My Dream,Karolina Protsenko,Pop,Despacito,TV
Quarter,Witwisit Hiranyawongkul,Pop,Fortunately I Met You,TV
This Is Acting,Sia,Pop,Move Your Body,TV
Unapologetic,Rihanna,Pop,What Now,TV
Instant Regrets,Instant Regrets,Rock,Instant Regret,TV
Holy Hell,Architects,Metal,Royal Beggars,bedroom speaker
Golden Hour,Kacey Musgraves,Country,Slow Burn,TV
Redneck Crazy,Tyler Farr,Country,Redneck Crazy,TV
The Mountain,Dierks Bentley,Country,Burning Man,TV
Brave Enough,Lindsey Stirling,House,Lost Girls,TV
Lush Life,Zara Larsson,Pop,Lush Life,TV
Pitch Perfect,Anna Kendrick,Soundtracks,Cups,TV
Mahandini,Dewa Budjana,Pop,Hyang Giri,bedroom speaker
Muse Box,Madilyn Bailey,Pop,Titanium,kitchen speaker
Witness,Katy Perry,Electropop,Swish Swish,TV
Narrated For You,Alec Benjamin,Pop,Gotta Be A Reason,TV
Blonde,Frank Ocean,Pop,Nights,TV
Mercury Lane,Jimmie Allen,Country,Best Shot,TV
Hold You,Gyptian,Reggae,Hold You,TV
Spectrum,Westlife,Pop,Hello My Love,bedroom speaker
Winter Collection,Sivik,Pop,High,kitchen speaker
Late Nights And Longnecks,Justin Moore,Country,Jesus And Jack Daniels,TV
Fight Song,Rachel Platten,Pop,Fight Song,TV
Pure Heroine,Lorde,Electropop,Tennis Court,kitchen speaker
The Martin Garrix Experience,Martin Garrix,House,Latency,TV
Cheap Smell,Sharon Kovacs,Pop,Cheap Smell,kitchen speaker
Narrated For You,Alec Benjamin,Pop,The Water Fountain,TV
Slow Air,Still Corners,Pop,The Message,bedroom speaker
Flicker,Niall Horan,Pop,On The Loose,TV
The Hunting Party,Linkin Park,Metal,Final Masquerade,kitchen speaker
Happiness Begins,Jonas Brothers,Pop,Sucker,bedroom speaker
Expectations,Bebe Rexha,Pop,I Got You,TV
Joytime,Marshmello,House,Find Me,TV
Sick Boy,The Chainsmokers,Pop,Everybody Hates Me,TV
Desperate Man,Eric Church,Country,Desperate Man,
Amma Kanakku,Srinisha,South Asia,Maths Tough,bedroom speaker
Elements,Ludovico Einaudi,Classical,Night,bedroom speaker
Melting,Nico Cartosio,Classical,Cocaine March,kitchen speaker
Holo,Limbo,Pop,Airplane Mode,bedroom speaker
Summer Anthems,Common Kings,Reggae,No Other Love,
Summer Anthems,Common Kings,Reggae,No Other Love,bedroom speaker
Journals,Justin Bieber,Pop,All That Matters,bedroom speaker
Count Me In,Rebelution,Reggae,Roots Reggae Music,bedroom speaker
If I Know Me,Morgan Wallen,Country,Whiskey Glasses,kitchen speaker
Dangerous Woman,Ariana Grande,Pop,Let Me Love You,TV
Love Songs From A Lolita,Maty Noyes,Pop,New Friends,TV
The Present Tense,Courier,Pop,San Francisco,TV
Love Crimes,Super Sako,Pop,Mi Gna,TV
Pop Food,Jack Stauber,Pop,Buttercup,TV
Only Love,Jordan Smith,Pop,Only Love,
Awake,Illenium,Dubstep,Free Fall,bedroom speaker
Narrated For You,Alec Benjamin,Pop,Boy In The Bubble,kitchen speaker
Fagun Ke Rang,Awadesh Premi Yadav,Folk,Suna Bhaiya Ke Sali,TV
Happy Endings,Old Dominion,Country,Written In Sand,TV
Transmissions,Starset,Rock,It Has Begun,kitchen speaker
A Star Is Born Soundtrack,Bradley Cooper,Soundtracks,Alibi,TV
Good Company,The Dead South,Folk,Banjo Odyssey,bedroom speaker
Good Company,The Dead South,Folk,Banjo Odyssey,TV
Odisea,Ozuna,Latin,El Farsante,kitchen speaker
Borbena,Teodora,Folk,Tom Ford,TV
Blastoff Blues,Ricky T And The Rockets,Blues,Memory Pain,TV
The Beautiful Game,Vulfpeck,Pop,Dean Town,kitchen speaker
Badlands,Halsey,Electropop,Colors,TV
Safe Haven,Ruth B,Pop,Superficial Love,kitchen speaker
Bittersweet,Brunettes Shoot Blondes,Rock,Knock Knock,bedroom speaker
Happy Endings,Old Dominion,Country,Written In Sand,bedroom speaker
Black Widow,In This Moment,Metalcore,Big Bad Wolf,TV
Hero,Maren Morris,Country,Rich,TV
Wonders,The Piano Guys,Classical,Let It Go,TV
Contraband,Madcon,Pop,Glow,bedroom speaker
Party Rock Mansion,Redfoo,Pop,New Thang,bedroom speaker
Cloud Nine,Kygo,Downtempo,Carry Me,kitchen speaker
Blues Of Desperation,Joe Bonamassa,Blues,Drive,bedroom speaker
Free Spirit,Khalid,Pop,Better,TV
Black Smoke Rising,Greta Van Fleet,Rock,Highway Tune,bedroom speaker
Shatter Me,Lindsey Stirling,Pop,Roundtable Rival,TV
Nine Track Mind,Charlie Puth,Pop,Dangerously,TV
Slow Air,Still Corners,Pop,The Message,kitchen speaker
Charice,Jake Zyrus,Pop,Pyramid,
The New Classic,Iggy Azalea,Pop,Black Widow,bedroom speaker
Elevate,Big Time Rush,Pop,Windows Down,TV
Southeastern,Jason Isbell,Alternative Country,Cover Me Up,bedroom speaker
Brave Enough,Lindsey Stirling,House,Lost Girls,bedroom speaker
If I Know Me,Morgan Wallen,Country,Up Down,kitchen speaker
Arcadia,Eurielle,Pop,Hate Me,kitchen speaker
The Martin Garrix Experience,Martin Garrix,House,No Sleep,bedroom speaker
Ultraviolence,Lana Del Rey,Rock,Pretty When You Cry,TV
Handwritten,Shawn Mendes,Pop,Never Be Alone,TV
Borbena,Teodora,Folk,Tom Ford,bedroom speaker
Slow Air,Still Corners,Pop,Black Lagoon,kitchen speaker
Dangerous Woman,Ariana Grande,Pop,Be Alright,TV
