attraction_name,category,free_entry,good_for_kids,location,phone_number
Atlanta Botanical Garden,Park,FALSE,TRUE,Atlanta,404-876-5859
Atlanta History Center,Museum,FALSE,TRUE,Atlanta,404-814-4000
Bodies The Exhibition,Museum,FALSE,TRUE,Atlanta,404-496-4274
CNN Studio Tours,Tourist Attraction,FALSE,TRUE,Atlanta,877-426-6868
Cathedral of Christ the King,Place of Worship,TRUE,TRUE,Atlanta,404-233-2145
Chastain Memorial Park,Park,TRUE,TRUE,Atlanta,404-546-6788
Chick-fil-A College Football Hall of Fame,Museum,FALSE,TRUE,Atlanta,404-880-4800
Children's Museum of Atlanta,Museum,TRUE,TRUE,Atlanta,404-659-5437
Ebenezer Baptist Church,Place of Worship,FALSE,TRUE,Atlanta,404-688-7300
Georgia Aquarium,Nature Preserve,FALSE,TRUE,Atlanta,(404) 581-4000
360 CHICAGO,Tourist Attraction,TRUE,TRUE,Chicago,888-875-8439
American Writers Museum,Museum,FALSE,TRUE,Chicago,312-374-8790
Big Bus Tours Chicago (Tours begin at 98 E. Upper Wacker Dr.),Tourist Attraction,FALSE,TRUE,Chicago,877-285-4796
Burnham Park,Park,TRUE,TRUE,Chicago,312-742-8520
Chicago Children's Museum,Museum,FALSE,TRUE,Chicago,312-527-1000
Chicago Cultural Center,Performing Arts Venue,TRUE,TRUE,Chicago,312-744-6630
Chicago History Museum,Museum,TRUE,TRUE,Chicago,(800) 526-0857
Chicago Riverwalk,Park,TRUE,FALSE,Chicago,877-300-6746
Chicago Water Tower,Tourist Attraction,TRUE,TRUE,Chicago,312-742-0808
DuSable Museum of African American History,Museum,FALSE,TRUE,Chicago,773-947-0600
Garfield Park Conservatory,Park,FALSE,TRUE,Chicago,773-638-1777
Autry Museum of the American West,Museum,TRUE,TRUE,Los Angeles,323-667-2000
Battleship USS Iowa Museum,Museum,FALSE,FALSE,Los Angeles,877-446-9261
California African American Museum,Museum,FALSE,TRUE,Los Angeles,(213) 744-7432
Craft Contemporary,Museum,FALSE,TRUE,Los Angeles,323-937-4230
Discovery Cube Los Angeles,Museum,FALSE,TRUE,Los Angeles,818-686-2823
GRAMMY Museum L.A. LIVE,Museum,FALSE,TRUE,Los Angeles,213-765-6800
Hauser & Wirth,Museum,TRUE,TRUE,Los Angeles,213-988-7413
Japanese American National Museum,Museum,TRUE,TRUE,Los Angeles,213-625-0414
L.A. Louver,Museum,FALSE,TRUE,Los Angeles,310-822-4955
Los Angeles County Museum of Art,Museum,FALSE,TRUE,Los Angeles,(323) 857-0098
High Museum of Art,Museum,TRUE,TRUE,Atlanta,404-733-4200
Jimmy Carter Presidential Library and Museum,Museum,TRUE,TRUE,Atlanta,404-865-7100
Bradbury Building,Historical Landmark,TRUE,TRUE,Los Angeles,213-626-1893
Cabrillo Marine Aquarium,Nature Preserve,TRUE,TRUE,Los Angeles,310-612-1437
Cathedral of Our Lady of the Angels,Place of Worship,FALSE,TRUE,Los Angeles,213-680-5200
Dodger Stadium,Sports Venue,TRUE,TRUE,Los Angeles,866-363-4377
Dolby Theatre,Performing Arts Venue,TRUE,TRUE,Los Angeles,323-308-6300
Exposition Park,Park,TRUE,TRUE,Los Angeles,213-744-7458
Maggie Daley Park ice skating ribbon,Sports Venue,FALSE,TRUE,Chicago,312-552-3000
Wrigley Field,Sports Venue,FALSE,TRUE,Chicago,773-404-2827
92nd Street Y,Performing Arts Venue,FALSE,FALSE,New York,(212) 415-5788
American Folk Art Museum,Museum,FALSE,TRUE,New York,(212) 265-1040
American Museum of Natural History,Museum,TRUE,TRUE,New York,(212) 769-5100
Apollo Theater,Performing Arts Venue,TRUE,TRUE,New York,212-531-5300
Astoria Park,Park,FALSE,TRUE,New York,212-639-9675
Balto Statue,Tourist Attraction,TRUE,FALSE,New York,212-310-6600
Bayonne Bridge,Historical Landmark,TRUE,TRUE,New York,212-435-7000
Bethesda Terrace,Tourist Attraction,TRUE,TRUE,New York,212-310-6600
Bow Bridge,Historical Landmark,FALSE,TRUE,New York,212-310-6600
Bronx Zoo,Nature Preserve,FALSE,TRUE,New York,718-367-1010
Empire State Building,Historical Landmark,FALSE,TRUE,New York,212-736-3100
Goethals Bridge,Historical Landmark,TRUE,TRUE,New York,800-221-9903
Morris-Jumel Mansion,Historical Landmark,TRUE,FALSE,New York,212-923-8008
National Debt Clock,Historical Landmark,FALSE,FALSE,New York,212-257-6600
Robert F. Kennedy Bridge,Historical Landmark,TRUE,TRUE,New York,212-870-6425
Rockefeller Center,Historical Landmark,FALSE,TRUE,New York,212-332-6868
Statue of Liberty National Monument,Historical Landmark,FALSE,FALSE,New York,212-363-3200
The Little Red Lighthouse,Historical Landmark,TRUE,TRUE,New York,212-628-2345
Chihuly Garden and Glass,Museum,TRUE,TRUE,Seattle,206-753-4940
Museum of History & Industry (MOHAI),Museum,TRUE,TRUE,Seattle,206-324-1126
Pacific Science Center,Museum,TRUE,TRUE,Seattle,206-443-3643
Seattle Children's Museum,Museum,TRUE,TRUE,Seattle,206-441-1768
Holy Name Cathedral Parish,Place of Worship,TRUE,TRUE,Chicago,312-573-4467
International Museum of Surgical Science,Museum,TRUE,FALSE,Chicago,312-642-6502
Lincoln Park Conservatory,Park,TRUE,TRUE,Chicago,312-742-7736
Maggie Daley Park,Park,TRUE,TRUE,Chicago,312-552-3000
Margaret Mitchell House,Museum,FALSE,TRUE,Atlanta,404-249-7015
World of Coca-Cola,Museum,FALSE,TRUE,Atlanta,404-676-5151
3D Toronto sign,Tourist Attraction,FALSE,TRUE,Toronto,416-392-2489
Aga Khan Museum,Museum,FALSE,TRUE,Toronto,416-646-4677
Allan Gardens,Park,FALSE,TRUE,Toronto,416-392-7288
Art Gallery of Ontario,Museum,FALSE,FALSE,Toronto,877-225-4246
BAPS Shri Swaminarayan Mandir,Place of Worship,TRUE,TRUE,Toronto,416-798-2277
Black Creek Pioneer Village,Museum,TRUE,TRUE,Toronto,416-736-1733
Brookfield Place,Shopping Area,FALSE,FALSE,Toronto,416-777-6480
Casa Loma,Museum,TRUE,TRUE,Toronto,416-923-1171
Centennial Park,Park,TRUE,TRUE,Toronto,416-394-8750
Centreville Amusement Park,Theme Park,FALSE,TRUE,Toronto,416-203-0405
Hole in the Rock,Historical Landmark,TRUE,TRUE,Phoenix,602-495-5458
Balboa Park,Park,FALSE,TRUE,San Diego,619-239-0512
Balboa Theatre,Performing Arts Venue,TRUE,TRUE,San Diego,619-570-1100
Belmont Park,Theme Park,FALSE,FALSE,San Diego,858-228-9283
Birch Aquarium at Scripps Institution of Oceanography,Nature Preserve,TRUE,TRUE,San Diego,858-534-3474
Cabrillo National Monument,Park,TRUE,TRUE,San Diego,619-557-5450
Coronado Bridge,Historical Landmark,TRUE,TRUE,San Diego,619-688-6699
Fleet Science Center,Museum,TRUE,TRUE,San Diego,619-238-1233
Japanese Friendship Garden,Park,FALSE,FALSE,San Diego,619-232-2721
Journey to Atlantis,Theme Park,TRUE,TRUE,San Diego,619-222-4732
La Jolla Shores Park,Park,TRUE,TRUE,San Diego,619-221-8899
Alcatraz,Historical Landmark,FALSE,FALSE,San Francisco,415-561-4900
Alcatraz Island,Historical Landmark,FALSE,TRUE,San Francisco,415-561-4900
Aquarium of the Bay,Nature Preserve,TRUE,TRUE,San Francisco,415-623-5300
Cable Car Museum,Museum,FALSE,TRUE,San Francisco,415-474-1887
California Academy of Sciences,Museum,FALSE,FALSE,San Francisco,415-379-8000
Cartoon Art Museum,Museum,FALSE,FALSE,San Francisco,415-227-8666
Children's Creativity Museum,Museum,FALSE,TRUE,San Francisco,415-820-3320
Chinatown San Francisco,Tourist Attraction,FALSE,TRUE,San Francisco,888-212-3203
Coit Tower,Historical Landmark,TRUE,TRUE,San Francisco,415-249-0995
Contemporary Jewish Museum,Museum,TRUE,TRUE,San Francisco,415-655-7800
Oracle Park,Sports Venue,TRUE,TRUE,San Francisco,415-972-2000
Angels Flight Railway,Historical Landmark,FALSE,FALSE,Los Angeles,213-626-1901
Adventure Island,Theme Park,FALSE,TRUE,Delhi,83770 02902
Akshardham,Place of Worship,TRUE,TRUE,Delhi,11 4344 2344
Fun N Food Village,Theme Park,TRUE,TRUE,Delhi,99900 06518
Gandhi Smriti,Museum,FALSE,FALSE,Delhi,11 2301 2843
Humayun's Tomb,Historical Landmark,TRUE,TRUE,Delhi,11 2435 5275
India Gate,Historical Landmark,TRUE,TRUE,Delhi,11 2336 5358
Jama Masjid,Place of Worship,FALSE,TRUE,Delhi,11 2326 8344
Just Chill Water Park,Theme Park,TRUE,FALSE,Delhi,99104 99774
Kashmiri Gate,Historical Landmark,FALSE,FALSE,Delhi,11 2397 9261
Khan Market,Shopping Area,FALSE,TRUE,Delhi,85275 33160
Acuario Inbursa,Nature Preserve,FALSE,TRUE,Mexico City,55 5395 4586
Arte Carrillo Gil Museum,Museum,FALSE,TRUE,Mexico City,55 8647 5450
Bosque de Chapultepec,Park,FALSE,TRUE,Mexico City,55 5271 1939
Casa Lamm Cultural Center,Performing Arts Venue,TRUE,FALSE,Mexico City,55 5525 3938
Casa del Lago Juan Jose Arreola,Performing Arts Venue,TRUE,TRUE,Mexico City,55 5211 6093
Central de Abastos Iztapalapa,Shopping Area,FALSE,TRUE,Mexico City,55 5600 6248
Centro Cultural de Espana,Performing Arts Venue,TRUE,TRUE,Mexico City,55 5521 1925
Centro Deportivo Chapultepec,Sports Venue,TRUE,FALSE,Mexico City,55 5254 3232
Coyoacan Market,Shopping Area,FALSE,TRUE,Mexico City,55 4072 1596
Diana the Huntress Fountain,Historical Landmark,TRUE,TRUE,Mexico City,800 008 9090
Bloedel Conservatory,Park,TRUE,FALSE,Vancouver,604-257-8584
Dr. Sun Yat-Sen Classical Chinese Garden,Park,TRUE,TRUE,Vancouver,604-662-3207
"Queen Elizabeth Park, British Columbia",Park,FALSE,FALSE,Vancouver,604-873-7000
Stanley Park,Park,FALSE,TRUE,Vancouver,604-681-6728
VanDusen Botanical Garden,Park,FALSE,TRUE,Vancouver,604-257-8335
Estanquillo Museum,Museum,FALSE,TRUE,Mexico City,55 5521 3052
Former College of San Ildefonso,Museum,FALSE,TRUE,Mexico City,55 3602 0000
Frida Kahlo Museum,Museum,FALSE,TRUE,Mexico City,55 5658 3256
Leon Trotsky House Museum,Museum,TRUE,TRUE,Mexico City,55 5658 8732
Luis Barragan House and Studio,Museum,FALSE,TRUE,Mexico City,55 5272 4945
Memory and Tolerance Museum,Museum,TRUE,TRUE,Mexico City,55 5130 5555
Museo Anahuacalli,Museum,FALSE,TRUE,Mexico City,55 5617 3797
Museo Casa Estudio Diego Rivera and Frida Kahlo,Museum,FALSE,TRUE,Mexico City,55 8647 5470
Museo Franz Mayer,Museum,TRUE,TRUE,Mexico City,55 5518 2266
Brandon Lee and Bruce Lee's Grave Site,Tourist Attraction,FALSE,TRUE,Seattle,206-322-1582
Burke Museum of Natural History and Culture,Museum,FALSE,TRUE,Seattle,206-543-7907
Columbia Center,Shopping Area,TRUE,TRUE,Seattle,206-386-5151
Fremont Troll,Historical Landmark,FALSE,FALSE,Seattle,206-684-2489
Frye Art Museum,Museum,TRUE,FALSE,Seattle,206-223-1707
Gas Works Park,Park,TRUE,TRUE,Seattle,206-684-4075
Golden Gardens Park,Park,FALSE,TRUE,Seattle,206-684-4075
Kerry Park,Park,FALSE,TRUE,Seattle,206-684-4075
Navy Pier,Tourist Attraction,TRUE,TRUE,Chicago,312-595-7437
Oaks Amusement Park,Theme Park,FALSE,TRUE,Portland,503-233-5777
Art Gallery of New South Wales,Museum,TRUE,TRUE,Sydney,2 9225 1700
Australian National Maritime Museum,Museum,FALSE,TRUE,Sydney,2 9298 3777
Hyde Park Barracks Museum,Museum,TRUE,TRUE,Sydney,2 8239 2288
Museum of Contemporary Art Australia,Museum,FALSE,FALSE,Sydney,2 9245 2400
Museum of Sydney,Museum,TRUE,FALSE,Sydney,2 9251 5988
Powerhouse Museum,Museum,FALSE,FALSE,Sydney,2 9217 0111
Sydney Jewish Museum,Museum,TRUE,TRUE,Sydney,2 9360 7999
Vaucluse House,Museum,FALSE,TRUE,Sydney,2 9388 7922
White Rabbit Gallery,Museum,TRUE,TRUE,Sydney,2 8399 2867
Strawberry Fields,Tourist Attraction,TRUE,TRUE,New York,212-639-9675
The Bowery Ballroom,Tourist Attraction,TRUE,TRUE,New York,212-260-4700
The Mercury Lounge,Tourist Attraction,TRUE,TRUE,New York,646-921-7680
The Tour at NBC Studios,Tourist Attraction,TRUE,TRUE,New York,212-664-3700
Yankee Stadium Tours,Tourist Attraction,TRUE,FALSE,New York,646-977-8687
Lodhi Garden,Park,FALSE,TRUE,Delhi,11 2464 0079
The Garden of Five Senses,Park,FALSE,FALSE,Delhi,11 2953 6401
30 St Mary Axe (The Gherkin),Historical Landmark,TRUE,TRUE,London,20 7071 5029
ArcelorMittal Orbit,Historical Landmark,TRUE,TRUE,London,333 800 8099
Guildhall,Historical Landmark,TRUE,TRUE,London,20 7606 3030
London Wall,Historical Landmark,TRUE,FALSE,London,370 333 1181
Millennium Bridge,Historical Landmark,FALSE,FALSE,London,20 7606 3030
Monument to the Great Fire of London,Historical Landmark,FALSE,TRUE,London,20 7403 3761
Old Royal Naval College,Historical Landmark,FALSE,TRUE,London,20 8269 4799
The London Dungeon,Historical Landmark,TRUE,FALSE,London,20 7654 0809
The Shard,Historical Landmark,FALSE,FALSE,London,844 499 7111
Two Temple Place,Historical Landmark,FALSE,TRUE,London,20 7836 3715
Arizona Capitol Museum,Museum,FALSE,FALSE,Phoenix,602-926-3620
Arizona Science Center,Museum,FALSE,TRUE,Phoenix,602-716-2000
Castles N' Coasters,Theme Park,TRUE,TRUE,Phoenix,602-997-7575
Children's Museum of Phoenix,Museum,FALSE,TRUE,Phoenix,602-253-0501
Desert Botanical Garden,Park,TRUE,TRUE,Phoenix,480-941-1225
Dream City Church * Phoenix,Place of Worship,FALSE,FALSE,Phoenix,602-867-7117
Encanto Park,Park,TRUE,TRUE,Phoenix,602-261-8991
Heard Museum,Museum,FALSE,TRUE,Phoenix,(602) 251-0223
Hurricane Harbor Phoenix,Theme Park,FALSE,FALSE,Phoenix,623-201-2000
American Church in Paris,Place of Worship,TRUE,TRUE,Paris,1 40 62 05 00
Aquaboulevard,Theme Park,TRUE,TRUE,Paris,1 40 60 10 00
Bagatelle park,Park,TRUE,TRUE,Paris,1 53 64 53 80
Bois de Vincennes,Park,TRUE,TRUE,Paris,1 49 57 15 15
Catacombs of Paris,Historical Landmark,TRUE,TRUE,Paris,1 43 22 47 63
Cathedrale Notre-Dame de Paris,Place of Worship,TRUE,FALSE,Paris,1 42 34 56 10
Cent Quatre,Performing Arts Venue,TRUE,TRUE,Paris,1 53 35 50 00
Chapelle expiatoire,Historical Landmark,TRUE,TRUE,Paris,1 42 65 35 80
City of Fashion and Design,Performing Arts Venue,TRUE,FALSE,Paris,1 76 77 25 30
Cite de l'architecture et du patrimoine,Museum,TRUE,TRUE,Paris,1 58 51 52 00
Gardiner Museum,Museum,TRUE,TRUE,Toronto,416-586-8080
Hockey Hall of Fame,Museum,TRUE,TRUE,Toronto,416-360-7765
Museum of Contemporary Art Toronto Canada,Museum,TRUE,TRUE,Toronto,416-530-2500
Royal Ontario Museum,Museum,TRUE,TRUE,Toronto,416-586-8000
SkyJump,Theme Park,FALSE,TRUE,Las Vegas,702-380-7777
Smith Tower,Historical Landmark,FALSE,FALSE,Seattle,206-624-0414
Ripley's Aquarium of Canada,Nature Preserve,FALSE,TRUE,Toronto,647-351-3474
Toronto Zoo,Nature Preserve,FALSE,TRUE,Toronto,416-392-5900
Crystal Springs Rhododendron Garden,Park,TRUE,TRUE,Portland,503-771-8386
Lan Su Chinese Garden,Park,TRUE,TRUE,Portland,503-228-8131
OMSI,Museum,TRUE,FALSE,Portland,(503) 797-4000
Oregon Zoo,Nature Preserve,TRUE,TRUE,Portland,503-226-1561
Pittock Mansion,Museum,TRUE,TRUE,Portland,503-823-3623
Portland Art Museum,Museum,FALSE,FALSE,Portland,503-276-4249
Portland Children's Museum,Museum,TRUE,TRUE,Portland,503-223-6500
Portland Japanese Garden,Tourist Attraction,FALSE,TRUE,Portland,503-223-1321
Portland Saturday Market,Shopping Area,FALSE,TRUE,Portland,971-865-0382
Arab World Institute,Performing Arts Venue,FALSE,FALSE,Paris,1 40 51 38 38
Arc de Triomphe,Historical Landmark,FALSE,TRUE,Paris,1 55 37 73 77
Arenes de Lutece,Historical Landmark,FALSE,TRUE,Paris,1 45 35 02 56
Bois de Boulogne,Park,FALSE,TRUE,Paris,1 53 92 82 82
Carreau du Temple,Performing Arts Venue,FALSE,TRUE,Paris,1 83 81 93 30
Crissy Field,Tourist Attraction,TRUE,TRUE,San Francisco,415-561-4323
Exploratorium,Museum,TRUE,TRUE,San Francisco,415-528-4444
Ferry Plaza Farmers Market,Shopping Area,TRUE,TRUE,San Francisco,415-291-3276
ANZ Stadium,Sports Venue,FALSE,TRUE,Sydney,2 8765 2000
Barangaroo Reserve,Park,FALSE,TRUE,Sydney,2 9255 1700
Bella Vista Farm,Park,TRUE,TRUE,Sydney,2 9843 0555
"Bicentennial Park, Homebush Bay",Park,FALSE,TRUE,Sydney,2 9714 7888
Blaxland Riverside Park,Park,TRUE,TRUE,Sydney,2 9714 7888
Bondi Markets,Shopping Area,TRUE,TRUE,Sydney,2 9315 7011
Bondi to Bronte Coastal Walk,Tourist Attraction,TRUE,TRUE,Sydney,406 333 665
Bondi to Coogee walk,Tourist Attraction,TRUE,TRUE,Sydney,406 333 665
DISCOVERY Children's Museum,Museum,TRUE,TRUE,Las Vegas,702-382-5437
Las Vegas Natural History Museum,Museum,FALSE,TRUE,Las Vegas,702-384-3466
The Mob Museum,Museum,FALSE,TRUE,Las Vegas,702-229-2734
National Center for Civil and Human Rights,Museum,FALSE,FALSE,Atlanta,678-999-8990
Alexandra Palace,Performing Arts Venue,FALSE,TRUE,London,20 8365 2121
Alexandra Palace Ice Rink,Sports Venue,TRUE,TRUE,London,20 8365 2121
All England Lawn Tennis & Croquet Club,Sports Venue,FALSE,TRUE,London,20 8944 1066
"All Saints, Margaret Street",Place of Worship,TRUE,TRUE,London,20 7636 1788
All Souls Langham Place,Place of Worship,FALSE,TRUE,London,20 7580 3522
Apsley House,Museum,TRUE,TRUE,London,1793 414926
BAPS Shri Swaminarayan Mandir London,Place of Worship,FALSE,TRUE,London,20 8965 2651
BODY WORLDS London,Museum,TRUE,TRUE,London,330 223 3233
Museum Of Contemporary Art Chicago,Museum,TRUE,TRUE,Chicago,312-280-2660
"Museum of Science and Industry, Chicago",Museum,TRUE,TRUE,Chicago,(773) 684-1414
Museum of Death,Museum,TRUE,TRUE,Los Angeles,323-466-8011
Museum of Selfies,Museum,TRUE,TRUE,Los Angeles,737-471-5566
Museum of Tolerance,Museum,TRUE,TRUE,Los Angeles,310-772-2505
Petersen Automotive Museum,Museum,TRUE,TRUE,Los Angeles,323-930-2277
The Annenberg Space for Photography,Museum,TRUE,TRUE,Los Angeles,213-403-3000
The Museum of Jurassic Technology,Museum,TRUE,TRUE,Los Angeles,310-836-6131
Fort Point National Historic Site,Historical Landmark,FALSE,TRUE,San Francisco,415-504-2334
Golden Gate Bridge,Historical Landmark,FALSE,TRUE,San Francisco,415-921-5858
Sutro Baths,Historical Landmark,FALSE,TRUE,San Francisco,415-426-5240
The Painted Ladies,Historical Landmark,TRUE,TRUE,San Francisco,415-831-2700
The San Francisco Mint,Historical Landmark,FALSE,TRUE,San Francisco,415-890-2357
The Fox Theatre,Performing Arts Venue,FALSE,FALSE,Atlanta,800-651-2316
La Merced Market,Shopping Area,TRUE,TRUE,Mexico City,55 5522 7250
Mercado Jamaica,Shopping Area,TRUE,TRUE,Mexico City,55 5741 0002
Mercado de Sonora,Shopping Area,FALSE,TRUE,Mexico City,55 1484 6971
Interactive Museum of Economics,Museum,TRUE,FALSE,Mexico City,55 5130 4600
Museum of Pop Culture,Museum,FALSE,TRUE,Seattle,206-770-2702
Nordic Museum,Museum,TRUE,FALSE,Seattle,206-789-5707
Seattle Art Museum,Museum,FALSE,TRUE,Seattle,206-654-3100
Seattle Pinball Museum,Museum,FALSE,TRUE,Seattle,206-623-0759
Brookfield Place,Shopping Area,FALSE,TRUE,New York,212-978-1673
Brooklyn Botanic Garden,Park,FALSE,TRUE,New York,718-623-7200
Hollywood Walk of Fame,Tourist Attraction,TRUE,TRUE,Los Angeles,323-469-8311
Hollywood Wax Museum(r),Tourist Attraction,TRUE,TRUE,Los Angeles,323-462-5991
Vancouver Aquarium,Nature Preserve,TRUE,TRUE,Vancouver,604-659-3502
Featherdale Wildlife Park,Nature Preserve,TRUE,TRUE,Sydney,2 9622 1644
Gordons Bay,Nature Preserve,FALSE,TRUE,Sydney,1300 722 542
Koala Park Sanctuary Sydney,Nature Preserve,FALSE,TRUE,Sydney,2 9484 3141
Lane Cove National Park,Nature Preserve,FALSE,TRUE,Sydney,2 8448 0400
SEA LIFE Sydney Aquarium,Nature Preserve,TRUE,FALSE,Sydney,1800 199 657
Sydney Zoo,Nature Preserve,TRUE,TRUE,Sydney,1800 843 966
Wilson Parking Domain Car Park,Nature Preserve,TRUE,TRUE,Sydney,1800 727 546
King Jr Martin Luther- Birth Home,Historical Landmark,TRUE,TRUE,Atlanta,404-331-5190
Mission Escape Atlanta,Tourist Attraction,TRUE,TRUE,Atlanta,678-369-0050
Zoo Atlanta,Nature Preserve,TRUE,TRUE,Atlanta,404-624-5600
Brooklyn Children's Museum,Museum,TRUE,TRUE,New York,718-735-4400
Brooklyn Museum,Museum,TRUE,TRUE,New York,(718) 638-5000
Children's Museum Of Manhattan,Museum,TRUE,TRUE,New York,212-721-1223
Cooper Hewitt Smithsonian Design Museum,Museum,TRUE,TRUE,New York,212-849-8400
David Zwirner,Museum,TRUE,TRUE,New York,(212) 727-2072
El Museo del Barrio,Museum,TRUE,TRUE,New York,917-634-0340
Ellis Island National Museum of Immigration,Museum,TRUE,TRUE,New York,832-960-0009
"Intrepid Sea, Air & Space Museum",Museum,TRUE,TRUE,New York,(212) 245-0072
Museum of Sex,Museum,TRUE,TRUE,New York,212-689-6337
Art Museum Steps,Tourist Attraction,TRUE,TRUE,Philadelphia,215-763-8100
Bartram's Garden,Park,TRUE,TRUE,Philadelphia,215-729-5281
Ben Franklin Bridge,Historical Landmark,TRUE,TRUE,Philadelphia,856-968-3300
Benjamin Franklin Museum,Museum,TRUE,TRUE,Philadelphia,267-514-1522
Cathedral Basilica of Saints Peter and Paul,Place of Worship,TRUE,TRUE,Philadelphia,267-250-0074
Independence National Historical Park,Nature Preserve,TRUE,TRUE,Philadelphia,215-965-2305
Independence Seaport Museum,Museum,TRUE,TRUE,Philadelphia,215-413-8655
Liberty Bell,Historical Landmark,TRUE,TRUE,Philadelphia,215-965-2305
National Constitution Center,Museum,TRUE,TRUE,Philadelphia,215-409-6700
National Museum of American Jewish History,Museum,TRUE,TRUE,Philadelphia,215-923-3811
Steele Indian School Park,Nature Preserve,TRUE,TRUE,Phoenix,602-495-0935
Piedmont Park,Park,FALSE,TRUE,Atlanta,404-875-7275
Hollyhock House,Historical Landmark,TRUE,FALSE,Los Angeles,323-988-0516
Hollywood Sign,Historical Landmark,FALSE,TRUE,Los Angeles,323-258-4338
Korean Friendship Bell,Historical Landmark,FALSE,TRUE,Los Angeles,310-548-7705
"Public Art ""Urban Light""",Historical Landmark,TRUE,TRUE,Los Angeles,323-857-6010
The San Francisco Dungeon,Tourist Attraction,TRUE,TRUE,San Francisco,415-722-4418
Federal Hall,Museum,FALSE,TRUE,New York,212-825-6990
Olympic Sculpture Park,Park,FALSE,TRUE,Seattle,206-654-3100
Seattle Japanese Garden,Park,FALSE,TRUE,Seattle,206-684-4725
Volunteer Park Conservatory,Park,TRUE,TRUE,Seattle,206-322-4112
Washington Park Arboretum UW Botanic Gardens,Park,FALSE,TRUE,Seattle,206-543-8800
Legion of Honor,Museum,TRUE,TRUE,San Francisco,415-750-3600
Museum Of 3D Illusions,Museum,FALSE,TRUE,San Francisco,888-386-5585
Museum of the African Diaspora,Museum,FALSE,TRUE,San Francisco,415-358-7252
Randall Museum,Museum,FALSE,TRUE,San Francisco,415-554-9600
San Francisco Museum of Modern Art,Museum,FALSE,TRUE,San Francisco,415-357-4000
The Walt Disney Family Museum,Museum,FALSE,TRUE,San Francisco,415-345-6800
St. Johns Bridge,Historical Landmark,FALSE,TRUE,Portland,503-731-8326
The Grotto,Park,FALSE,TRUE,Portland,503-254-7371
Little Tokyo,Tourist Attraction,FALSE,TRUE,Los Angeles,818-512-8791
Madame Tussauds Hollywood,Tourist Attraction,TRUE,TRUE,Los Angeles,323-798-1670
OUE Skyspace LA,Tourist Attraction,TRUE,TRUE,Los Angeles,213-894-9000
Paramount Pictures Studio Tour,Tourist Attraction,FALSE,TRUE,Los Angeles,323-956-1777
The Venice Beach Boardwalk,Tourist Attraction,FALSE,TRUE,Los Angeles,310-396-6764
Liberty Public Market,Shopping Area,TRUE,TRUE,San Diego,619-487-9346
Maritime Museum of San Diego,Museum,FALSE,TRUE,San Diego,619-234-9153
Long Beach Museum of Art,Museum,TRUE,TRUE,Long Beach,800-708-2538
Museum of Latin American Art (MOLAA),Museum,FALSE,TRUE,Long Beach,562-437-1689
Angel Stadium of Anaheim,Sports Venue,FALSE,FALSE,Anaheim,714-940-2000
Cars Land,Tourist Attraction,FALSE,TRUE,Anaheim,714-781-4565
Disney California Adventure Park,Theme Park,TRUE,TRUE,Anaheim,714-781-7290
Disneyland Park,Theme Park,TRUE,TRUE,Anaheim,(877) 560-6477
Downtown Disney District,Tourist Attraction,FALSE,TRUE,Anaheim,714-781-4565
Honda Center,Sports Venue,FALSE,TRUE,Anaheim,714-704-2400
Matterhorn Bobsleds,Theme Park,FALSE,TRUE,Anaheim,714-781-4565
Pirate's Lair on Tom Sawyer Island,Theme Park,FALSE,TRUE,Anaheim,714-999-0990
Pixar Pier,Tourist Attraction,TRUE,TRUE,Anaheim,714-781-4636
Sleeping Beauty Castle,Tourist Attraction,TRUE,FALSE,Anaheim,714-781-4565
Sutter's Fort | State Historic Park,Nature Preserve,TRUE,TRUE,Sacramento,916-445-4422
California Museum,Museum,FALSE,TRUE,Sacramento,(916) 653-1771
California State Capitol Museum,Museum,TRUE,TRUE,Sacramento,916-445-2841
California State Railroad Museum,Museum,FALSE,TRUE,Sacramento,916-323-9280
Crocker Art Museum,Museum,FALSE,TRUE,Sacramento,916-808-7000
San Diego California Temple,Place of Worship,TRUE,TRUE,San Diego,858-622-0991
San Diego Museum of Man,Museum,TRUE,TRUE,San Diego,619-239-2001
California Automobile Museum,Museum,FALSE,FALSE,Sacramento,916-442-6802
Fairytale Town,Theme Park,TRUE,TRUE,Sacramento,916-808-5233
Sacramento Zoo,Nature Preserve,FALSE,FALSE,Sacramento,916-808-5888
The Orpheum,Performing Arts Venue,FALSE,TRUE,Vancouver,604-665-3035
Musee Mecanique,Museum,FALSE,FALSE,San Francisco,415-346-2000
Aquarium of the Pacific,Nature Preserve,FALSE,TRUE,Long Beach,562-570-8555
Harry Bridges Memorial Park,Park,FALSE,TRUE,Long Beach,562-570-5333
The Queen Mary,Historical Landmark,FALSE,TRUE,Long Beach,877-342-0738
Barnes Foundation,Museum,FALSE,TRUE,Philadelphia,215-278-7000
Betsy Ross House,Historical Landmark,FALSE,TRUE,Philadelphia,215-686-1252
Blue Cross RiverRink,Sports Venue,FALSE,TRUE,Philadelphia,215-925-7465
Eastern State Penitentiary,Museum,FALSE,FALSE,Philadelphia,215-236-5111
Elfreth's Alley,Historical Landmark,TRUE,FALSE,Philadelphia,215-574-0560
Floyd Lamb Park,Park,TRUE,FALSE,Las Vegas,702-229-8100
Fort Funston,Park,TRUE,TRUE,San Francisco,415-561-4700
Golden Gate Park,Park,TRUE,TRUE,San Francisco,415-831-2700
Japanese Tea Garden,Park,TRUE,TRUE,San Francisco,415-752-1171
Lake Merced Park,Park,TRUE,TRUE,San Francisco,415-831-5500
Mission Dolores Park,Park,TRUE,TRUE,San Francisco,415-554-9521
Old Town San Diego State Historic Park,Nature Preserve,FALSE,TRUE,San Diego,619-220-5422
San Diego Zoo,Nature Preserve,FALSE,TRUE,San Diego,619-231-1515
Seattle Center,Performing Arts Venue,TRUE,TRUE,Seattle,206-684-7200
Seattle CityPASS,Tourist Attraction,TRUE,FALSE,Seattle,888-330-5008
Stahl House,Historical Landmark,TRUE,TRUE,Los Angeles,208-429-1058
Lake Hollywood Park,Park,TRUE,TRUE,Los Angeles,818-243-1145
The Japanese Garden,Park,FALSE,TRUE,Los Angeles,818-756-8166
"Vista Hermosa Natural Park, Mountains Recreation & Conservation Authority",Park,TRUE,TRUE,Los Angeles,213-250-1100
Fremont Street Experience,Shopping Area,TRUE,FALSE,Las Vegas,702-678-5600
Old Las Vegas Mormon Fort State Historic Park,Nature Preserve,FALSE,TRUE,Las Vegas,702-486-3511
SlotZilla Zip Line,Tourist Attraction,TRUE,TRUE,Las Vegas,702-678-5780
Springs Preserve,Nature Preserve,TRUE,FALSE,Las Vegas,702-822-7700
San Diego Zoo Safari Park,Nature Preserve,FALSE,FALSE,San Diego,760-747-8702
FlyOver Canada,Theme Park,TRUE,TRUE,Vancouver,855-463-4822
Museum of Vancouver,Museum,FALSE,FALSE,Vancouver,604-736-4431
PNE/Playland,Theme Park,TRUE,TRUE,Vancouver,604-253-2311
Science World at TELUS World of Science,Museum,TRUE,TRUE,Vancouver,604-443-7440
Sunset Cliffs Natural Park,Park,FALSE,TRUE,San Diego,619-525-8213
Waterfront Park,Park,TRUE,TRUE,San Diego,619-232-7275
San Diego Air & Space Museum,Museum,FALSE,TRUE,San Diego,619-234-8291
Star of India,Museum,TRUE,TRUE,San Diego,619-234-9153
USS Midway Museum,Museum,TRUE,TRUE,San Diego,619-544-9600
Whaley House Museum,Museum,FALSE,TRUE,San Diego,619-297-7511
San Francisco Botanical Garden,Park,TRUE,FALSE,San Francisco,415-661-1316
de Young Museum,Museum,TRUE,TRUE,San Francisco,415-750-3600
San Francisco Zoo,Nature Preserve,FALSE,TRUE,San Francisco,415-753-7080
Monument to the Revolution,Historical Landmark,FALSE,TRUE,Mexico City,55 5546 2115
The House of Tiles,Historical Landmark,TRUE,TRUE,Mexico City,55 5512 1331
War Memorial Opera House,Performing Arts Venue,TRUE,TRUE,San Francisco,415-865-2000
Grace Cathedral,Place of Worship,FALSE,TRUE,San Francisco,415-749-6300
St. Dominic's Catholic Church,Place of Worship,FALSE,FALSE,San Francisco,415-567-7824
Christmas Tree Lane,Tourist Attraction,TRUE,TRUE,Fresno,559-348-9200
Forestiere Underground Gardens,Historical Landmark,TRUE,TRUE,Fresno,559-271-0734
Fresno Chaffee Zoo,Nature Preserve,FALSE,TRUE,Fresno,559-498-5910
Island Waterpark,Theme Park,TRUE,TRUE,Fresno,559-277-6800
First Corinthian Baptist Church,Place of Worship,TRUE,TRUE,New York,212-864-5976
Saint Thomas Church Fifth Avenue,Place of Worship,TRUE,TRUE,New York,212-664-9360
St. Patrick's Cathedral,Place of Worship,FALSE,TRUE,New York,212-753-2261
The Brooklyn Tabernacle,Place of Worship,FALSE,TRUE,New York,718-290-2000
The Cathedral Church of St. John the Divine,Place of Worship,FALSE,TRUE,New York,212-316-7540
Trinity Church,Place of Worship,TRUE,TRUE,New York,212-602-0800
Fearless Girl Statue,Tourist Attraction,FALSE,TRUE,New York,617-786-3000
Madame Tussauds New York,Tourist Attraction,FALSE,TRUE,New York,212-512-9600
National Geographic Encounter,Tourist Attraction,FALSE,TRUE,New York,646-308-1337
One World Observatory,Tourist Attraction,FALSE,TRUE,New York,844-696-1776
Rockefeller Center Christmas Tree,Tourist Attraction,FALSE,TRUE,New York,212-588-8601
Statue Cruises,Tourist Attraction,FALSE,TRUE,New York,877-523-9849
Seattle Aquarium,Nature Preserve,FALSE,TRUE,Seattle,206-386-4300
Woodland Park Zoo,Nature Preserve,FALSE,TRUE,Seattle,206-548-2623
The Getty,Museum,TRUE,FALSE,Los Angeles,310-440-7300
Museum of Contemporary Art San Diego,Museum,FALSE,FALSE,San Diego,858-454-3541
San Diego Natural History Museum,Museum,FALSE,FALSE,San Diego,877-946-7797
The San Diego Museum of Art,Museum,FALSE,FALSE,San Diego,619-232-7931
Brooklyn Bridge Park,Park,FALSE,TRUE,New York,718-222-9939
Brooklyn Heights Promenade,Park,FALSE,TRUE,New York,212-639-9675
Bryant Park,Park,FALSE,TRUE,New York,212-768-4242
Central Park,Park,FALSE,TRUE,New York,212-310-6600
Flushing Meadows Corona Park,Park,TRUE,TRUE,New York,718-760-6565
Fort Totten Park,Park,TRUE,TRUE,New York,718-352-4793
Fort Tryon Park,Park,FALSE,TRUE,New York,212-795-1388
Gantry Plaza State Park,Park,TRUE,TRUE,New York,718-786-6385
Borough Market,Shopping Area,FALSE,TRUE,London,20 7407 1002
Brixton Market,Shopping Area,FALSE,FALSE,London,20 7274 2990
Camden Market,Shopping Area,TRUE,TRUE,London,20 7485 5511
Greenwich Market,Shopping Area,FALSE,TRUE,London,7851 018007
Leadenhall Market,Shopping Area,FALSE,FALSE,London,20 7606 3030
Maltby Street Market,Shopping Area,FALSE,TRUE,London,20 7394 8061
Old Spitalfields Market,Shopping Area,TRUE,TRUE,London,20 7375 2963
Smithfield Market,Shopping Area,TRUE,TRUE,London,20 7248 3151
Tooting Market,Shopping Area,FALSE,TRUE,London,7598 130026
Frederick C. Robie House,Museum,FALSE,FALSE,Chicago,312-994-4000
Jane Addams Hull-House Museum,Museum,FALSE,TRUE,Chicago,312-413-5353
National Museum of Mexican Art,Museum,TRUE,TRUE,Chicago,312-433-3965
Marble Collegiate Church,Place of Worship,TRUE,FALSE,New York,212-686-2770
St Ignatius Loyola Church,Place of Worship,TRUE,FALSE,New York,212-288-3588
Lavatory,Museum,FALSE,TRUE,Phoenix,480-968-7895
Musical Instrument Museum,Museum,FALSE,TRUE,Phoenix,480-478-6000
Phoenix Art Museum,Museum,FALSE,TRUE,Phoenix,602-257-1880
Pueblo Grande Museum,Museum,TRUE,FALSE,Phoenix,602-495-0901
Vancouver Art Gallery,Museum,FALSE,TRUE,Vancouver,604-662-4700
Granary Square,Tourist Attraction,FALSE,TRUE,London,20 3773 3233
Parliament Hill Viewpoint,Tourist Attraction,TRUE,TRUE,London,20 7332 3322
RAF Bomber Command Memorial,Tourist Attraction,TRUE,TRUE,London,800 169 2942
Shrek's Adventure London,Tourist Attraction,TRUE,TRUE,London,333 321 2001
Spencer House,Tourist Attraction,TRUE,TRUE,London,20 7514 1958
The London Bridge Experience & London Tombs,Tourist Attraction,TRUE,TRUE,London,20 7403 6333
"The Royal Mews, Buckingham Palace",Tourist Attraction,TRUE,TRUE,London,303 123 7302
Up at The O2,Tourist Attraction,FALSE,TRUE,London,20 8463 2680
Bank of England Museum,Museum,TRUE,TRUE,London,20 3461 5545
Camden Arts Centre,Museum,TRUE,TRUE,London,20 7472 5500
Charles Dickens Museum,Museum,FALSE,TRUE,London,20 7405 2127
Churchill War Rooms,Museum,FALSE,TRUE,London,20 7416 5000
Cutty Sark,Museum,FALSE,TRUE,London,20 8858 4422
Design Museum,Museum,FALSE,TRUE,London,20 7403 6933
Discover Children's Story Centre,Museum,FALSE,TRUE,London,20 8536 5555
Dulwich Picture Gallery,Museum,FALSE,TRUE,London,20 8693 5254
Prospect Park,Park,TRUE,TRUE,New York,718-965-8951
The High Line,Park,TRUE,TRUE,New York,212-500-6035
Van Cortlandt Park,Park,TRUE,TRUE,New York,718-430-1890
Washington Square Park,Park,TRUE,TRUE,New York,212-639-9675
Laxminarayan Temple,Place of Worship,FALSE,TRUE,Delhi,11 2336 3637
Lotus Temple,Place of Worship,FALSE,TRUE,Delhi,11 2644 4029
Barbican Conservatory,Park,FALSE,TRUE,London,20 7638 4141
Battersea Park,Park,TRUE,TRUE,London,20 8871 7530
Chelsea Physic Garden,Park,TRUE,TRUE,London,20 7352 5646
Clapham Common,Park,TRUE,TRUE,London,20 7926 1000
Clissold Park,Park,TRUE,TRUE,London,20 8356 3000
Green Park,Park,FALSE,TRUE,London,20 7839 7639
Greenwich Park,Park,FALSE,TRUE,London,20 8293 3782
Grosvenor Square,Park,TRUE,TRUE,London,20 7312 0011
Hackney Downs,Park,TRUE,TRUE,London,20 8356 3000
Hampstead Heath,Park,TRUE,TRUE,London,20 7332 3322
Rocky Statue,Historical Landmark,TRUE,TRUE,Philadelphia,215-643-2858
SS United States,Historical Landmark,TRUE,TRUE,Philadelphia,888-488-7787
Pier 17,Performing Arts Venue,TRUE,TRUE,New York,212-732-8257
LA Memorial Coliseum,Sports Venue,FALSE,TRUE,Los Angeles,213-765-6357
Carnegie Hall,Performing Arts Venue,FALSE,TRUE,New York,212-903-9765
Lincoln Center for the Performing Arts,Performing Arts Venue,TRUE,FALSE,New York,212-875-5456
Canal Street Market,Shopping Area,TRUE,TRUE,New York,646-694-1655
Castle Clinton National Monument,Nature Preserve,TRUE,TRUE,New York,212-344-7220
Chelsea Market,Shopping Area,TRUE,TRUE,New York,212-652-2111
"Martin Luther King, Jr. National Historical Park",Historical Landmark,TRUE,FALSE,Atlanta,404-331-5190
Swan House at Atlanta History Center,Historical Landmark,FALSE,TRUE,Atlanta,404-814-4000
Dekalb Market Hall,Shopping Area,TRUE,TRUE,New York,929-359-6555
Gansevoort Market,Shopping Area,FALSE,TRUE,New York,646-449-8400
The Riverside Church,Place of Worship,FALSE,FALSE,New York,212-870-6700
Pennsylvania Academy of the Fine Arts,Museum,TRUE,TRUE,Philadelphia,(215) 569-0153
Philadelphia's Magic Gardens,Museum,TRUE,TRUE,Philadelphia,215-733-0390
Rodin Museum,Museum,TRUE,TRUE,Philadelphia,215-763-8100
The Academy of Natural Sciences of Drexel University,Museum,TRUE,TRUE,Philadelphia,215-299-1000
The Franklin Institute,Museum,TRUE,TRUE,Philadelphia,(215) 448-1165
Chelsea Piers Sports and Entertainment Complex,Sports Venue,TRUE,TRUE,New York,212-336-6666
Fairmount Park,Park,FALSE,TRUE,Philadelphia,215-683-3600
Franklin Square,Park,FALSE,TRUE,Philadelphia,215-629-4026
Love Park,Park,FALSE,TRUE,Philadelphia,215-686-1776
Rittenhouse Square,Park,FALSE,TRUE,Philadelphia,267-586-5675
Spruce Street Harbor Park,Park,FALSE,TRUE,Philadelphia,215-922-2386
Time Warner Center,Historical Landmark,FALSE,TRUE,New York,212-823-6300
Verrazzano-Narrows Bridge,Historical Landmark,FALSE,TRUE,New York,212-360-3000
Williamsburg Bridge,Historical Landmark,FALSE,TRUE,New York,800-221-9903
Radio City Music Hall,Performing Arts Venue,FALSE,TRUE,New York,212-465-6741
Shofuso Japanese House and Garden,Historical Landmark,FALSE,TRUE,Philadelphia,215-878-5097
Central Park Zoo,Nature Preserve,FALSE,TRUE,New York,212-439-6500
General Grant National Memorial,Nature Preserve,FALSE,TRUE,New York,212-666-1640
Industry City,Nature Preserve,FALSE,TRUE,New York,718-965-6450
New York Aquarium,Nature Preserve,TRUE,TRUE,New York,718-220-5100
Prospect Park Zoo,Nature Preserve,TRUE,TRUE,New York,718-399-7339
Queens Zoo,Nature Preserve,FALSE,TRUE,New York,718-271-1500
Riverbank State Park,Nature Preserve,TRUE,TRUE,New York,212-694-3600
Staten Island Zoo,Nature Preserve,FALSE,TRUE,New York,718-442-3101
Jane's Carousel,Theme Park,TRUE,TRUE,New York,718-222-2502
SeaGlass Carousel,Theme Park,TRUE,TRUE,New York,212-344-3491
The Cyclone Roller Coaster Coney Island NY,Theme Park,TRUE,TRUE,New York,718-373-5862
Trolls The Experience,Theme Park,TRUE,TRUE,New York,703-448-4058
Lasker Rink,Sports Venue,TRUE,FALSE,New York,917-492-3856
MOSAIC,Place of Worship,TRUE,TRUE,Los Angeles,323-391-2930
House of Culture of Japan in Paris,Performing Arts Venue,FALSE,TRUE,Paris,1 44 37 95 15
Institut de France,Performing Arts Venue,FALSE,TRUE,Paris,1 44 41 44 41
Opera Bastille,Performing Arts Venue,FALSE,TRUE,Paris,892 89 90 90
Palais Garnier,Performing Arts Venue,TRUE,TRUE,Paris,1 40 07 00 43
Paris Philharmonic,Performing Arts Venue,FALSE,TRUE,Paris,1 44 84 44 84
Point Ephemere,Performing Arts Venue,FALSE,TRUE,Paris,1 40 34 02 48
Banqueting House,Tourist Attraction,TRUE,FALSE,London,20 3166 6000
Battersea Park Children's Zoo,Nature Preserve,TRUE,TRUE,London,20 7924 5826
Granja las Americas,Theme Park,TRUE,TRUE,Mexico City,55 2629 5600
56 Signers of the Declaration of Independence Memorial,Nature Preserve,TRUE,TRUE,Washington D.C.,202-426-6841
Georgetown Waterfront Park,Nature Preserve,TRUE,TRUE,Washington D.C.,202-895-6000
Korean War Veterans Memorial,Nature Preserve,TRUE,FALSE,Washington D.C.,202-426-6841
"Martin Luther King, Jr. Memorial",Nature Preserve,TRUE,TRUE,Washington D.C.,202-426-6841
National Law Enforcement Officers Memorial,Nature Preserve,TRUE,FALSE,Washington D.C.,202-737-3400
National Mall,Nature Preserve,TRUE,TRUE,Washington D.C.,202-426-6841
Rock Creek Park,Nature Preserve,TRUE,TRUE,Washington D.C.,202-895-6000
Smithsonian National Zoological Park,Nature Preserve,TRUE,FALSE,Washington D.C.,202-633-2614
Vietnam Veterans Memorial,Nature Preserve,TRUE,FALSE,Washington D.C.,202-485-9880
Cognacq-Jay Museum,Museum,TRUE,TRUE,Paris,1 40 27 07 21
Conciergerie,Museum,TRUE,TRUE,Paris,1 53 40 60 80
Finsbury Park,Park,FALSE,FALSE,London,20 8489 1000
Barbican Centre,Performing Arts Venue,FALSE,TRUE,London,20 7638 8891
Cambridge Theatre,Performing Arts Venue,FALSE,TRUE,London,20 7087 7745
Dominion Theatre,Performing Arts Venue,FALSE,TRUE,London,845 200 7982
English National Opera,Performing Arts Venue,FALSE,TRUE,London,20 7836 0111
ExCeL London,Performing Arts Venue,FALSE,FALSE,London,20 7055 1920
Leicester Square,Performing Arts Venue,TRUE,TRUE,London,20 7734 4507
Open Air Theatre,Performing Arts Venue,TRUE,TRUE,London,333 400 3562
Roundhouse,Performing Arts Venue,TRUE,TRUE,London,300 678 9222
Royal Albert Hall,Performing Arts Venue,TRUE,TRUE,London,020 7589 8212
Cathedral of St. Matthew the Apostle,Place of Worship,FALSE,FALSE,Washington D.C.,202-347-3215
Dumbarton Oaks Museum,Museum,FALSE,TRUE,Washington D.C.,202-339-6401
Ford's Theatre,Performing Arts Venue,FALSE,TRUE,Washington D.C.,202-347-4833
Franklin Delano Roosevelt Memorial,Historical Landmark,FALSE,FALSE,Washington D.C.,202-376-6704
"Hillwood Estate, Museum & Gardens",Museum,TRUE,FALSE,Washington D.C.,202-686-5807
Hirshhorn Museum,Museum,FALSE,FALSE,Washington D.C.,202-633-1000
International Spy Museum,Museum,TRUE,TRUE,Washington D.C.,202-393-7798
John F. Kennedy Center for the Performing Arts,Performing Arts Venue,TRUE,TRUE,Washington D.C.,800-444-1324
99 Wonderland Park,Park,TRUE,TRUE,Kuala Lumpur,12-559 9034
"Aquaria KLCC, Kuala Lumpur.",Nature Preserve,FALSE,TRUE,Kuala Lumpur,3-2333 1888
"Central Market Kuala Lumpur, Wilayah Persekutuan",Shopping Area,TRUE,FALSE,Kuala Lumpur,1-300-22-8688
ICC Pudu,Shopping Area,TRUE,TRUE,Kuala Lumpur,3-2111 1111
Jamek Mosque,Place of Worship,FALSE,TRUE,Kuala Lumpur,3-2691 2829
KL Tower Mini Zoo,Nature Preserve,FALSE,TRUE,Kuala Lumpur,3-2022 3943
Kuala Lumpur Bird Park,Nature Preserve,FALSE,TRUE,Kuala Lumpur,3-2272 1010
Menara Kuala Lumpur,Tourist Attraction,FALSE,TRUE,Kuala Lumpur,3-2034 2609
National Art Gallery,Museum,TRUE,TRUE,Kuala Lumpur,3-4041 8720
National Museum of Malaysia,Museum,TRUE,FALSE,Kuala Lumpur,3-2282 6255
Sydney Harbour Bridge,Historical Landmark,FALSE,TRUE,Sydney,2 8274 7777
"National Rail Museum, New Delhi",Museum,TRUE,TRUE,Delhi,11 2688 1828
National Zoological Park,Nature Preserve,TRUE,TRUE,Delhi,11 2435 9825
Qutub Minar,Historical Landmark,TRUE,TRUE,Delhi,11 2469 8431
Raj Ghat,Historical Landmark,TRUE,FALSE,Delhi,11 2567 5609
Shree Adya Katyayani Shaktipeeth,Place of Worship,TRUE,FALSE,Delhi,11 2680 2360
Kyoto Garden,Park,TRUE,TRUE,London,20 7361 3003
Mudchute Park and Farm,Park,TRUE,TRUE,London,20 7515 5901
Ravenscourt Park,Park,TRUE,TRUE,London,20 8748 3020
WWT London Wetland Centre,Nature Preserve,FALSE,TRUE,London,20 8409 4400
Walthamstow Wetlands,Nature Preserve,FALSE,TRUE,London,20 8496 2115
ZSL London Zoo,Nature Preserve,FALSE,FALSE,London,20 7449 6200
World War II Memorial,Nature Preserve,FALSE,FALSE,Washington D.C.,202-426-6841
Pike Place Market,Shopping Area,FALSE,TRUE,Seattle,206-682-7453
National Science Centre,Museum,TRUE,TRUE,Kuala Lumpur,3-2089 3400
"Petrosains, The Discovery Centre",Museum,FALSE,TRUE,Kuala Lumpur,3-2331 8181
Giraffe Centre,Nature Preserve,FALSE,TRUE,Nairobi,20 891078
Karura Forest,Nature Preserve,FALSE,TRUE,Nairobi,20 2020285
Nairobi National Park,Nature Preserve,TRUE,TRUE,Nairobi,20 2423423
Museum of the American Revolution,Museum,FALSE,TRUE,Philadelphia,877-740-1776
Philadelphia Museum of Art,Museum,FALSE,TRUE,Philadelphia,215-763-8100
EdgeWalk at the CN Tower,Tourist Attraction,TRUE,FALSE,Toronto,416-601-3833
Edwards Gardens,Park,TRUE,TRUE,Toronto,416-392-8188
Fantasy Fair,Theme Park,TRUE,TRUE,Toronto,416-674-5437
Harbourfront Centre,Performing Arts Venue,TRUE,TRUE,Toronto,416-973-4000
Hart House,Performing Arts Venue,TRUE,FALSE,Toronto,416-946-7196
Griffith Park,Park,FALSE,FALSE,Los Angeles,323-913-4688
Runyon Canyon Park,Park,FALSE,FALSE,Los Angeles,818-243-1145
Museum of the Bible,Museum,FALSE,TRUE,Washington D.C.,866-430-6682
National Archives Museum,Museum,TRUE,TRUE,Washington D.C.,202-357-5000
National Building Museum,Museum,FALSE,TRUE,Washington D.C.,202-849-2500
National Gallery of Art,Museum,TRUE,TRUE,Washington D.C.,(202) 737-4215
National Museum of Women in the Arts,Museum,TRUE,TRUE,Washington D.C.,202-783-5000
Newseum,Museum,TRUE,TRUE,Washington D.C.,202-292-6100
Renwick Gallery,Museum,TRUE,TRUE,Washington D.C.,202-633-2850
Smithsonian American Art Museum,Museum,FALSE,TRUE,Washington D.C.,202-633-1000
National Academy of Sciences,Historical Landmark,TRUE,TRUE,Washington D.C.,(202) 334-2158
Petersen House,Historical Landmark,TRUE,TRUE,Washington D.C.,202-347-4833
President Lincoln's Cottage,Historical Landmark,TRUE,TRUE,Washington D.C.,202-829-0436
Washington Monument,Historical Landmark,TRUE,TRUE,Washington D.C.,202-426-6841
National Gallery of Modern Art,Museum,FALSE,FALSE,Delhi,11 2338 2835
London Oratory,Place of Worship,TRUE,TRUE,London,7595 724300
Southwark Cathedral,Place of Worship,TRUE,TRUE,London,20 7367 6700
"St Helen's Church, Bishopgate",Place of Worship,TRUE,TRUE,London,20 7283 2231
St Martin-in-the-Fields,Place of Worship,TRUE,TRUE,London,20 7766 1100
St Mary-le-Bow,Place of Worship,TRUE,TRUE,London,20 7248 5139
Temple Church,Place of Worship,TRUE,TRUE,London,20 7353 3470
The East London Mosque & London Muslim Centre,Place of Worship,TRUE,TRUE,London,20 7650 3000
Union Chapel,Place of Worship,TRUE,TRUE,London,20 7226 3750
Westminster Cathedral,Place of Worship,TRUE,TRUE,London,20 7798 9055
Downsview Park,Park,FALSE,TRUE,Toronto,416-952-2225
Smithsonian National Museum of Natural History,Museum,TRUE,TRUE,Washington D.C.,(202) 786-2778
United States Holocaust Memorial Museum,Museum,TRUE,TRUE,Washington D.C.,(202) 488-0400
Museum of Illusions,Museum,FALSE,TRUE,Toronto,416-889-2285
Ontario Science Centre,Museum,FALSE,TRUE,Toronto,(416) 696-1000
Lincoln Memorial,Historical Landmark,FALSE,TRUE,Washington D.C.,202-426-6841
Choco-Story Paris - Musee du Chocolat,Museum,FALSE,TRUE,Paris,1 42 29 68 60
Cinematheque Francaise,Museum,FALSE,TRUE,Paris,1 71 19 33 33
City of Science and Industry,Museum,FALSE,TRUE,Paris,1 40 05 70 00
Fondation Cartier pour l'Art Contemporain,Museum,FALSE,TRUE,Paris,1 42 18 56 50
Galerie Maeght,Museum,FALSE,TRUE,Paris,1 49 54 01 55
Galerie Perrotin,Museum,FALSE,TRUE,Paris,1 42 16 79 79
Gobelins Manufactory,Museum,TRUE,TRUE,Paris,1 44 08 53 49
National Geographic Museum,Museum,FALSE,FALSE,Washington D.C.,202-857-7700
National Museum of African American History and Culture,Museum,TRUE,FALSE,Washington D.C.,844-750-3012
Louvre Museum,Museum,TRUE,TRUE,Paris,1 44 58 38 01
Maison de Balzac,Museum,TRUE,TRUE,Paris,1 55 74 41 80
Musee Jacquemart-Andre,Museum,TRUE,TRUE,Paris,1 45 62 11 59
Musee Maillol,Museum,TRUE,TRUE,Paris,1 42 22 59 58
Musee Marmottan Monet,Museum,TRUE,TRUE,Paris,1 44 96 50 33
Musee d'Orsay,Museum,TRUE,TRUE,Paris,1 42 22 07 74
Fashion and Textile Museum,Museum,TRUE,TRUE,London,7967 915339
Florence Nightingale Museum,Museum,TRUE,TRUE,London,20 7188 4400
Freud Museum London,Museum,TRUE,TRUE,London,20 7435 2002
Fulham Palace,Museum,TRUE,TRUE,London,20 7736 3233
Geffrye Museum of the Home,Museum,TRUE,FALSE,London,20 7739 8543
God's Own Junkyard,Museum,TRUE,TRUE,London,20 8521 8066
Penn Museum,Museum,FALSE,FALSE,Philadelphia,215-898-4000
Royal Opera House,Performing Arts Venue,FALSE,TRUE,London,20 7304 4000
Wings Over Washington,Theme Park,TRUE,FALSE,Seattle,206-602-1808
Glebe Markets,Shopping Area,FALSE,TRUE,Sydney,419 291 449
Kirribilli Markets,Shopping Area,TRUE,FALSE,Sydney,2 9922 4428
Paddington Markets,Shopping Area,FALSE,TRUE,Sydney,2 9331 2923
Paddy's Market Haymarket,Shopping Area,TRUE,TRUE,Sydney,2 9325 6200
Sydney Fish Market,Shopping Area,FALSE,TRUE,Sydney,2 9004 1100
Sydney Markets,Shopping Area,TRUE,TRUE,Sydney,2 9325 6200
The Rocks Market,Shopping Area,TRUE,TRUE,Sydney,412 271 725
Holy Trinity Brompton,Place of Worship,TRUE,FALSE,London,20 7052 0200
London Central Mosque,Place of Worship,FALSE,TRUE,London,20 7724 3363
Palmers Green Mosque,Place of Worship,TRUE,FALSE,London,20 8920 3990
Hyde Park,Park,TRUE,TRUE,Sydney,2 9265 9333
Nielsen Park,Park,FALSE,TRUE,Sydney,2 9337 5511
Parramatta Park,Park,TRUE,TRUE,Sydney,2 9895 7500
Royal Botanic Gardens,Park,FALSE,TRUE,Sydney,2 9231 8111
Sydney Park,Park,TRUE,TRUE,Sydney,2 9265 9333
Wendy Whiteley's Secret Garden,Park,TRUE,TRUE,Sydney,2 9936 8100
One Liberty Observation Deck,Tourist Attraction,TRUE,TRUE,Philadelphia,215-561-3325
Oriental Institute Museum,Museum,FALSE,TRUE,Chicago,773-702-9514
Peggy Notebaert Nature Museum,Museum,FALSE,TRUE,Chicago,773-755-5100
Madison Square Garden,Sports Venue,FALSE,TRUE,New York,212-465-6073
Rockefeller Plaza Ice Skating Rink,Sports Venue,FALSE,TRUE,New York,212-332-7654
Yankee Stadium,Sports Venue,FALSE,TRUE,New York,646-977-8000
Cables Wake Park,Theme Park,TRUE,TRUE,Sydney,2 4722 2537
Capitol Theatre,Performing Arts Venue,TRUE,TRUE,Sydney,2 9320 5000
Chinese Garden of Friendship,Park,TRUE,FALSE,Sydney,2 9240 8888
SeaWorld San Diego,Theme Park,TRUE,TRUE,San Diego,619-222-4732
Crystal Palace National Sports Centre,Sports Venue,TRUE,FALSE,London,20 8778 0131
Natural History Museum Ice Rink,Sports Venue,TRUE,TRUE,London,20 7942 5000
St. Paul's Cathedral,Place of Worship,FALSE,TRUE,London,20 7236 4128
Flip Out Castle Hill,Sports Venue,TRUE,TRUE,Sydney,2 8810 3374
"Sri Mahamariamman Temple, Kuala Lumpur",Place of Worship,FALSE,TRUE,Kuala Lumpur,3-2078 5323
Thean Hou Temple,Place of Worship,TRUE,TRUE,Kuala Lumpur,3-2260 1623
St. Lawrence Market,Shopping Area,TRUE,TRUE,Toronto,416-392-7219
Toronto Christmas Market,Shopping Area,TRUE,FALSE,Toronto,416-369-9766
"Saint-Eustache, Paris",Place of Worship,TRUE,TRUE,Paris,1 42 36 31 05
Saint-Nicholas-des-Champs,Place of Worship,TRUE,TRUE,Paris,1 42 72 92 54
Saint-Nicolas du Chardonnet,Place of Worship,TRUE,FALSE,Paris,1 44 27 07 90
Saint-Etienne-du-Mont,Place of Worship,TRUE,TRUE,Paris,1 43 54 11 79
Eglise Saint-Sulpice,Place of Worship,TRUE,TRUE,Paris,1 42 34 59 98
Millennium Park,Park,FALSE,FALSE,Chicago,312-742-1168
Lincoln Park Zoo,Nature Preserve,FALSE,TRUE,Chicago,312-742-2000
Shedd Aquarium,Nature Preserve,FALSE,TRUE,Chicago,312-939-2428
Grand Palais,Museum,TRUE,FALSE,Paris,1 44 13 17 17
Homme Museum,Museum,TRUE,FALSE,Paris,1 44 05 72 92
Louis Vuitton Foundation,Museum,TRUE,FALSE,Paris,1 40 69 96 00
Maison de Verre,Historical Landmark,TRUE,TRUE,Paris,1 45 44 91 21
Napoleon's Tomb,Historical Landmark,TRUE,TRUE,Paris,810 11 33 99
The Thinker,Historical Landmark,TRUE,TRUE,Paris,1 44 18 61 10
Les Invalides,Historical Landmark,FALSE,TRUE,Paris,1 44 42 38 77
Louvre Palace,Historical Landmark,FALSE,TRUE,Paris,1 40 20 50 50
Pantheon,Historical Landmark,FALSE,TRUE,Paris,1 44 32 18 00
Reading Terminal Market,Shopping Area,FALSE,FALSE,Philadelphia,215-922-2317
High Park,Park,FALSE,TRUE,Toronto,416-338-0338
Queen's Park,Park,TRUE,TRUE,Toronto,416-325-7500
Riverdale Farm,Park,FALSE,TRUE,Toronto,416-392-6794
Toronto Botanical Garden,Park,FALSE,TRUE,Toronto,416-397-1354
The Power Plant Contemporary Art Gallery,Museum,FALSE,TRUE,Toronto,416-973-4949
S. R. Crown Hall,Historical Landmark,FALSE,FALSE,Chicago,312-567-3230
The Picasso,Historical Landmark,TRUE,TRUE,Chicago,312-744-5000
Tribune Tower,Historical Landmark,TRUE,FALSE,Chicago,312-222-3994
Petronas Twin Towers,Tourist Attraction,FALSE,FALSE,Kuala Lumpur,3-2331 8080
"Smart Museum of Art, The University of Chicago",Museum,TRUE,TRUE,Chicago,773-702-0200
The Art Institute of Chicago,Museum,TRUE,TRUE,Chicago,(312) 443-3600
The Field Museum,Museum,TRUE,TRUE,Chicago,(312) 922-9410
Grande Mosquee de Paris,Place of Worship,FALSE,TRUE,Paris,1 45 35 97 33
L'eglise de la Madeleine,Place of Worship,FALSE,TRUE,Paris,1 44 51 69 00
Garden of the botanical school,Park,TRUE,TRUE,Paris,1 40 79 56 01
Jardin des Plantes,Park,TRUE,TRUE,Paris,1 40 79 54 48
La Villette,Park,FALSE,TRUE,Paris,1 40 03 75 75
Luxembourg Gardens,Park,TRUE,TRUE,Paris,1 42 34 23 62
Parc Andre Citroen,Park,FALSE,TRUE,Paris,1 53 98 73 84
Parc Monceau,Park,FALSE,TRUE,Paris,1 42 27 39 56
Parc Montsouris,Park,FALSE,TRUE,Paris,1 53 90 67 14
30 St Mary Axe (The Gherkin),Historical Landmark,FALSE,TRUE,London,20 7071 5029
Admiralty Arch,Historical Landmark,FALSE,TRUE,London,20 7276 5000
Alexandra Palace,Performing Arts Venue,TRUE,FALSE,London,20 8365 2121
All Souls Langham Place,Place of Worship,TRUE,TRUE,London,20 7580 3522
Apsley House,Museum,FALSE,TRUE,London,1793 414926
ArcelorMittal Orbit,Historical Landmark,FALSE,FALSE,London,333 800 8099
Arenes de Lutece,Historical Landmark,FALSE,FALSE,Paris,1 45 35 02 56
Ballon Generali,Tourist Attraction,FALSE,TRUE,Paris,1 44 26 20 00
Bois de Vincennes,Park,FALSE,TRUE,Paris,1 49 57 15 15
Les Deux Plateaux,Historical Landmark,TRUE,TRUE,Paris,1 88 33 03 85
Les Invalides,Historical Landmark,TRUE,TRUE,Paris,1 44 42 38 77
Pyramide Inversee,Historical Landmark,FALSE,TRUE,Paris,1 40 20 53 17
Barbican Conservatory,Park,TRUE,TRUE,London,20 7638 4141
Choco-Story Paris - Musee du Chocolat,Museum,TRUE,FALSE,Paris,1 42 29 68 60
Cite de l'economie et de la monnaie,Museum,TRUE,FALSE,Paris,1 86 47 10 10
Conciergerie,Museum,FALSE,TRUE,Paris,1 53 40 60 80
Grand Palais,Museum,FALSE,TRUE,Paris,1 44 13 17 17
Aga Khan Museum,Museum,TRUE,TRUE,Toronto,416-646-4677
Allan Gardens,Park,TRUE,TRUE,Toronto,416-392-7288
Ashbridge's Bay,Park,TRUE,TRUE,Toronto,416-392-2489
Christie Pits,Park,TRUE,TRUE,Toronto,416-338-4386
EdgeWalk at the CN Tower,Tourist Attraction,TRUE,TRUE,Toronto,416-601-3833
Edwards Gardens,Park,TRUE,FALSE,Toronto,416-392-8188
Friends of Guild Park & Gardens,Park,TRUE,FALSE,Toronto,416-392-2489
Harbourfront Centre,Performing Arts Venue,TRUE,FALSE,Toronto,416-973-4000
Dolby Theatre,Performing Arts Venue,TRUE,FALSE,Los Angeles,323-308-6300
Skirball Cultural Center,Performing Arts Venue,TRUE,TRUE,Los Angeles,310-440-4500
Walt Disney Concert Hall,Performing Arts Venue,TRUE,TRUE,Los Angeles,323-850-2000
56 Signers of the Declaration of Independence Memorial,Nature Preserve,FALSE,TRUE,Washington D.C.,202-426-6841
Cathedral of St. Matthew the Apostle,Place of Worship,TRUE,FALSE,Washington D.C.,202-347-3215
Ford's Theatre,Performing Arts Venue,FALSE,FALSE,Washington D.C.,202-347-4833
Franklin Delano Roosevelt Memorial,Historical Landmark,TRUE,TRUE,Washington D.C.,202-376-6704
Georgetown Park,Nature Preserve,TRUE,TRUE,Washington D.C.,202-895-6000
"Hillwood Estate, Museum & Gardens",Museum,FALSE,TRUE,Washington D.C.,202-686-5807
Hirshhorn Museum,Museum,FALSE,TRUE,Washington D.C.,202-633-1000
Kenilworth Park & Aquatic Gardens,Nature Preserve,TRUE,FALSE,Washington D.C.,202-692-6080
Bazylika Archikatedralna w Warszawie p.w. Meczenstwa sw. Jana Chrzciciela,Place of Worship,FALSE,TRUE,Warsaw,22 831 02 89
Center for Biological Diversity Conservation in Powsin,Park,FALSE,TRUE,Warsaw,22 648 38 56
Center for Contemporary Art Ujazdowski Castle,Museum,TRUE,TRUE,Warsaw,22 628 12 71
City Zoological Garden in Warsaw,Nature Preserve,FALSE,TRUE,Warsaw,22 619 40 41
Copernicus Science Centre,Museum,TRUE,TRUE,Warsaw,22 596 41 00
Culture Park in Powsin,Park,TRUE,TRUE,Warsaw,22 648 48 11
Fryderyk Chopin Museum,Museum,TRUE,TRUE,Warsaw,22 441 61 91
Holy Cross Church,Place of Worship,TRUE,TRUE,Warsaw,22 556 88 21
Kosciol Akademicki sw. Anny,Place of Worship,TRUE,TRUE,Warsaw,22 826 89 91
Moczydlo Park,Nature Preserve,TRUE,TRUE,Warsaw,22 162 73 40
Estanquillo Museum,Museum,TRUE,TRUE,Mexico City,55 5521 3052
Former College of San Ildefonso,Museum,TRUE,TRUE,Mexico City,55 3602 0000
Interactive Museum of Economics,Museum,TRUE,TRUE,Mexico City,55 5130 4600
Memory and Tolerance Museum,Museum,FALSE,TRUE,Mexico City,55 5130 5555
Museo Casa Estudio Diego Rivera and Frida Kahlo,Museum,FALSE,FALSE,Mexico City,55 8647 5470
Museo Dolores Olmedo,Museum,FALSE,TRUE,Mexico City,55 5555 1221
City of Fashion and Design,Performing Arts Venue,TRUE,TRUE,Paris,1 76 77 25 30
Grevin Museum,Museum,TRUE,TRUE,Paris,1 47 70 85 05
Homme Museum,Museum,TRUE,TRUE,Paris,1 44 05 72 92
Acuario Inbursa,Nature Preserve,TRUE,FALSE,Mexico City,55 5395 4586
Casa Lamm Cultural Center,Performing Arts Venue,FALSE,TRUE,Mexico City,55 5525 3938
Central de Abastos Iztapalapa,Shopping Area,TRUE,TRUE,Mexico City,55 5600 6248
Centro Deportivo Chapultepec,Sports Venue,FALSE,TRUE,Mexico City,55 5254 3232
Diana the Huntress Fountain,Historical Landmark,FALSE,FALSE,Mexico City,800 008 9090
Maritime Museum of San Diego,Museum,TRUE,TRUE,San Diego,619-234-9153
San Diego Air & Space Museum,Museum,TRUE,TRUE,San Diego,619-234-8291
San Diego Natural History Museum,Museum,TRUE,TRUE,San Diego,877-946-7797
The San Diego Museum of Art,Museum,TRUE,TRUE,San Diego,619-232-7931
Design Museum,Museum,TRUE,TRUE,London,20 7403 6933
Geffrye Museum of the Home,Museum,TRUE,TRUE,London,20 7739 8543
Golden Hinde,Museum,TRUE,TRUE,London,20 7403 0123
Horniman Museum and Gardens,Museum,TRUE,TRUE,London,20 8699 1872
House of Illustration,Museum,TRUE,TRUE,London,20 3696 2020
Le Village Royal,Shopping Area,TRUE,TRUE,Paris,1 53 43 30 30
Angels Flight Railway,Historical Landmark,TRUE,TRUE,Los Angeles,213-626-1901
Autry Museum of the American West,Museum,FALSE,TRUE,Los Angeles,323-667-2000
Battleship USS Iowa Museum,Museum,TRUE,TRUE,Los Angeles,877-446-9261
Bradbury Building,Historical Landmark,FALSE,TRUE,Los Angeles,213-626-1893
California African American Museum,Museum,TRUE,FALSE,Los Angeles,213-744-7432
Cathedral of Our Lady of the Angels,Place of Worship,TRUE,FALSE,Los Angeles,213-680-5200
Alki Beach Park,Park,FALSE,TRUE,Seattle,206-684-4075
Bill Speidel's Underground Tour,Tourist Attraction,TRUE,TRUE,Seattle,206-682-4646
Burke Museum of Natural History and Culture,Museum,TRUE,TRUE,Seattle,206-685-3861
Carkeek Park,Park,TRUE,TRUE,Seattle,206-684-0877
Discovery Park,Park,FALSE,TRUE,Seattle,206-386-4236
Frye Art Museum,Museum,FALSE,TRUE,Seattle,206-223-1707
Gum Wall,Tourist Attraction,TRUE,TRUE,Seattle,206-587-2414
Kubota Garden,Park,FALSE,TRUE,Seattle,206-725-5060
Aquaria KLCC,Nature Preserve,TRUE,TRUE,Kuala Lumpur,3-2333 1888
Central Market Kuala Lumpur,Shopping Area,FALSE,TRUE,Kuala Lumpur,1-300-22-8688
Federal Territory Mosque,Place of Worship,FALSE,TRUE,Kuala Lumpur,3-6201 8791
ICC Pudu,Shopping Area,FALSE,TRUE,Kuala Lumpur,3-2111 1111
Jamek Mosque,Place of Worship,TRUE,FALSE,Kuala Lumpur,3-2691 2829
Kuala Lumpur Butterfly Park,Park,TRUE,TRUE,Kuala Lumpur,3-2693 4799
Menara Kuala Lumpur,Tourist Attraction,TRUE,TRUE,Kuala Lumpur,3-2034 2609
National Museum of Malaysia,Museum,FALSE,TRUE,Kuala Lumpur,3-2282 6255
Air And Space Museum,Museum,FALSE,TRUE,Rio de Janeiro,21 2157-2895
Aquario Marinho do Rio de Janeiro,Nature Preserve,TRUE,TRUE,Rio de Janeiro,21 2042-5312
Catedral Metropolitana de Sao Sebastiao do Rio de Janeiro,Place of Worship,FALSE,TRUE,Rio de Janeiro,21 2240-2669
Catete Palace,Museum,TRUE,TRUE,Rio de Janeiro,21 2127-0324
Cidade das Artes,Performing Arts Venue,FALSE,TRUE,Rio de Janeiro,21 3325-0102
Flamengo Park,Park,FALSE,TRUE,Rio de Janeiro,21 96967-9339
Fundicao Progresso,Performing Arts Venue,FALSE,TRUE,Rio de Janeiro,21 3212-0800
Maracana,Sports Venue,FALSE,TRUE,Rio de Janeiro,800 062 7222
Modern Art Museum,Museum,TRUE,TRUE,Rio de Janeiro,21 3883-5600
Municipal Theater of Rio de Janeiro,Performing Arts Venue,TRUE,TRUE,Rio de Janeiro,21 2332-9009
Akshardham,Place of Worship,FALSE,TRUE,Delhi,11 4344 2344
Adventure Island,Theme Park,TRUE,TRUE,Delhi,83770 02902
Kashmiri Gate,Historical Landmark,TRUE,TRUE,Delhi,11 2397 9261
Khan Market,Shopping Area,TRUE,TRUE,Delhi,85275 33160
National Gallery of Modern Art,Museum,TRUE,TRUE,Delhi,11 2338 2835
National War Memorial,Nature Preserve,TRUE,TRUE,Delhi,11 2338 8553
Raj Ghat,Historical Landmark,TRUE,TRUE,Delhi,11 2567 5609
Fun N Food Village,Theme Park,FALSE,TRUE,Delhi,99900 06518
Humayun's Tomb,Historical Landmark,FALSE,TRUE,Delhi,11 2435 5275
India Gate,Historical Landmark,FALSE,TRUE,Delhi,11 2336 5358
Jama Masjid,Place of Worship,FALSE,FALSE,Delhi,11 2326 8344
Jhandewalan Temple,Place of Worship,FALSE,FALSE,Delhi,11 2353 9977
Just Chill Water Park,Theme Park,FALSE,TRUE,Delhi,99104 99774
Balboa Park,Park,FALSE,FALSE,San Diego,619-239-0512
Belmont Park,Theme Park,TRUE,TRUE,San Diego,858-228-9283
Fiesta Island Park,Park,FALSE,TRUE,San Diego,619-525-8213
Japanese Friendship Garden,Park,TRUE,TRUE,San Diego,619-232-2721
Journey to Atlantis,Theme Park,FALSE,TRUE,San Diego,619-222-4732
La Jolla Shores Park,Park,FALSE,FALSE,San Diego,619-221-8899
Korean Friendship Bell,Historical Landmark,TRUE,TRUE,Los Angeles,310-548-7705
360 CHICAGO,Tourist Attraction,FALSE,TRUE,Chicago,888-875-8439
Big Bus Tours Chicago (Tours begin at 98 E. Upper Wacker Dr.),Tourist Attraction,TRUE,TRUE,Chicago,877-285-4796
Chicago History Museum,Museum,FALSE,TRUE,Chicago,800-526-0857
Chicago Riverwalk,Park,FALSE,TRUE,Chicago,877-300-6746
Chicago Water Tower,Tourist Attraction,FALSE,TRUE,Chicago,312-742-0808
DuSable Museum of African American History,Museum,TRUE,TRUE,Chicago,773-947-0600
Frederick C. Robie House,Museum,TRUE,TRUE,Chicago,312-994-4000
Fenton House,Historical Landmark,TRUE,TRUE,London,20 7435 3471
Guildhall,Historical Landmark,FALSE,TRUE,London,20 7606 3030
London Wall,Historical Landmark,FALSE,TRUE,London,370 333 1181
Millennium Bridge,Historical Landmark,TRUE,TRUE,London,20 7606 3030
Old Royal Naval College,Historical Landmark,TRUE,TRUE,London,20 8269 4799
The London Dungeon,Historical Landmark,TRUE,TRUE,London,20 7654 0809
The Shard,Historical Landmark,FALSE,TRUE,London,844 499 7111
Cambridge Theatre,Performing Arts Venue,TRUE,TRUE,London,20 7087 7745
Dominion Theatre,Performing Arts Venue,TRUE,TRUE,London,845 200 7982
ExCeL London,Performing Arts Venue,FALSE,TRUE,London,20 7055 1920
Leicester Square,Performing Arts Venue,FALSE,TRUE,London,20 7734 4507
Royal Albert Hall,Performing Arts Venue,FALSE,TRUE,London,20 7589 8212
Royal Opera House,Performing Arts Venue,FALSE,TRUE,London,20 7212 9254
Battersea Park,Park,FALSE,TRUE,London,20 8871 7530
Brockwell Park,Park,TRUE,FALSE,London,20 7926 9000
Burgess Park,Park,FALSE,TRUE,London,20 7525 2000
Chelsea Physic Garden,Park,FALSE,TRUE,London,20 7352 5646
Crystal Palace Park,Park,FALSE,FALSE,London,300 303 8658
Dukes Meadows,Park,FALSE,TRUE,London,20 8994 3314
Finsbury Park,Park,FALSE,TRUE,London,20 8489 1000
Garden at Buckingham Palace,Park,FALSE,TRUE,London,20 7930 4832
Art Gallery of Ontario,Museum,FALSE,TRUE,Toronto,877-225-4246
BAPS Shri Swaminarayan Mandir,Place of Worship,FALSE,TRUE,Toronto,416-798-2277
Brookfield Place,Shopping Area,FALSE,TRUE,Toronto,416-777-6480
Centennial Park,Park,FALSE,TRUE,Toronto,416-394-8750
California Academy of Sciences,Museum,FALSE,TRUE,San Francisco,415-379-8000
Cartoon Art Museum,Museum,TRUE,TRUE,San Francisco,415-227-8666
Children's Creativity Museum,Museum,TRUE,TRUE,San Francisco,415-820-3320
Exploratorium,Museum,FALSE,TRUE,San Francisco,415-528-4444
Madame Tussauds,Museum,TRUE,TRUE,San Francisco,415-757-2707
Museum of the African Diaspora,Museum,TRUE,TRUE,San Francisco,415-358-7252
USS Pampanito,Museum,TRUE,TRUE,San Francisco,415-775-1943
Long Beach Museum of Art,Museum,FALSE,FALSE,Long Beach,800-708-2538
Museum of Latin American Art (MOLAA),Museum,TRUE,FALSE,Long Beach,562-437-1689
Lincoln Memorial,Historical Landmark,TRUE,TRUE,Washington D.C.,202-426-6841
National Academy of Sciences,Historical Landmark,TRUE,TRUE,Washington D.C.,202-334-2000
Thomas Jefferson Memorial,Historical Landmark,TRUE,TRUE,Washington D.C.,202-426-6841
"Gladstone Park, London",Park,TRUE,TRUE,London,20 8937 1234
Green Park,Park,TRUE,TRUE,London,20 7839 7639
Highbury Fields,Park,TRUE,TRUE,London,20 7527 2000
Holland Park,Park,TRUE,TRUE,London,20 7602 2226
Hyde Park,Park,TRUE,TRUE,London,300 061 2000
Saint Dunstan in the East Church Garden,Park,TRUE,TRUE,London,20 7374 4127
Bo-Kaap,Museum,TRUE,TRUE,Cape Town,21 481 3938
Cape Town Stadium,Sports Venue,FALSE,TRUE,Cape Town,21 417 0120
Cape of Good Hope,Nature Preserve,FALSE,TRUE,Cape Town,21 780 9526
District Six Museum,Museum,TRUE,TRUE,Cape Town,21 466 7200
Kirstenbosch National Botanical Garden,Park,TRUE,TRUE,Cape Town,21 799 8783
Oranjezicht City Farm - Market,Shopping Area,TRUE,TRUE,Cape Town,83 628 3426
Rush Trampoline Park,Sports Venue,TRUE,TRUE,Cape Town,21 683 3841
Two Oceans Aquarium,Nature Preserve,TRUE,TRUE,Cape Town,21 418 3823
Zeitz Museum of Contemporary Art Africa,Museum,FALSE,TRUE,Cape Town,87 350 4777
9/11 Tribute Museum,Museum,FALSE,TRUE,New York,866-737-1184
American Folk Art Museum,Museum,FALSE,TRUE,New York,212-595-9533
American Museum of Natural History,Museum,FALSE,TRUE,New York,212-769-5100
Brooklyn Museum,Museum,FALSE,TRUE,New York,718-638-5000
David Zwirner,Museum,TRUE,TRUE,New York,212-727-2070
El Museo del Barrio,Museum,FALSE,TRUE,New York,917-634-0340
Gavin Brown's enterprise,Museum,FALSE,TRUE,New York,212-627-5258
ANZ Stadium,Sports Venue,TRUE,TRUE,Sydney,2 8765 2000
Art Gallery of New South Wales,Museum,FALSE,TRUE,Sydney,2 9225 1700
Australian National Maritime Museum,Museum,TRUE,TRUE,Sydney,2 9298 3777
"Bicentennial Park, Homebush Bay",Park,TRUE,TRUE,Sydney,2 9714 7888
Bondi to Bronte Coastal Walk,Tourist Attraction,FALSE,TRUE,Sydney,406 333 665
Bondi to Coogee Walk,Tourist Attraction,TRUE,TRUE,Sydney,481 865 553
BridgeClimb Sydney,Tourist Attraction,FALSE,TRUE,Sydney,2 8274 7777
Capitol Theatre,Performing Arts Venue,FALSE,TRUE,Sydney,2 9320 5000
Arizona Capitol Museum,Museum,FALSE,TRUE,Phoenix,602-926-3620
Arizona Science Center,Museum,TRUE,TRUE,Phoenix,602-716-2000
Castles N' Coasters,Theme Park,FALSE,TRUE,Phoenix,602-997-7575
Desert Botanical Garden,Park,FALSE,TRUE,Phoenix,480-941-1225
Dream City Church * Phoenix,Place of Worship,TRUE,TRUE,Phoenix,602-867-7117
Encanto Park,Park,TRUE,FALSE,Phoenix,602-261-8991
Enchanted Island Amusement Park,Theme Park,FALSE,TRUE,Phoenix,602-254-1200
Heard Museum,Museum,TRUE,FALSE,Phoenix,602-252-8840
Hole in the Rock,Historical Landmark,FALSE,TRUE,Phoenix,602-495-5458
Exposition Park,Park,FALSE,TRUE,Los Angeles,213-744-7458
Grand Park,Park,TRUE,TRUE,Los Angeles,213-972-8080
Lake Hollywood Park,Park,FALSE,TRUE,Los Angeles,818-243-1145
Runyon Canyon Park,Park,TRUE,TRUE,Los Angeles,818-243-1145
Los Angeles County Museum of Art,Museum,TRUE,TRUE,Los Angeles,323-857-6000
Museum of Death,Museum,FALSE,TRUE,Los Angeles,323-466-8011
Natural History Museum of Los Angeles County (NHM),Museum,TRUE,TRUE,Los Angeles,213-763-3499
92nd Street Y,Performing Arts Venue,FALSE,TRUE,New York,212-415-5500
Alley Pond Park,Park,TRUE,TRUE,New York,212-639-9675
Astoria Park,Park,TRUE,TRUE,New York,212-639-9675
Balto Statue,Tourist Attraction,FALSE,FALSE,New York,212-310-6600
Bayonne Bridge,Historical Landmark,FALSE,TRUE,New York,212-435-7000
Bethesda Terrace,Tourist Attraction,FALSE,TRUE,New York,212-310-6600
Bank of England Museum,Museum,FALSE,FALSE,London,20 3461 5545
Camden Arts Centre,Museum,FALSE,FALSE,London,20 7472 5500
Hoyt Arboretum,Park,TRUE,TRUE,Portland,503-865-8733
International Rose Test Garden,Park,FALSE,TRUE,Portland,503-823-3636
Laurelhurst Park,Park,TRUE,TRUE,Portland,503-823-2525
Mt Tabor Park,Park,TRUE,TRUE,Portland,503-823-7529
Oaks Amusement Park,Theme Park,TRUE,TRUE,Portland,503-233-5777
Oregon Zoo,Nature Preserve,FALSE,TRUE,Portland,503-226-1561
Pioneer Courthouse Square,Park,TRUE,TRUE,Portland,503-223-1613
Portland Art Museum,Museum,FALSE,TRUE,Portland,503-276-4249
Museum of Contemporary Art Australia,Museum,FALSE,TRUE,Sydney,2 9245 2400
Museum of Sydney,Museum,TRUE,TRUE,Sydney,2 9251 5988
Powerhouse Museum,Museum,TRUE,TRUE,Sydney,2 9217 0111
Sydney Jewish Museum,Museum,FALSE,TRUE,Sydney,2 9360 7999
White Rabbit Gallery,Museum,TRUE,FALSE,Sydney,2 8399 2867
One Liberty Observation Deck,Tourist Attraction,TRUE,FALSE,Philadelphia,215-561-3325
Rocky Steps,Tourist Attraction,TRUE,TRUE,Philadelphia,215-763-8100
Angel Stadium of Anaheim,Sports Venue,TRUE,TRUE,Anaheim,714-940-2000
Cars Land,Tourist Attraction,TRUE,TRUE,Anaheim,714-781-4565
Disney California Adventure Park,Theme Park,FALSE,TRUE,Anaheim,714-781-7290
Disneyland Park,Theme Park,TRUE,TRUE,Anaheim,714-781-4636
Downtown Disney District,Tourist Attraction,TRUE,TRUE,Anaheim,714-781-4565
Honda Center,Sports Venue,TRUE,TRUE,Anaheim,714-704-2400
Matterhorn Bobsleds,Theme Park,TRUE,TRUE,Anaheim,714-781-4565
Mickey's Toontown,Tourist Attraction,FALSE,TRUE,Anaheim,714-781-4636
Pixar Pier,Tourist Attraction,TRUE,FALSE,Anaheim,714-781-4636
Alcatraz,Historical Landmark,TRUE,TRUE,San Francisco,415-561-4900
Coit Tower,Historical Landmark,FALSE,TRUE,San Francisco,415-249-0995
Ferry Plaza Farmers Market,Shopping Area,FALSE,TRUE,San Francisco,415-291-3276
Bloedel Conservatory,Park,FALSE,FALSE,Vancouver,604-257-8584
FlyOver Canada,Theme Park,FALSE,TRUE,Vancouver,855-463-4822
Jericho Beach,Park,FALSE,TRUE,Vancouver,604-873-7000
John Hendry Park,Park,TRUE,TRUE,Vancouver,604-873-7000
Museum of Vancouver,Museum,TRUE,TRUE,Vancouver,604-736-4431
Playland / PNE Events,Theme Park,TRUE,TRUE,Vancouver,604-253-2311
"Queen Elizabeth Park, British Columbia",Park,TRUE,TRUE,Vancouver,604-873-7000
Science World at TELUS World of Science,Museum,TRUE,FALSE,Vancouver,604-443-7440
Aquarium of the Pacific,Nature Preserve,FALSE,FALSE,Long Beach,562-590-3100
Earl Burns Miller Japanese Garden,Park,TRUE,TRUE,Long Beach,562-985-8885
El Dorado Nature Center,Park,FALSE,TRUE,Long Beach,562-570-3100
Harry Bridges Memorial Park,Park,TRUE,TRUE,Long Beach,562-570-5333
Rosie's Dog Beach,Park,TRUE,TRUE,Long Beach,562-570-3100
The Queen Mary,Historical Landmark,TRUE,TRUE,Long Beach,877-342-0738
Museo Jumex,Museum,FALSE,TRUE,Mexico City,55 5395 2615
Sydney Harbour Bridge,Historical Landmark,FALSE,FALSE,Sydney,2 8274 7777
Lan Su Chinese Garden,Park,FALSE,FALSE,Portland,503-228-8131
OMSI,Museum,TRUE,FALSE,Portland,503-797-4000
Bruce Lee and Brandon Lee Grave Sites,Tourist Attraction,TRUE,FALSE,Seattle,206-322-1582
Chihuly Garden and Glass,Museum,TRUE,FALSE,Seattle,206-753-4940
Fremont Troll,Historical Landmark,TRUE,FALSE,Seattle,206-684-2489
Blackbeard's Family Entertainment,Theme Park,TRUE,FALSE,Fresno,559-292-9000
Christmas Tree Lane,Tourist Attraction,FALSE,TRUE,Fresno,559-348-9200
Forestiere Underground Gardens,Historical Landmark,FALSE,FALSE,Fresno,559-271-0734
Koala Park Sanctuary Sydney,Nature Preserve,TRUE,FALSE,Sydney,2 9484 3141
Madame Tussauds Sydney,Tourist Attraction,TRUE,TRUE,Sydney,1800 205 851
Mrs Macquarie's Chair,Tourist Attraction,TRUE,TRUE,Sydney,2 9231 8111
Sunset Beach,Park,TRUE,TRUE,Vancouver,604-873-7000
The Orpheum,Performing Arts Venue,TRUE,TRUE,Vancouver,604-665-3035
VanDusen Botanical Garden,Park,TRUE,TRUE,Vancouver,604-257-8335
Vancouver Aquarium,Nature Preserve,TRUE,FALSE,Vancouver,604-659-3502
Al-Farooq Masjid,Place of Worship,TRUE,TRUE,Atlanta,678-886-3457
Atlanta Botanical Garden,Park,TRUE,TRUE,Atlanta,404-876-5859
CNN Studio Tours,Tourist Attraction,TRUE,TRUE,Atlanta,877-426-6868
Chick-fil-A College Football Hall of Fame,Museum,TRUE,FALSE,Atlanta,404-880-4800
Children's Museum of Atlanta,Museum,FALSE,FALSE,Atlanta,404-659-5437
Fox Theatre,Performing Arts Venue,TRUE,TRUE,Atlanta,800-651-2316
Chicago Cultural Center,Performing Arts Venue,FALSE,FALSE,Chicago,312-744-6630
Philadelphia Museum of Art,Museum,TRUE,TRUE,Philadelphia,215-763-8100
Simeone Foundation Automotive Museum,Museum,TRUE,TRUE,Philadelphia,215-365-7233
Parque El Batan,Park,FALSE,TRUE,Mexico City,55 5595 6337
Parque Hundido,Park,TRUE,TRUE,Mexico City,55 5605 4327
Parque Tezozomoc,Park,FALSE,TRUE,Mexico City,55 5382 7209
Korean War Veterans Memorial,Nature Preserve,FALSE,TRUE,Washington D.C.,202-426-6841
Madame Tussauds Washington DC,Tourist Attraction,FALSE,TRUE,Washington D.C.,202-942-7300
Tom McCall Waterfront Park,Park,FALSE,FALSE,Portland,503-823-7529
California State Capitol Museum,Museum,TRUE,FALSE,Sacramento,916-445-2841
California State Railroad Museum,Museum,TRUE,FALSE,Sacramento,916-323-9280
Crocker Art Museum,Museum,TRUE,TRUE,Sacramento,916-808-7000
Fairytale Town,Theme Park,FALSE,TRUE,Sacramento,916-808-5233
Old Sacramento Waterfront District,Historical Landmark,TRUE,TRUE,Sacramento,916-970-5226
Raging Waters Sacramento,Theme Park,TRUE,TRUE,Sacramento,916-924-3747
Sacramento Zoo,Nature Preserve,FALSE,TRUE,Sacramento,916-808-5888
Sutter's Fort State Historic Park,Nature Preserve,FALSE,TRUE,Sacramento,916-445-4422
Hurricane Harbor Phoenix,Theme Park,FALSE,TRUE,Phoenix,623-201-2000
Bronx Zoo,Nature Preserve,FALSE,FALSE,New York,718-367-1010
Castle Clinton National Monument,Nature Preserve,FALSE,TRUE,New York,212-344-7220
Central Park Zoo,Nature Preserve,TRUE,TRUE,New York,212-439-6500
Fort Tilden,Nature Preserve,FALSE,TRUE,New York,718-338-3799
New York Aquarium,Nature Preserve,FALSE,TRUE,New York,718-220-5100
Prospect Park Zoo,Nature Preserve,FALSE,TRUE,New York,718-399-7339
Queens Zoo,Nature Preserve,TRUE,TRUE,New York,718-271-1500
Riverbank State Park,Nature Preserve,TRUE,FALSE,New York,212-694-3600
Staten Island Zoo,Nature Preserve,TRUE,TRUE,New York,718-442-3101
Mission Beach,Park,TRUE,TRUE,San Diego,858-488-1549
Old Town San Diego State Historic Park,Nature Preserve,TRUE,TRUE,San Diego,619-220-5422
Lavatory,Museum,TRUE,FALSE,Phoenix,480-968-7895
Oasis Water Park,Theme Park,TRUE,TRUE,Phoenix,602-438-9000
Phoenix Zoo,Nature Preserve,TRUE,TRUE,Phoenix,602-286-3800
Brooklyn Botanic Garden,Park,TRUE,TRUE,New York,718-623-7200
Brooklyn Heights Promenade,Park,TRUE,TRUE,New York,212-639-9675
Carnegie Hall,Performing Arts Venue,TRUE,FALSE,New York,212-903-9765
Central Park Carousel,Theme Park,TRUE,TRUE,New York,212-439-6900
Circle Line Sightseeing Cruises,Tourist Attraction,TRUE,TRUE,New York,212-563-3200
Alte Nationalgalerie,Museum,FALSE,TRUE,Berlin,30 266424242
Altes Museum,Museum,FALSE,TRUE,Berlin,30 266424242
Berggruen Museum,Museum,TRUE,TRUE,Berlin,30 266424242
Berlin Museum of Medical History of the Charite,Museum,TRUE,TRUE,Berlin,30 450536156
Berlin Story Bunker,Museum,FALSE,TRUE,Berlin,30 26555546
Berlin-Hohenschonhausen Memorial,Museum,FALSE,TRUE,Berlin,30 98608230
Berlinische Galerie,Museum,TRUE,TRUE,Berlin,30 78902600
Bode Museum,Museum,TRUE,FALSE,Berlin,30 266424242
Brohan Museum,Museum,TRUE,TRUE,Berlin,30 32690600
Brucke Museum,Museum,FALSE,TRUE,Berlin,30 83900860
Bartram's Garden,Park,FALSE,TRUE,Philadelphia,215-729-5281
Benjamin Franklin Museum,Museum,FALSE,TRUE,Philadelphia,267-514-1522
Betsy Ross House,Historical Landmark,FALSE,FALSE,Philadelphia,215-686-1252
Blue Cross RiverRink,Sports Venue,TRUE,FALSE,Philadelphia,215-925-7465
Cira Green,Park,TRUE,TRUE,Philadelphia,267-295-9565
Eastern State Penitentiary,Museum,TRUE,FALSE,Philadelphia,215-236-5111
Elfreth's Alley,Historical Landmark,FALSE,TRUE,Philadelphia,215-574-0560
National Archives Museum,Museum,FALSE,TRUE,Washington D.C.,202-357-5000
National Gallery of Art,Museum,TRUE,TRUE,Washington D.C.,202-737-4215
National Geographic Museum,Museum,FALSE,TRUE,Washington D.C.,202-857-7700
National Museum of African American History and Culture,Museum,FALSE,TRUE,Washington D.C.,844-750-3012
Independence Park,Park,TRUE,FALSE,Chicago,773-478-3538
International Museum of Surgical Science,Museum,TRUE,TRUE,Chicago,312-642-6502
Lincoln Park Zoo,Nature Preserve,TRUE,TRUE,Chicago,312-742-2000
Millennium Park,Park,TRUE,TRUE,Chicago,312-742-1168
Ogrod Botaniczny Uniwersytetu Warszawskiego,Park,TRUE,FALSE,Warsaw,22 553 05 11
Lazienki Park,Park,TRUE,TRUE,Warsaw,504 243 783
Botanical Garden and Botanical Museum,Park,FALSE,FALSE,Berlin,30 83850100
Britzer Garten,Park,FALSE,TRUE,Berlin,30 700906730
Gardens of the World,Park,TRUE,TRUE,Berlin,30 700906720
Grosser Tiergarten,Park,FALSE,TRUE,Berlin,30 901833101
Humboldthain,Park,TRUE,TRUE,Berlin,30 90250
Treptower Park,Park,TRUE,TRUE,Berlin,30 25002333
Volkspark Friedrichshain,Park,TRUE,TRUE,Berlin,30 3339509
La Feria Chapultepec Magico,Theme Park,TRUE,FALSE,Mexico City,55 5230 2121
Museo Nacional de las Culturas,Museum,TRUE,TRUE,Mexico City,55 5542 0422
Museum of Contemporary Photography,Museum,TRUE,TRUE,Chicago,312-663-5554
"Museum of Science and Industry, Chicago",Museum,FALSE,TRUE,Chicago,773-684-1414
The House of Tiles,Historical Landmark,FALSE,TRUE,Mexico City,55 5512 1331
DISCOVERY Children's Museum,Museum,FALSE,FALSE,Las Vegas,702-382-5437
Floyd Lamb Park,Park,FALSE,TRUE,Las Vegas,702-229-8100
Fremont Street Experience,Shopping Area,FALSE,TRUE,Las Vegas,702-678-5600
Las Vegas Natural History Museum,Museum,TRUE,TRUE,Las Vegas,702-384-3466
Old Las Vegas Mormon Fort State Historic Park,Nature Preserve,FALSE,FALSE,Las Vegas,702-486-3511
Springs Preserve,Nature Preserve,TRUE,TRUE,Las Vegas,702-822-7700
The Neon Museum,Museum,FALSE,TRUE,Las Vegas,702-387-6366
Madinah Masjid,Place of Worship,TRUE,TRUE,Toronto,416-465-7833
St. Michael's Cathedral Basilica,Place of Worship,FALSE,TRUE,Toronto,416-397-6367
Parc Georges-Brassens,Park,TRUE,TRUE,Paris,1 55 76 75 15
Parc floral de Paris,Park,TRUE,TRUE,Paris,1 49 57 25 50
Museum of King Jan III's Palace at Wilanow,Museum,TRUE,TRUE,Warsaw,22 544 27 00
Museum of Modern Art,Museum,TRUE,TRUE,Warsaw,22 596 40 10
Museum of Warsaw,Museum,TRUE,TRUE,Warsaw,22 277 44 02
Maggie Daley Park,Park,FALSE,FALSE,Chicago,312-552-3000
Pulaski Park,Park,TRUE,TRUE,Chicago,312-742-7559
The 606,Park,FALSE,TRUE,Chicago,312-742-4622
Union Park,Park,FALSE,TRUE,Chicago,312-746-5494
Borough Market,Shopping Area,TRUE,TRUE,London,20 7407 1002
Crystal Palace National Sports Centre,Sports Venue,TRUE,TRUE,London,20 8778 0131
Columbus Park,Park,TRUE,TRUE,New York,212-639-9675
Coney Island Beach & Boardwalk,Park,TRUE,TRUE,New York,718-946-1350
Crotona Park,Park,TRUE,TRUE,New York,212-639-9675
Foley Square,Park,TRUE,TRUE,New York,212-639-9675
Fort Greene Park,Park,TRUE,TRUE,New York,212-639-9675
Sutro Baths,Historical Landmark,TRUE,TRUE,San Francisco,415-426-5240
Kerry Park,Park,TRUE,FALSE,Seattle,206-684-4075
Magnuson Park,Park,FALSE,TRUE,Seattle,206-684-4075
High Museum of Art,Museum,TRUE,FALSE,Atlanta,404-733-4200
Krog Street Tunnel,Tourist Attraction,TRUE,TRUE,Atlanta,404-492-0847
Georgia Aquarium,Nature Preserve,FALSE,TRUE,Atlanta,404-581-4000
Zoo Atlanta,Nature Preserve,FALSE,TRUE,Atlanta,404-624-5936
Alcatraz Island,Historical Landmark,FALSE,FALSE,San Francisco,415-561-4900
The Painted Ladies,Historical Landmark,FALSE,TRUE,San Francisco,415-831-2700
The San Francisco Mint,Historical Landmark,TRUE,FALSE,San Francisco,415-890-2357
Contemporary Jewish Museum,Museum,TRUE,FALSE,San Francisco,415-655-7800
Museum of Pop Culture,Museum,TRUE,TRUE,Seattle,206-770-2702
Griffith Park,Park,TRUE,FALSE,Los Angeles,323-913-4688
Hollywood Walk of Fame,Tourist Attraction,FALSE,TRUE,Los Angeles,323-469-8311
Hollywood Wax Museum(r),Tourist Attraction,FALSE,TRUE,Los Angeles,323-462-5991
OUE Skyspace LA,Tourist Attraction,FALSE,TRUE,Los Angeles,213-894-9000
"Public Art ""Urban Light""",Tourist Attraction,TRUE,TRUE,Los Angeles,323-857-6010
The Venice Beach Boardwalk,Tourist Attraction,TRUE,TRUE,Los Angeles,310-396-6764
AquaDom & SEA LIFE Berlin,Nature Preserve,FALSE,TRUE,Berlin,180 6 66690101
Aquarium Berlin,Nature Preserve,FALSE,FALSE,Berlin,30 254010
BeachMitte,Sports Venue,FALSE,TRUE,Berlin,177 2806861
Berlin Cathedral Church,Place of Worship,TRUE,FALSE,Berlin,30 20269122
Berlin Dungeon,Tourist Attraction,TRUE,TRUE,Berlin,180 6 255544
Berlin Palace,Performing Arts Venue,FALSE,FALSE,Berlin,30 265950521
Berlin State Opera,Performing Arts Venue,TRUE,TRUE,Berlin,30 20354555
SeaWorld San Diego,Theme Park,FALSE,FALSE,San Diego,619-222-4732
Fort Funston,Park,TRUE,FALSE,San Francisco,415-561-4700
Deno's Wonder Wheel Amusement Park,Theme Park,FALSE,TRUE,New York,718-372-2592
Jane's Carousel,Theme Park,FALSE,TRUE,New York,718-222-2502
Luna Park,Theme Park,TRUE,TRUE,New York,718-373-5862
The Cyclone Roller Coaster Coney Island NY,Theme Park,FALSE,TRUE,New York,718-373-5862
Victorian Gardens Amusement Park,Theme Park,FALSE,TRUE,New York,212-982-2229
Randall Museum,Museum,TRUE,FALSE,San Francisco,415-554-9600
The Walt Disney Family Museum,Museum,TRUE,FALSE,San Francisco,415-345-6800
Carl Schurz Park,Park,FALSE,TRUE,New York,212-459-4455
"Martin Luther King, Jr. National Historical Park",Historical Landmark,TRUE,TRUE,Atlanta,404-331-5190
Swan House at Atlanta History Center,Historical Landmark,TRUE,TRUE,Atlanta,404-814-4000
Museum of Arts and Design,Museum,TRUE,TRUE,New York,212-299-7777
Museum of the City of New York,Museum,TRUE,TRUE,New York,212-534-1672
Neue Galerie,Museum,TRUE,TRUE,New York,212-994-9493
New York Transit Museum,Museum,TRUE,TRUE,New York,718-694-1600
Solomon R. Guggenheim Museum,Museum,TRUE,TRUE,New York,212-423-3500
Staten Island Children's Museum,Museum,TRUE,TRUE,New York,718-273-2060
Sunset Cliffs Natural Park,Park,FALSE,FALSE,San Diego,619-525-8213
National Center for Civil and Human Rights,Museum,FALSE,TRUE,Atlanta,678-999-8990
World of Coca-Cola,Museum,TRUE,TRUE,Atlanta,404-676-5151
Seward Park,Park,FALSE,TRUE,Seattle,206-684-4396
Children's Museum Of Manhattan,Museum,FALSE,FALSE,New York,212-721-1223
Ellis Island National Museum of Immigration,Museum,TRUE,FALSE,New York,832-960-0009
Hollyhock House,Historical Landmark,FALSE,TRUE,Los Angeles,323-988-0516
Stahl House,Historical Landmark,FALSE,TRUE,Los Angeles,208-429-1058
Lafayette Anticipations - Galeries Lafayette Corporate Foundation,Museum,TRUE,TRUE,Paris,1 57 40 64 17
Museum of the Art and History of Judaism,Museum,TRUE,TRUE,Paris,1 53 01 86 53
Musee Cernuschi,Museum,TRUE,TRUE,Paris,1 53 96 21 50
Musee National Picasso-Paris,Museum,TRUE,TRUE,Paris,1 85 56 00 36
Yerba Buena Gardens,Nature Preserve,TRUE,FALSE,San Francisco,415-820-3550
War Memorial Opera House,Performing Arts Venue,FALSE,FALSE,San Francisco,415-865-2000
Museum Of 3D Illusions,Museum,FALSE,FALSE,San Francisco,888-386-5585
Japanese Tea Garden,Park,FALSE,TRUE,San Francisco,415-752-1171
Lafayette Park,Park,FALSE,TRUE,San Francisco,415-601-7277
Lake Merced Park,Park,FALSE,FALSE,San Francisco,415-831-5500
Mission Dolores Park,Park,FALSE,TRUE,San Francisco,415-554-9521
Salesforce Park,Park,FALSE,TRUE,San Francisco,415-597-5000
Sigmund Stern Recreation Grove,Park,FALSE,TRUE,San Francisco,415-242-5649
Pantheon,Historical Landmark,TRUE,FALSE,Paris,1 44 32 18 00
San Diego Zoo,Nature Preserve,FALSE,FALSE,San Diego,619-231-1515
San Diego Zoo Safari Park,Nature Preserve,FALSE,TRUE,San Diego,760-747-8702
FDR Park,Nature Preserve,TRUE,TRUE,Philadelphia,215-683-3600
Franklin Square,Park,TRUE,TRUE,Philadelphia,215-629-4026
Independence National Historical Park,Nature Preserve,FALSE,TRUE,Philadelphia,215-965-2305
Banqueting House,Tourist Attraction,TRUE,FALSE,London,333 320 6000
Muzeum Czar PRL,Museum,TRUE,TRUE,Warsaw,511 044 808
"Muzeum Rzezby im. Xawerego Dunikowskiego w Krolikarni, Oddzial Muzeum Narodowego w Warszawie",Museum,FALSE,TRUE,Warsaw,22 843 15 86
National Museum of Ethnography,Museum,TRUE,TRUE,Warsaw,22 827 76 41
Neon Museum,Museum,TRUE,TRUE,Warsaw,665 711 635
Perdana Botanical Gardens,Park,TRUE,TRUE,Kuala Lumpur,3-2276 0432
Petronas Twin Towers - KLCC,Tourist Attraction,TRUE,TRUE,Kuala Lumpur,3-2331 8080
Rich Mix,Performing Arts Venue,TRUE,FALSE,London,20 7613 7498
Bronx Little Italy,Tourist Attraction,FALSE,FALSE,New York,718-294-8259
Madame Tussauds New York,Tourist Attraction,FALSE,TRUE,New York,(866) 841-3505
National Geographic Encounter,Tourist Attraction,TRUE,TRUE,New York,646-308-1337
One World Observatory,Tourist Attraction,TRUE,FALSE,New York,844-696-1776
Strawberry Fields,Tourist Attraction,FALSE,TRUE,New York,212-639-9675
Ripley's Aquarium of Canada,Tourist Attraction,TRUE,FALSE,Toronto,647-351-3474
Taman Burung Kuala Lumpur,Nature Preserve,FALSE,TRUE,Kuala Lumpur,3-2272 1010
Greenwich Market,Shopping Area,TRUE,TRUE,London,7851 018007
Maltby Street Market,Shopping Area,TRUE,TRUE,London,20 7394 8061
Southbank Centre Food Market,Shopping Area,TRUE,TRUE,London,20 3879 9555
Rittenhouse Square,Park,TRUE,TRUE,Philadelphia,267-586-5675
Spruce Street Harbor Park,Park,TRUE,TRUE,Philadelphia,215-922-2386
Nomadic Community Garden,Tourist Attraction,FALSE,TRUE,London,7884 401513
Parliament Hill Viewpoint,Tourist Attraction,FALSE,TRUE,London,20 7332 3322
Speakers' Corner,Tourist Attraction,TRUE,TRUE,London,7722 523629
Spencer House,Tourist Attraction,FALSE,TRUE,London,20 7514 1958
The London Bridge Experience & London Tombs,Tourist Attraction,FALSE,TRUE,London,20 7403 6333
The Thames Barrier,Tourist Attraction,FALSE,TRUE,London,20 8305 4188
National Science Centre,Museum,FALSE,TRUE,Kuala Lumpur,3-2089 3400
The Broad,Museum,TRUE,TRUE,Los Angeles,213-232-6250
The Getty,Museum,TRUE,TRUE,Los Angeles,310-440-7300
Lloyd Park,Park,TRUE,FALSE,London,20 8496 3000
The Concourse,Performing Arts Venue,TRUE,TRUE,Sydney,2 8075 8100
Palais Garnier,Performing Arts Venue,FALSE,TRUE,Paris,1 40 07 00 43
Giraffe Centre,Nature Preserve,TRUE,TRUE,Nairobi,20 891078
Nairobi National Park,Nature Preserve,FALSE,TRUE,Nairobi,20 2423423
Vancouver Maritime Museum,Museum,TRUE,TRUE,Vancouver,604-257-8300
S. R. Crown Hall,Historical Landmark,FALSE,TRUE,Chicago,312-567-3230
The Merchandise Mart,Historical Landmark,TRUE,TRUE,Chicago,800-677-6278
Tribune Tower,Historical Landmark,FALSE,FALSE,Chicago,312-222-3994
Untitled by Picasso,Historical Landmark,TRUE,FALSE,Chicago,312-744-5000
Yankee Stadium Tours,Tourist Attraction,FALSE,TRUE,New York,646-977-8687
Computerspiele Museum,Museum,TRUE,TRUE,Berlin,30 60988577
Duppel,Museum,TRUE,TRUE,Berlin,30 24002162
Fleamarket at Mauerpark,Shopping Area,TRUE,TRUE,Berlin,30 29772486
Earl Bales Park,Park,FALSE,TRUE,Toronto,416-392-2489
Humber Bay Park,Park,TRUE,TRUE,Toronto,416-392-2489
Empire State Building,Historical Landmark,TRUE,TRUE,New York,212-736-3100
Morris-Jumel Mansion,Historical Landmark,TRUE,TRUE,New York,212-923-8008
Stonewall National Monument,Historical Landmark,TRUE,TRUE,New York,212-668-2577
Time Warner Center,Historical Landmark,TRUE,TRUE,New York,212-823-6300
Royal Festival Hall,Performing Arts Venue,TRUE,FALSE,London,20 3879 9555
The Criterion Theatre,Performing Arts Venue,TRUE,TRUE,London,20 7839 8811
"Theatre Royal, Drury Lane",Performing Arts Venue,TRUE,FALSE,London,844 412 4660
"The Royal Mews, Buckingham Palace",Tourist Attraction,TRUE,FALSE,London,303 123 7302
Witch's Castle,Historical Landmark,FALSE,FALSE,Portland,503-823-4000
L'eglise de la Madeleine,Place of Worship,FALSE,FALSE,Paris,1 44 51 69 00
Saint-Germain-l'Auxerrois,Place of Worship,FALSE,TRUE,Paris,1 42 60 22 21
Saint-Nicolas du Chardonnet,Place of Worship,FALSE,TRUE,Paris,1 44 27 07 90
Saint-Etienne-du-Mont,Place of Worship,FALSE,TRUE,Paris,1 43 54 11 79
"Sainte-Clotilde, Paris",Place of Worship,FALSE,FALSE,Paris,1 45 56 09 92
Metiers Art Museum,Museum,TRUE,FALSE,Paris,1 53 01 82 00
National Debt Clock,Historical Landmark,FALSE,TRUE,New York,212-257-6600
Play City,Theme Park,FALSE,TRUE,Rio de Janeiro,21 2753-9489
Rio Water Planet,Theme Park,FALSE,TRUE,Rio de Janeiro,21 2428-9000
Milliken District Park,Park,TRUE,TRUE,Toronto,416-396-7757
Riverdale Farm,Park,TRUE,TRUE,Toronto,416-392-6794
Thomson Memorial Park,Park,TRUE,TRUE,Toronto,416-392-2489
Toronto Botanical Garden,Park,TRUE,TRUE,Toronto,416-397-1354
Wychwood Barns,Park,TRUE,TRUE,Toronto,416-338-4386
Seaport Village,Shopping Area,TRUE,TRUE,San Diego,619-530-0704
Featherdale Wildlife Park,Nature Preserve,FALSE,TRUE,Sydney,2 9622 1644
Yonge-Dundas Square,Performing Arts Venue,FALSE,TRUE,Toronto,416-979-9960
Museo Nacional de Antropologia,Museum,TRUE,TRUE,Mexico City,222 222 2222
Museo de Arte Moderno,Museum,TRUE,TRUE,Mexico City,55 8647 5530
Museo de Historia Natural,Museum,TRUE,TRUE,Mexico City,55 5515 2222
Museo del Caracol,Museum,TRUE,TRUE,Mexico City,55 5211 5239
Papalote Museo del Nino,Museum,TRUE,TRUE,Mexico City,55 5237 1773
Wet'n'Wild Sydney,Theme Park,TRUE,TRUE,Sydney,139697
Splash The Water Park,Theme Park,FALSE,TRUE,Delhi,92500 55222
Wellington Arch,Historical Landmark,TRUE,TRUE,London,1793 414926
"Shri Kalka Ji Temple, New Delhi",Place of Worship,TRUE,TRUE,Delhi,92050 84060
Madinah Masjid,Place of Worship,TRUE,FALSE,Toronto,416-465-7833
London Aquatics Centre,Sports Venue,FALSE,TRUE,London,20 8536 3150
London Stadium,Sports Venue,FALSE,TRUE,London,800 644 4990
Queen Elizabeth Olympic Park,Sports Venue,FALSE,TRUE,London,952 777 7659
